epoch_no,productive_pools,entity_pools,independent_pools,mpo_entities,active_entities,entity_stake_B,independent_stake_B,independent_share_pct
210,445,135,310,23,45,3922.147852410209,2115.636101288014,35.039943752743234
211,524,142,382,25,46,7209.909113201019,2919.73062485853,28.823637368744553
212,554,158,396,28,51,8433.514153187,3607.455487190243,29.959842063659757
213,565,161,404,28,51,9105.405643651822,3577.683107738352,28.208295139038647
214,553,169,384,28,52,9562.45952491212,3737.966959913045,28.104113534838888
215,511,170,341,29,53,10074.778489933144,3700.942301194073,26.86568897053871
216,498,172,326,29,53,10561.201065114004,3745.377877237103,26.17940943344487
217,481,172,309,29,53,10814.910778927097,3864.111512812035,26.324038726929576
218,485,174,311,29,53,10939.585321929046,3950.293088175387,26.53005605132864
219,483,175,308,29,54,11527.484270381956,4030.134272004855,25.904570555093205
220,481,176,305,30,55,11677.495477812134,4081.2014813667,25.898089746497455
221,486,176,310,30,55,11785.557272248192,4179.60505862135,26.179533737278998
222,481,176,305,30,55,12026.110416852822,4248.017689461047,26.10288957853874
223,479,176,303,30,55,12188.12836017748,4453.868920414382,26.762826873001284
224,478,177,301,30,56,12277.20992901662,4606.26346899612,27.282676736045904
225,487,182,305,32,57,12303.819177489,4696.612239131357,27.626429730128766
226,484,183,301,32,57,12426.842652426554,4683.979955930126,27.37437038031437
227,487,186,301,32,57,12352.966253440309,4812.137746353817,28.03442231641319
228,475,192,283,32,57,12375.37724185718,4874.167699067887,28.256790053074248
229,481,211,270,33,58,14359.603133204426,5037.772509598323,25.971412846600984
230,494,232,262,36,60,14282.844322322828,5238.32788512056,26.83408470277822
231,519,241,278,39,60,14429.596634974956,5361.949694613107,27.092121076952296
232,534,236,298,40,61,14533.213680951685,5323.150188989138,26.80828284501518
233,557,251,306,42,61,14371.129294461043,5431.822998095773,27.42935961188671
234,601,266,335,41,62,13914.53107488523,6071.910625711084,30.380148285874835
235,613,272,341,42,64,13783.508820147428,6319.84705171754,31.43677648646855
236,669,305,364,43,64,13709.208669946747,6569.610256633826,32.39641460589538
237,673,326,347,44,64,13823.011993904032,6546.181294449927,32.13765612501056
238,678,327,351,44,64,13773.44777124316,6714.260560553019,32.77214050403446
239,694,321,373,45,64,14491.591746520387,6744.536709483897,31.759728349057674
240,698,323,375,45,66,14499.249411814437,6821.501138247557,31.99465760940448
241,705,325,380,46,66,14563.322485811635,6953.204436750994,32.315644907634855
242,730,331,399,47,66,14562.617862258212,7077.682937859821,32.70602845696682
243,731,331,400,47,66,14696.002847355947,7035.199298797468,32.373723512772855
244,736,334,402,49,66,14797.282346700302,7039.830633281,32.23791826206427
245,742,351,391,49,66,14842.838247460291,7119.498101135253,32.41685214237479
246,744,353,391,49,67,14859.304373288807,7200.075383455842,32.639518712009206
247,793,362,431,49,68,14640.251616967513,7517.239649400961,33.92640240283397
248,804,365,439,50,68,14647.298564700171,7609.836321681011,34.1905477076358
249,797,366,431,51,68,14692.423911848127,7547.194049734828,33.935807992619125
250,824,369,455,53,68,14737.514022969124,8159.318382609652,35.63514043375557
251,832,376,456,53,71,14668.535108024493,8214.33729227483,35.89731720991191
252,838,381,457,54,71,14322.62451564919,8196.829267548877,36.398881369247924
253,851,401,450,55,71,14409.303324675948,8237.98788324466,36.37515766284458
254,854,417,437,55,71,14511.672609435464,8248.627331236856,36.24129450287551
255,855,417,438,56,72,14266.03607616978,8302.879582838625,36.789005321682446
256,862,418,444,56,72,13971.331610476884,8331.023023207783,37.35490337251166
257,878,425,453,56,72,14106.666667028449,8376.617431715345,37.257090178313284
258,881,426,455,56,72,14150.065904105246,8416.566026590666,37.29650952095409
259,892,430,462,56,72,14164.724446247881,8432.606554808002,37.31682540037131
260,890,419,471,56,72,14163.124524345923,8429.927454824452,37.31203496807961
261,897,418,479,58,72,14164.039950784156,8350.80574509168,37.09021975052372
262,904,418,486,59,72,14189.240121317453,8366.575361135889,37.09276380472446
263,906,419,487,59,72,14232.37547719915,8291.89901108894,36.8131680130273
264,915,421,494,59,72,14250.291614791464,8504.552813258386,37.374691091163164
265,918,421,497,59,72,14288.257637897206,8536.182287628792,37.39930668827604
266,929,422,507,59,73,14197.078014935723,8687.862410209947,37.963229306307646
267,934,425,509,59,75,14117.227489532474,8706.324654660479,38.14622982284398
268,953,426,527,59,75,14035.9164593943,8615.901126100433,38.03624629053031
269,947,427,520,60,75,14011.39027514838,8579.574641407957,37.9779025512992
270,947,428,519,61,75,14130.192247986963,8562.950572134767,37.73364773671677
271,953,432,521,62,75,14156.090665861166,8615.138242773028,37.833435680348444
272,950,433,517,62,75,14193.292419683303,8624.21427761014,37.79647965933598
273,952,433,519,62,75,14266.073099527832,8602.53307665631,37.61721641616782
274,956,434,522,62,75,14337.148526708404,8554.2279660959,37.3687793251963
275,959,434,525,62,75,14291.151277769875,8511.949737683566,37.32803591895287
276,963,436,527,63,75,14299.959188153058,8585.41750412771,37.51486208668599
277,965,440,525,63,75,14360.2860874271,8623.7265582222,37.52054391535765
278,967,441,526,63,75,14322.665910923117,8661.91103949498,37.68575361722034
279,988,443,545,63,75,14303.82305149098,8695.768717575127,37.80836114348223
280,999,442,557,63,75,14306.522275068935,8713.05085589719,37.850618716192955
281,1002,443,559,63,75,14314.196656873008,8723.103479665495,37.86512928149138
282,1005,446,559,64,75,14262.96517031842,8766.761140991852,38.0671529591142
283,1006,447,559,65,75,14296.267472616513,8764.43083614931,38.00592123794351
284,1007,447,560,65,75,14267.526167921207,8787.988253848409,38.11664356337485
285,1008,447,561,65,75,14122.150409008505,8814.944452635817,38.43095433753587
286,1017,449,568,66,75,14115.814421252038,8805.900304510953,38.41728426457342
287,1026,452,574,66,75,13985.05213380977,8834.855962152807,38.71556329236891
288,1028,453,575,66,75,14034.457434082033,8887.696041354853,38.773390339955654
289,1031,453,578,66,75,14070.339303153925,9027.811328895405,39.08456340382966
290,1028,453,575,66,75,14012.624370380332,9026.571539817029,39.17919520716339
291,1025,454,571,66,75,13989.064576573712,9018.898369814136,39.19903031324233
292,1028,455,573,66,75,14059.039759375475,9050.240090850892,39.16279585303581
293,1027,458,569,66,75,14100.432922966207,9078.898465303437,39.168077427367
294,1028,459,569,66,75,14102.280484999648,9063.621421583255,39.12483726354598
295,1029,459,570,66,75,14019.174511614512,9175.3675482767,39.558304382922294
296,1027,460,567,66,76,14013.216196407173,9213.316436944157,39.66720552905351
297,1028,461,567,66,76,13987.066837079503,9260.842066287343,39.835161539824156
298,1016,468,548,66,76,14009.65945056423,9270.333490445613,39.821032222544495
299,1018,468,550,66,76,14094.538815997365,9237.897649684848,39.592511751921506
300,1025,470,555,66,76,14397.327799063632,9254.374955256633,39.12773237252954
301,1031,471,560,66,76,14370.172416354364,9261.371447924264,39.19071687027492
302,1031,471,560,66,76,14381.064405231356,9228.086266726861,39.08690488255271
303,1031,471,560,66,76,14368.369493930202,9243.610046061169,39.14796737141569
304,1033,471,562,66,76,14406.954819586164,9214.833325140558,39.00988895795198
305,1030,471,559,66,76,14604.984864951814,9017.00958358552,38.172092552260544
306,1021,473,548,66,76,14652.056374535052,8942.543768867197,37.90080660200464
307,1021,478,543,67,76,14876.352081681727,8736.288674236983,36.99835509523498
308,1021,478,543,67,76,15007.259422693807,8579.742504247284,36.37487515718348
309,1016,478,538,67,76,15154.355439146366,8367.257980179751,35.57263624316239
310,1016,479,537,67,76,15184.778926160876,8351.926718367502,35.484688658240884
311,1009,480,529,67,76,15194.595913968711,8301.409405769104,35.33115222269508
312,1010,480,530,67,76,15217.832903537083,8288.00964160596,35.259359989708145
313,1010,480,530,67,76,15271.560561498844,8219.203739013401,34.98908606747278
314,1009,478,531,67,76,15172.57169680134,8202.752315077623,35.09150209387094
315,1013,479,534,67,76,15094.391454107088,8222.925761036937,35.26531669645232
316,1008,479,529,67,76,15123.498358029565,8200.119871244124,35.15800932186447
317,978,480,498,67,76,15447.231727873532,7904.011652142482,33.848354554459114
318,953,482,471,67,76,15429.274214444267,7919.669675044813,33.918749012926384
319,951,482,469,67,76,15381.83191090212,7949.357787861551,34.07180641235277
320,959,483,476,67,76,15343.623301770096,7988.223408732645,34.23742452900986
321,964,483,481,67,76,15294.52272729977,8017.815219609198,34.39301213747331
322,966,485,481,68,77,15258.031541882652,8019.51916122445,34.4517310412474
323,1027,489,538,68,77,13747.516926340568,9516.406877242676,40.90628458719807
324,1033,490,543,68,77,13577.928932293004,9553.442504482777,41.30080453982112
325,1040,490,550,68,77,13936.552726929156,9253.710443471424,39.903430053707226
326,1008,492,516,69,77,14310.248473368896,8749.759017888742,37.943435279480695
327,1013,494,519,69,77,14336.198559374856,8685.309230012146,37.726934784072256
328,1019,495,524,70,77,14442.623117894527,8542.733740991105,37.165982644679595
329,1029,518,511,70,77,15849.638272527052,8504.28926533812,34.91958022834617
330,1024,526,498,70,77,15809.071717604227,8531.72097496722,35.0511221336313
331,1026,526,500,70,77,15675.783938663506,8747.729954593144,35.816836155621324
332,1027,526,501,70,77,15725.640159854103,8762.928569650217,35.783751457440076
333,1024,526,498,70,77,15748.351723075824,8723.94714180259,35.64825352113863
334,1019,528,491,70,77,15791.863382889323,8738.180646454555,35.62236022080341
335,1019,528,491,70,77,15794.862222695427,8727.520756689408,35.59001897991052
336,1015,528,487,70,77,15814.812467431824,8703.205452392718,35.497182035076186
337,1014,529,485,70,77,15829.852170880016,8674.51051493832,35.39986175587667
338,1015,534,481,70,77,15730.215007182029,8646.616677377491,35.47063371182206
339,1021,536,485,70,77,15829.217756967051,8613.285588929222,35.23896659453801
340,1017,537,480,70,77,15811.333402876926,8423.551079772817,34.75795845366382
341,1022,537,485,70,77,15913.89019703028,8402.104000550264,34.55381643982411
342,1020,537,483,70,77,16006.644566316108,8413.60594826866,34.453397368891494
343,1021,538,483,70,77,16042.573420312316,8261.616179976189,33.99255978433495
344,1022,537,485,70,77,16130.082485951463,8238.288119695362,33.80729985199061
345,1028,543,485,70,77,16188.238039325877,8255.03832462539,33.77222513754272
346,1028,543,485,70,77,16163.170378323332,8237.394662010018,33.759032417461924
347,1031,543,488,70,77,16292.981620351198,8140.779674113132,33.31775069750515
348,1029,543,486,70,77,16298.06610351178,8135.028020056111,33.29512004870948
349,1028,543,485,70,77,16073.564871796409,8127.524906612418,33.583301334898756
350,1030,543,487,70,77,16089.789694301153,8119.970350842587,33.540069524445286
351,1029,545,484,70,77,16096.538298361775,8124.055719782072,33.54193424693166
352,1032,545,487,70,77,16083.167667140577,8123.322609149278,33.55844864922874
353,1038,545,493,70,77,16097.795568157046,8123.621410993377,33.53900152904397
354,1031,545,486,70,77,16110.404130308169,8119.746105078996,33.51091935542534
355,1032,549,483,70,77,16187.833235768288,8105.751262578149,33.365810068620675
356,1037,548,489,70,77,16167.654677356753,8095.676475731974,33.36589038270367
357,1036,549,487,70,77,16197.528395039652,8077.97374184276,33.276237485401715
358,1038,550,488,70,78,16245.3335329942,8073.844103368542,33.19949475304747
359,1034,550,484,70,78,16276.1274105305,8109.047088607735,33.25400475971294
360,1037,554,483,70,78,16277.702157846288,8121.712588616286,33.28650573388762
361,1036,555,481,70,78,16354.375576308184,8137.614417641584,33.22561547531177
362,1039,557,482,70,78,16356.483585450942,8125.308238085499,33.18918932344627
363,1040,557,483,70,78,16375.727644428502,8164.922769113608,33.27101210246657
364,1045,557,488,70,78,16623.156844171834,8190.954629405129,33.00926022729921
365,1046,559,487,71,78,16620.558254454445,8187.015603834627,33.00208093948317
366,1049,559,490,71,78,16614.00522503731,8180.097670722872,32.99210987836014
367,1048,559,489,71,78,16630.143086718926,8195.532312477382,33.01232365562428
368,1053,559,494,71,78,16599.352106458893,8230.9970263936,33.148937948292264
369,1056,559,497,71,79,16757.63369799683,8159.937428546603,32.74772403420265
370,1054,561,493,71,79,16781.582598139114,8148.566595254639,32.68559097678377
371,1053,561,492,71,79,16741.996578190767,8122.34821358795,32.666648896670566
372,1060,562,498,71,80,16719.839817981203,8130.592340981772,32.718112461675055
373,1058,562,496,71,80,16749.215326246023,8103.880163860853,32.60712601006468
374,1058,569,489,71,80,16754.02562200321,8106.32262385491,32.607437931628624
375,1064,585,479,71,80,16764.50548488166,8175.911867464997,32.78177647133768
376,1060,585,475,71,80,16928.679324377812,8108.289712242763,32.38526876149861
377,1057,585,472,71,80,16971.72910531461,7990.939334774439,32.011558996398435
378,1058,586,472,71,80,16849.577892592497,8031.385136099194,32.2792374508886
379,1054,586,468,71,80,16758.423221328096,8059.771109560251,32.47525183380961
380,1054,588,466,72,81,16778.702358497954,8042.81714910888,32.402597861279475
381,1059,588,471,72,81,16815.787085837004,8035.830866143841,32.33524224326541
382,1060,586,474,72,81,16838.43018283944,8003.12961659222,32.21669525266815
383,1063,589,474,72,81,16966.729406934293,8022.008935350437,32.10249683464804
384,1061,591,470,72,81,17104.979581294403,8017.066903755535,31.912475396964457
385,1063,592,471,72,81,17156.22941455966,7993.052590190338,31.782428574623612
386,1055,591,464,72,81,16845.89803896671,8023.872322444533,32.26355614000618
387,1060,591,469,72,81,17129.38078925603,8050.448450110476,31.971815112726382
388,1062,592,470,72,81,17137.455901935493,8051.676333697293,31.964881752882757
389,1063,611,452,72,81,17162.36354653332,8078.661751480054,32.00607604523852
390,1066,611,455,72,81,17208.34938500909,8074.257614064892,31.936016781657944
391,1066,613,453,73,81,17215.717008293323,8074.227861387265,31.926632908825486
392,1066,612,454,73,81,17233.973740443675,8051.720010959022,31.842986354734133
393,1074,613,461,73,81,17156.352577950413,8075.555232768258,32.00532949528974
394,1079,613,466,73,81,17170.401667122413,8082.24803628918,32.00554449221731
395,1090,613,477,73,81,17106.531937675758,7898.911806711743,31.588768779536906
396,1087,613,474,73,81,17103.561871630624,7897.66127266397,31.58909956957949
397,1084,616,468,74,81,17112.73615615341,7887.054294496382,31.54848161653844
398,1080,621,459,75,82,17085.097890094843,7877.20057067114,31.556391263616927
399,1083,621,462,75,82,16895.28684866936,7813.747851375584,31.623039694712844
400,1081,622,459,75,82,16691.154629342604,7807.459202148986,31.86898351005042
401,1073,622,451,75,82,16569.60163787037,7822.697714659956,32.07035795027856
402,1069,622,447,75,82,16585.767664635143,7818.007374808238,32.03605738117211
403,1070,622,448,75,82,16472.821007025028,7839.125382153902,32.24392344679997
404,1067,619,448,76,82,16330.441715193801,7781.89676065022,32.27350498769002
405,1057,612,445,76,82,16330.71946945138,7778.710820989758,32.26418346382016
406,1055,617,438,76,82,15838.25860997142,7781.813250432848,32.945764502427124
407,1056,617,439,76,82,15850.30099692754,7723.256889570323,32.76237268364969
408,1057,618,439,76,82,15833.527534254945,7764.270308523086,32.9025206515162
409,1072,623,449,76,82,15233.457611767168,7855.270332553616,34.02210096414517
410,1070,624,446,76,82,15334.344485076885,7850.871226108865,33.86154057786574
411,1071,626,445,76,82,15446.58315687156,7491.087631295585,32.65844950203057
412,1068,626,442,76,82,15465.8466559013,7430.353182864653,32.452342463766385
413,1067,626,441,76,82,15439.9744973366,7438.982084605417,32.51451637648932
414,1047,625,422,76,82,14659.103899090936,7435.770340295872,33.65382513488447
415,1049,658,391,76,82,14427.56214654482,7414.88784558887,33.94714351301827
416,1068,658,410,76,82,15309.246019526003,7247.885082447269,32.1312362360355
417,1073,658,415,76,82,15266.15150284421,7375.742153941006,32.57564170976785
418,1070,646,424,76,83,15261.073376506396,7296.369407895898,32.345729423465905
419,1073,647,426,76,83,15232.695550883473,7295.188498895346,32.382928120437356
420,1070,647,423,76,83,15209.417661468637,7323.09958671342,32.500139713880635
421,1076,650,426,76,83,15238.1194172257,7314.831891308193,32.43403398179779
422,1078,659,419,77,83,15231.262161136627,7305.969229705036,32.41733247089935
423,1082,660,422,77,83,15252.029121194228,7321.009748788385,32.43253950412404
424,1082,660,422,77,83,15201.653813061175,7307.9721478924,32.4659865986632
425,1083,660,423,77,83,15165.409590971167,7308.655226200837,32.52039755895174
426,1087,660,427,77,83,15238.075108637104,7294.767365839124,32.37393317821386
427,1091,663,428,77,83,15228.976492646816,7151.104754441293,31.952988353747507
428,1091,663,428,77,83,15244.429796773908,7186.640798952788,32.038777499643295
429,1091,663,428,77,83,15271.885600176403,7191.159745470262,32.01328953762677
430,1090,665,425,77,83,15254.4142280909,7230.404016014826,32.156826608595054
431,1086,665,421,77,83,15256.374500784223,7218.187690433191,32.11714483699223
432,1081,666,415,77,83,15297.811957865271,7195.371882787976,31.989121387890666
433,1083,666,417,77,83,15343.623825933824,7194.522180427971,31.92153506502793
434,1083,668,415,77,83,15457.984663196266,7208.830673339334,31.80345613757108
435,1082,668,414,77,83,15445.916571584561,7077.680396647299,31.42340189548734
436,1084,669,415,78,83,15438.751646408384,7041.966560288157,31.324473246546464
437,1091,669,422,78,83,15323.395227778768,7180.788090437394,31.908681105636287
438,1091,670,421,78,83,15391.369427339829,7150.827872502454,31.721964710833607
439,1092,670,422,78,83,15455.143627677859,7150.975605012935,31.63291996917314
440,1065,665,400,78,83,15094.088967748407,7223.223709037057,32.36601025243813
441,1060,665,395,78,83,15508.959252948496,7243.776828808706,31.83694832471888
442,1056,664,392,78,83,15481.528477056088,7259.175632548192,31.92150778428343
443,1055,663,392,78,83,15546.729184335685,7243.643960106276,31.783788331139423
444,1056,637,419,78,83,15594.679182880072,7212.761872247095,31.624599422676784
445,1056,638,418,78,84,15640.980280870102,7207.813227756884,31.54570601303496
446,1058,638,420,78,84,15683.049284550216,7159.705741832262,31.343442301784897
447,1048,638,410,78,84,15700.199475089397,7116.793427207174,31.190759701252553
448,1051,639,412,78,84,15710.368446767778,7065.701875924479,31.022480067093834
449,1039,639,400,78,84,15701.519578328813,7009.433665121156,30.863670009724213
450,1039,639,400,78,84,15705.216767143756,7021.375262149562,30.894976479972886
451,1040,640,400,78,84,15736.917581695456,7031.60812304013,30.88301901592881
452,1043,640,403,78,84,15748.58167830394,7047.532211209604,30.91549834049366
453,1041,640,401,78,84,15744.247957811038,7044.43201819828,30.911979217814604
454,1040,640,400,78,84,15783.9312191567,6994.11816642548,30.70551849295992
455,1042,640,402,78,84,15747.55577146616,6987.578140533664,30.734712923091923
456,1041,638,403,78,84,15569.229796511603,6998.858150081195,31.01218927648606
457,1039,643,396,78,84,15578.730055671653,6997.037379410851,30.993574856452184
458,1042,643,399,78,84,15555.967612720437,7008.788099275662,31.060775435515048
459,1039,643,396,78,84,15525.893682010596,7007.560680984589,31.098475041148248
460,1041,643,398,78,84,15529.107301599448,7041.76864169095,31.198473020646073
461,1041,643,398,78,84,15535.706910475985,7038.082859636034,31.178118212806893
462,1036,644,392,78,84,15538.719513775623,7058.735474647057,31.236860426377433
463,1035,649,386,78,84,15526.467553233064,7052.056164905977,31.23346881727491
464,1039,650,389,78,84,15523.932996086183,7074.882533656159,31.306430747863278
465,1033,650,383,78,84,15537.92055203517,7070.193515741762,31.2728142407014
466,1034,650,384,78,84,15552.742370553207,7047.48717363928,31.18325484198567
467,1023,645,378,78,84,15610.096239278048,7054.843175043737,31.126680050094645
468,1019,641,378,78,84,15619.322173530987,7045.228553703435,31.08479245184274
469,1022,642,380,79,84,15619.233507293511,7007.044602956844,30.96861343617292
470,1019,641,378,79,84,15654.03707805284,6991.08915270157,30.872378813269545
471,1016,641,375,79,84,15640.481100576255,7006.011185553636,30.93640770957077
472,1017,641,376,79,84,15577.688988239885,6973.485498177773,30.922937084176404
473,1018,641,377,79,84,15562.261470876756,6963.691326202417,30.91408114424072
474,1021,640,381,79,84,15545.192958821424,6964.760710626584,30.940804289968916
475,1023,639,384,79,84,15527.904958503705,6979.768560878898,31.010617578348267
476,1023,639,384,79,84,15510.489089610535,6985.34438884779,31.051725180740032
477,1017,639,378,79,84,15538.644986522848,6944.642037505813,30.888019310004967
478,1014,639,375,79,84,15519.331268977923,6902.897254544607,30.78595531796927
479,1016,639,377,79,84,15511.481887895192,6914.280367695579,30.831863322602736
480,1015,639,376,79,84,15528.65796675086,6915.672413021208,30.812558432368963
481,1015,639,376,79,84,15503.216386788887,6938.06199762595,30.916518563596362
482,1020,639,381,79,84,15489.39656840116,6953.635087778682,30.98349275760145
483,1017,639,378,79,84,15529.460514421631,6938.152679126665,30.880684206896508
484,1021,639,382,79,84,15545.352816645143,6931.685863779981,30.838963986019518
485,1021,639,382,79,84,15528.61344761286,6958.640144827023,30.944819989785184
486,1021,640,381,79,84,15530.01081800593,6967.94248158657,30.971450552849973
487,1023,640,383,79,84,15535.432946639175,6968.215423809466,30.964825387869077
488,1025,640,385,79,84,15542.678631225275,6951.979167822376,30.905023005580905
489,1024,641,383,79,84,15608.994478992588,6890.690509432315,30.62571992886688
490,1030,643,387,79,84,15609.11607490156,6922.687659221338,30.72407225320091
491,1030,643,387,79,84,15627.527288011908,6906.580879892008,30.649452946752437
492,1031,643,388,79,84,15632.522018192289,6898.780283749773,30.618648630688067
493,1033,642,391,79,84,15646.946028396513,6897.360219439004,30.5946882712402
494,1033,643,390,79,84,15650.62764590271,6905.848331434195,30.615812232250665
495,1029,644,385,79,84,15736.238369370323,6833.492635802352,30.277244483933853
496,1029,644,385,79,84,15756.324002118716,6827.458169221224,30.231686249106865
497,1028,646,382,79,84,15768.156563122591,6826.03222448085,30.211450778998667
498,1028,647,381,79,84,15791.789835671447,6830.556411905359,30.193846107527484
499,1030,647,383,79,84,15824.197967595188,6843.722018398161,30.191221879320825
500,1032,647,385,79,84,15790.206054085022,6860.501483637589,30.288243633061228
501,1030,647,383,79,84,15759.58164181924,6831.501186299985,30.239812930953374
502,1029,647,382,79,84,15784.28107857328,6824.930576766167,30.18650398256754
503,1031,647,384,79,84,15733.406004902716,6811.742383286107,30.21378376402575
504,1028,647,381,79,84,15769.411911632093,6812.395866306046,30.16762844364297
505,1025,647,378,79,84,15602.89952811056,6799.698594635241,30.35227680905177
506,1026,647,379,79,84,15601.468637714344,6800.819876015054,30.357701499322825
507,1028,647,381,79,84,15576.537012373712,6794.50109500813,30.371863220625993
508,1027,647,380,79,84,15585.881756938037,6804.98159181728,30.391778493863036
509,1024,647,377,79,84,15600.096043682111,6812.123308319077,30.394684262764994
510,1025,646,379,79,84,15584.954962206439,6808.146135211648,30.402873213467625
511,1027,646,381,79,84,15619.202534806383,6824.176684765668,30.40619069883448
512,1022,646,376,79,84,15740.996082616011,6719.790173818735,29.91787596880584
513,1023,646,377,79,84,15781.583892968478,6710.919006943626,29.836248268172284
514,1021,647,374,79,84,15712.241071746603,6762.833227997058,30.09037094962659
515,1017,641,376,79,84,15526.337280976484,6755.600448684012,30.318729594560022
516,1018,640,378,79,84,15539.638502850594,6761.247703822101,30.31829157443552
517,1020,640,380,79,84,15536.191914356226,6752.970169840548,30.297101992131264
518,1020,640,380,79,84,15448.967313354027,6739.756515504919,30.374691971870426
519,1014,639,375,79,84,15415.660328148764,6746.330146875527,30.440993801880666
520,1010,640,370,79,84,15473.191697807635,6742.170300051764,30.34913543475644
521,1005,641,364,79,84,15506.76335081594,6716.676969587814,30.223389685624458
522,1004,642,362,79,84,15432.248906151775,6702.094869721076,30.279166789785634
523,999,641,358,79,84,15350.794878324908,6676.431646011799,30.30990596403667
524,996,641,355,79,84,15318.581273202855,6618.217535053766,30.16947729202306
525,997,641,356,79,84,15201.16911833466,6548.352696030168,30.10803065888649
526,997,641,356,79,84,15169.420530526257,6563.181937115345,30.19970547424077
527,999,642,357,79,84,15070.149690198818,6543.138299140615,30.273683034103655
528,993,642,351,79,84,15038.91628280906,6510.551061337885,30.212120593812347
529,992,642,350,79,84,15027.368926588832,6504.016642311292,30.207143992190062
530,992,646,346,79,84,15004.751941722367,6507.827738564032,30.251266167430614
531,992,646,346,79,84,15101.731114912212,6515.659758714055,30.140824102243148
532,991,646,345,79,84,15105.184804371063,6524.536934595128,30.16468271453118
533,992,646,346,79,84,15088.765017005777,6510.383748467709,30.141853362641037
534,994,648,346,80,84,15127.61241043976,6502.841857114948,30.063362408754834
535,993,648,345,80,84,15119.171735018115,6495.941259470334,30.05277493171888
536,986,647,339,80,84,15098.47373415752,6481.547057498345,30.034943525191142
537,990,650,340,80,84,15052.749475988872,6496.526726277057,30.147308268265366
538,989,649,340,80,84,15050.511472903974,6500.174445440319,30.16226244523969
539,988,648,340,80,84,15078.824025602247,6492.558703120365,30.098018215936744
540,988,648,340,80,84,15129.978684875694,6523.065210041789,30.125395956791635
541,989,649,340,80,84,15182.690267978576,6487.521715532963,29.937509242960786
542,987,649,338,80,84,15188.49400316388,6497.340228692788,29.96121873489258
543,988,650,338,81,84,15110.229999881833,6499.927954580868,30.07811404376418
544,983,650,333,81,84,15116.690823743244,6516.72835882886,30.123432194568394
545,987,650,337,81,84,15027.11901512229,6461.062008202043,30.067980166347663
546,984,651,333,81,84,15009.543264465805,6441.978366089888,30.030402863887712
547,986,651,335,81,84,15021.927526705034,6446.578247341756,30.02807142327997
548,987,651,336,81,84,15095.055572411724,6443.696883343541,29.916760019319284
549,987,651,336,81,84,15130.001011840244,6449.948588441382,29.88861748016876
550,986,656,330,81,84,15201.319031473684,6424.261926059129,29.7067715252356
551,983,658,325,81,84,15238.400706368053,6416.795800498188,29.631667385071324
552,980,658,322,81,84,15236.197574868116,6408.576608482849,29.60796243100696
553,982,659,323,82,84,15179.651543351143,6403.930149659765,29.67037742273079
554,987,660,327,82,84,15234.578388835193,6402.094385639438,29.58908910057632
555,989,660,329,82,84,15457.36058578202,6402.194410641424,29.28785335149284
556,989,661,328,82,84,15513.6770683778,6351.633047269049,29.048904468653348
557,992,661,331,82,84,15551.534445704889,6340.667225905269,28.963131808382048
558,990,661,329,82,84,15577.628313088588,6316.615243156229,28.8505753895049
559,987,661,326,82,84,15557.750145294585,6331.04082786781,28.923666161508095
560,987,662,325,82,84,15571.638464842392,6326.155084943544,28.88946354599907
561,985,663,322,82,84,15610.073391309348,6309.042924157428,28.783290500199506
562,980,663,317,82,84,15580.89489910122,6281.142504193604,28.730819494650454
563,974,664,310,82,84,15490.242875485792,6271.773240051123,28.819817092100276
564,976,665,311,82,84,15532.528869474534,6193.366650098213,28.506841729578607
565,972,670,302,82,84,15607.981050969827,6148.576529789812,28.260796805590655
566,972,670,302,82,84,15868.321958931716,5839.7190222655,26.901179278791997
567,971,670,301,82,84,15848.624823247488,5864.490402637521,27.008977484936132
568,967,670,297,82,84,15909.594299657956,5912.910583243966,27.095471463850018
569,966,670,296,82,84,15924.880997597675,5910.640288069811,27.068922288333315
570,962,672,290,82,84,15932.392083004996,5921.688587077344,27.09648910184531
571,963,671,292,82,84,15908.671513866424,5918.232190120681,27.114391809222134
572,965,670,295,82,84,15814.555720330747,5913.255155265351,27.215144632480705
573,969,668,301,82,84,15724.995020312612,5968.35089661464,27.51235756563285
574,966,668,298,82,84,15744.42672055478,5955.219364116082,27.44385480241997
575,965,669,296,82,84,15751.768896910678,5943.366656327357,27.394927502263517
576,964,671,293,82,84,15729.704875302405,5950.444563753814,27.446510830014137
577,966,670,296,82,84,15745.08573233494,5953.290607239441,27.43657181565971
578,965,671,294,82,84,15703.824866138377,5953.443564931956,27.489355750843085
579,962,672,290,82,84,15740.592819565843,5957.129682776234,27.45509203619511
580,964,672,292,82,84,15738.39392214576,5950.356726347585,27.435221248029514
581,967,671,296,82,84,15746.909921878761,5945.569955526619,27.40843826583171
582,967,630,337,82,84,15782.617983191149,5956.216770807568,27.398969807762864
583,969,629,340,82,84,15654.421801996165,5975.938989335317,27.627551139739737
584,968,631,337,82,84,15683.195782088602,5923.687797386937,27.415743578189456
585,971,631,340,82,84,15704.903516878194,5913.719213329202,27.35474543004095
586,964,632,332,82,84,15628.700127482574,5916.70085332532,27.46154902661486
587,964,635,329,82,84,15623.291644149604,5929.944358969164,27.51301177285442
588,963,635,328,82,84,15635.03983642328,5926.055227005717,27.484945498233238
589,960,636,324,82,84,15657.101439015829,5918.627138365903,27.431876134048693
590,957,636,321,82,84,15637.179420469733,6004.144572637012,27.74388745600532
591,955,636,319,82,84,15619.10104021168,5928.719611125588,27.514242424129552
592,956,640,316,82,84,15649.01835218992,5929.52887586763,27.47881408882683
593,955,640,315,82,84,15813.226010083545,5878.985443257727,27.10182618265129
594,953,640,313,82,84,15750.871451900528,5853.487080810573,27.094010090361277
595,951,639,312,82,84,15728.541115645961,5854.533846286,27.125578058789934
596,950,648,302,82,84,15724.138807025392,5858.501069176863,27.144506431007283
597,947,649,298,83,84,15411.898675052444,5831.784857080129,27.45185338625075
598,949,651,298,83,84,15347.86401536708,5808.970862456928,27.456710306633465
599,947,652,295,83,85,15508.427252027856,5786.93695458022,27.174632461953852
600,950,657,293,84,85,15816.026443714516,5393.86921597966,25.430908772596165
601,949,655,294,84,85,15769.56004290094,5384.749176398254,25.45462071380576
602,948,656,292,84,85,15875.066811033124,5390.029071030203,25.346836435271292
603,948,656,292,84,85,15925.46744837808,5362.165234765275,25.189110102464866
604,946,656,290,84,85,15915.544780196027,5279.435215133311,24.908894541522194
605,947,656,291,84,85,15954.077481432496,5255.642868374158,24.779406713969557
606,945,656,289,84,85,15958.74754088615,5243.3216312632,24.730235472256314
607,941,656,285,84,85,15989.62329029716,5231.707554732235,24.653060606505935
608,941,642,299,84,85,16040.12114600461,5230.138902627612,24.588974891089467
609,939,643,296,84,85,16116.501657707973,5212.334309092709,24.437968941230302
610,943,642,301,84,85,16182.754202308079,5203.170292739067,24.32988246051318
611,950,652,298,84,85,16173.978360922412,5198.451233998581,24.323164621555033
612,945,652,293,84,85,15873.274243051372,5278.108523339405,24.95396438915681
613,944,652,292,84,85,15884.105855789796,5263.919617716867,24.890832594803136
614,950,653,297,85,85,16067.519014660036,5263.400535330677,24.67498188718718
615,949,653,296,85,85,16146.751269270466,5191.508081959873,24.329576262557406
616,951,653,298,85,85,16187.685979319896,5200.389174808312,24.31443286659932
617,948,653,295,85,85,16308.892842843436,5252.394791632717,24.360302040747428
618,948,658,290,85,85,16343.205461966616,5257.356213231951,24.338979200102777
619,947,659,288,85,85,16396.141345097556,5266.435301196042,24.31121369902741
620,951,659,292,85,85,16371.112066718908,5282.985267053814,24.397162281219767
621,952,659,293,85,85,16267.711696187593,5272.665151353012,24.47805434729441
622,952,659,293,85,85,16280.705096359796,5227.707261826155,24.305407459963106
623,951,660,291,85,85,16308.048233570811,5258.460962157817,24.38253179702947
