epoch_no,redelegations,initial_delegations,renewals,total_certs
210,3428,17305,597,21330
211,2777,6969,499,10245
212,2281,6419,458,9158
213,2710,4772,442,7924
214,2060,3460,407,5927
215,2952,3502,365,6819
216,2754,4720,299,7773
217,2282,4198,447,6927
218,1850,2550,351,4751
219,1662,1934,443,4039
220,1588,1734,323,3645
221,1736,1957,263,3956
222,1513,1967,197,3677
223,1504,1541,232,3277
224,1491,1536,217,3244
225,1374,1387,176,2937
226,1407,1416,191,3014
227,1294,1252,189,2735
228,1815,1204,169,3188
229,1719,1889,264,3872
230,2697,4456,308,7461
231,3658,2755,284,6697
232,3645,3600,403,7648
233,4043,4325,685,9053
234,7422,5186,1129,13737
235,5045,4440,1352,10837
236,4580,4049,1495,10124
237,2694,3809,1358,7861
238,2842,3791,812,7445
239,2284,3714,728,6726
240,2576,5479,860,8915
241,2999,7177,1028,11204
242,3901,11156,1211,16268
243,2865,8832,1017,12714
244,3355,10867,1169,15391
245,2968,7743,937,11648
246,2977,7354,967,11298
247,3740,11943,1507,17190
248,5746,21230,1996,28972
249,6184,24379,2441,33004
250,6766,24026,2672,33464
251,7708,27085,2976,37769
252,8505,26721,3134,38360
253,7610,25871,2980,36461
254,6320,19268,2449,28037
255,6041,16979,2250,25270
256,6294,20279,2659,29232
257,5107,14530,2129,21766
258,5585,14460,1963,22008
259,5379,14910,2101,22390
260,5418,12553,1698,19669
261,5784,15615,2142,23541
262,5270,14606,2063,21939
263,4714,12965,1930,19609
264,5118,14149,2013,21280
265,5441,14962,2059,22462
266,6895,20780,2533,30208
267,8327,25046,3214,36587
268,8265,27455,3808,39528
269,6972,21172,1704,29848
270,7173,19295,1248,27716
271,8186,19304,1296,28786
272,7191,15510,924,23625
273,6108,11839,824,18771
274,5529,10782,858,17169
275,5306,10277,788,16371
276,5075,9933,810,15818
277,7226,11504,856,19586
278,7029,11148,821,18998
279,5706,9327,817,15850
280,4569,8124,819,13512
281,4708,7799,789,13296
282,4891,7943,849,13683
283,5046,9144,1012,15202
284,5094,9489,900,15483
285,6908,12075,1174,20157
286,8065,14709,1334,24108
287,9310,18753,1779,29842
288,7964,17363,1522,26849
289,7356,15998,1452,24806
290,9266,16758,1460,27484
291,7806,15529,1349,24684
292,7857,15605,1095,24557
293,9206,15133,1102,25441
294,7138,12498,992,20628
295,7454,11367,1095,19916
296,8728,12482,915,22125
297,8420,11117,954,20491
298,6743,10211,835,17789
299,7052,10505,1031,18588
300,7822,10395,866,19083
301,7403,10794,959,19156
302,6029,10391,977,17397
303,6974,11887,1018,19879
304,8330,13588,1081,22999
305,17088,13855,1184,32127
306,12901,14642,1315,28858
307,11637,12087,1083,24807
308,13790,13370,1263,28423
309,19047,12044,1119,32210
310,11834,8748,851,21433
311,9284,8214,744,18242
312,7056,7909,743,15708
313,6497,8159,800,15456
314,6706,11014,834,18554
315,7028,16116,883,24027
316,7273,13459,919,21651
317,47869,45057,4013,96939
318,24834,30240,2117,57191
319,8494,13332,966,22792
320,9051,9734,876,19661
321,9228,8857,875,18960
322,7941,7490,767,16198
323,39400,8338,2055,49793
324,11616,5494,1018,18128
325,11130,5085,736,16951
326,9435,4664,677,14776
327,7331,4206,608,12145
328,10867,4250,576,15693
329,11022,4729,690,16441
330,10312,5616,841,16769
331,10301,4883,794,15978
332,5785,4109,571,10465
333,4320,3576,490,8386
334,3872,3779,481,8132
335,4202,3525,464,8191
336,4885,4424,490,9799
337,4864,3059,461,8384
338,3274,3156,464,6894
339,3225,2627,425,6277
340,4904,4240,490,9634
341,4781,3289,407,8477
342,4575,3180,309,8064
343,3678,2774,733,7185
344,3092,2388,665,6145
345,2857,2296,309,5462
346,2671,2328,324,5323
347,3107,3320,609,7036
348,2538,2532,360,5430
349,2521,2399,289,5209
350,2564,2481,614,5659
351,2575,2368,759,5702
352,2106,2124,253,4483
353,2781,2191,324,5296
354,2493,2130,306,4929
355,2318,1846,301,4465
356,2235,1933,550,4718
357,2619,2068,412,5099
358,2227,1932,221,4380
359,2379,1723,244,4346
360,3788,2674,265,6727
361,2937,1810,216,4963
362,2503,1579,266,4348
363,2545,1851,284,4680
364,2655,1579,328,4562
365,2897,1606,248,4751
366,2336,1482,204,4022
367,3267,1534,249,5050
368,2419,1491,228,4138
369,2184,1436,240,3860
370,2304,1520,199,4023
371,1951,1458,201,3610
372,2257,1607,198,4062
373,2532,1737,193,4462
374,2568,1727,203,4498
375,2409,1681,232,4322
376,2747,2254,255,5256
377,3280,4317,365,7962
378,2546,3411,361,6318
379,3525,2710,344,6579
380,2874,2465,302,5641
381,2352,2250,299,4901
382,2239,1878,302,4419
383,2618,5044,520,8182
384,2708,3305,526,6539
385,2339,2702,440,5481
386,2426,3201,472,6099
387,5632,2927,446,9005
388,2836,2955,509,6300
389,3543,3025,706,7274
390,2904,2267,437,5608
391,2573,2402,510,5485
392,2677,2325,472,5474
393,4357,2593,471,7421
394,3876,3369,468,7713
395,3149,2680,416,6245
396,2702,2343,428,5473
397,2618,2501,405,5524
398,2601,2012,337,4950
399,2441,1935,345,4721
400,2134,1794,335,4263
401,2790,2052,353,5195
402,4412,2069,578,7059
403,2610,1981,389,4980
404,2812,1980,432,5224
405,2456,2094,348,4898
406,2220,2196,345,4761
407,2604,2774,410,5788
408,2127,2019,396,4542
409,1836,1741,313,3890
410,1708,1666,277,3651
411,1668,1427,271,3366
412,1671,1544,250,3465
413,1829,1507,269,3605
414,2245,1638,324,4207
415,3026,1677,243,4946
416,2229,1713,218,4160
417,1934,2004,283,4221
418,1932,2329,337,4598
419,3651,2731,388,6770
420,2860,1979,259,5098
421,2344,1825,429,4598
422,2618,1622,278,4518
423,2126,1759,267,4152
424,1909,1553,288,3750
425,1944,1501,359,3804
426,2108,1614,301,4023
427,1850,1425,216,3491
428,2798,1758,242,4798
429,1656,1657,229,3542
430,1805,1417,281,3503
431,1542,1164,231,2937
432,1506,1655,233,3394
433,1584,2151,207,3942
434,1645,2303,193,4141
435,1503,1994,191,3688
436,1541,1534,276,3351
437,1437,1562,455,3454
438,1400,2050,214,3664
439,1515,2087,193,3795
440,1224,1449,180,2853
441,1520,1401,184,3105
442,1426,1399,326,3151
443,1321,1338,184,2843
444,1362,1474,321,3157
445,1505,1611,239,3355
446,1947,2306,316,4569
447,1933,2003,450,4386
448,2613,2462,405,5480
449,3953,2671,462,7086
450,2522,2229,387,5138
451,2627,2025,326,4978
452,2174,2435,339,4948
453,2049,2132,324,4505
454,2431,2595,424,5450
455,3490,3205,604,7299
456,3007,2903,530,6440
457,2437,2424,397,5258
458,2424,2462,479,5365
459,2982,2637,422,6041
460,2669,2571,504,5744
461,2577,2255,427,5259
462,2566,2499,409,5474
463,2071,1831,290,4192
464,2005,1795,316,4116
465,2272,1989,396,4657
466,2001,1867,307,4175
467,2026,1814,301,4141
468,2339,2050,363,4752
469,2805,2528,509,5842
470,2425,2476,552,5453
471,2740,2643,557,5940
472,3592,3188,621,7401
473,2784,2475,487,5746
474,2461,2044,404,4909
475,1953,2092,621,4666
476,1745,1960,364,4069
477,2096,2019,372,4487
478,2063,1793,315,4171
479,1616,1601,319,3536
480,1452,1516,294,3262
481,1351,1430,287,3068
482,1284,1298,277,2859
483,1145,1120,236,2501
484,1474,1148,225,2847
485,1104,1016,230,2350
486,1195,875,175,2245
487,1294,998,216,2508
488,1345,1057,254,2656
489,1193,1025,222,2440
490,1189,989,257,2435
491,1318,1051,240,2609
492,1299,972,238,2509
493,1057,982,159,2198
494,1205,903,231,2339
495,1175,936,211,2322
496,1278,861,226,2365
497,1163,815,252,2230
498,1238,859,200,2297
499,1247,852,218,2317
500,1130,819,217,2166
501,1552,807,204,2563
502,1365,761,259,2385
503,1475,764,289,2528
504,1262,731,255,2248
505,1276,638,186,2100
506,1334,806,231,2371
507,1250,867,199,2316
508,1293,791,208,2292
509,1713,1033,311,3057
510,1310,859,217,2386
511,1266,865,220,2351
512,1373,776,225,2374
513,1330,759,210,2299
514,1300,745,205,2250
515,922,765,154,1841
516,1001,740,171,1912
517,1199,853,193,2245
518,1130,886,180,2196
519,1097,820,215,2132
520,1204,947,232,2383
521,1091,711,322,2124
522,2414,1397,347,4158
523,3140,2036,461,5637
524,3133,2622,1058,6813
525,3792,3268,644,7704
526,2592,2579,970,6141
527,3470,3295,1617,8382
528,2389,2679,1435,6503
529,1956,2168,353,4477
530,1715,1836,291,3842
531,1394,1713,263,3370
532,1303,1694,216,3213
533,1782,1870,288,3940
534,1648,1742,249,3639
535,1223,1465,214,2902
536,1805,1858,302,3965
537,1482,1745,295,3522
538,1508,1580,289,3377
539,1600,1547,386,3533
540,1395,1321,304,3020
541,1276,1645,314,3235
542,1237,1242,287,2766
543,1466,1254,218,2938
544,1031,1171,311,2513
545,1956,1881,417,4254
546,1370,1423,296,3089
547,1195,1180,262,2637
548,1144,1064,239,2447
549,1047,1158,223,2428
550,970,1034,237,2241
551,969,886,225,2080
552,976,973,265,2214
553,987,980,239,2206
554,1169,899,229,2297
555,1092,999,271,2362
556,1211,999,321,2531
557,1153,1236,323,2712
558,1260,1013,266,2539
559,1323,1099,260,2682
560,1173,1143,266,2582
561,1098,1061,337,2496
562,1025,1047,226,2298
563,878,839,171,1888
564,774,892,205,1871
565,885,906,237,2028
566,756,1107,186,2049
567,847,909,165,1921
568,826,839,178,1843
569,880,858,221,1959
570,822,807,255,1884
571,1120,1116,312,2548
572,1380,1310,319,3009
573,1497,1400,346,3243
574,983,1114,245,2342
575,1030,1106,295,2431
576,1367,1436,259,3062
577,1366,1485,281,3132
578,1768,1668,358,3794
579,1160,1201,224,2585
580,1100,1179,229,2508
581,930,1088,216,2234
582,942,1089,231,2262
583,929,1089,214,2232
584,1022,1030,202,2254
585,888,985,208,2081
586,801,958,212,1971
587,875,910,195,1980
588,1080,1067,222,2369
589,875,1031,236,2142
590,975,1055,280,2310
591,869,1022,224,2115
592,790,767,211,1768
593,835,814,226,1875
594,712,800,277,1789
595,821,748,226,1795
596,692,770,224,1686
597,777,723,197,1697
598,1216,837,191,2244
599,1025,899,180,2104
600,1240,893,212,2345
601,1221,942,225,2388
602,1056,1074,213,2343
603,877,1497,183,2557
604,872,1719,295,2886
605,982,1839,195,3016
606,1157,3488,250,4895
607,990,1037,199,2226
608,842,926,191,1959
609,860,906,168,1934
610,975,805,165,1945
611,817,782,196,1795
612,877,940,220,2037
613,926,1014,254,2194
614,732,808,152,1692
615,807,761,205,1773
616,730,719,127,1576
617,830,723,167,1720
618,644,619,147,1410
619,618,623,139,1380
620,559,588,135,1282
621,661,581,143,1385
622,604,538,127,1269
623,649,555,115,1319
624,627,587,169,1383
625,2,0,1,3
