from_pool_id,to_pool_id,flow_count
pool1gaztx97t53k47fr7282d70tje8323vvzx8pshgts30t9krw62tm,pool1ju8f57hyvaa32tp85r468kuedvmjmcy56f8u9968drea57p50l5,3295
pool1gaztx97t53k47fr7282d70tje8323vvzx8pshgts30t9krw62tm,pool1du3r4a7xq60hg2x0wcz7lw5ya3qs74rk258c8kanp93rsqdqu45,3199
pool15wkxegrfflzcyhurrjxsm9ljqtz09xr5rtnqsarnp7hmsz5um3t,pool13annzt9hjfc822f0ejvxjf7fsmxd6cc28whpk5kagec6ggfmm7u,3086
pool14enw2643rn9nn6yzv60jyz3hj4kxs0jvap87lkgsqykh508jxm6,pool15wkxegrfflzcyhurrjxsm9ljqtz09xr5rtnqsarnp7hmsz5um3t,2977
pool13annzt9hjfc822f0ejvxjf7fsmxd6cc28whpk5kagec6ggfmm7u,pool14enw2643rn9nn6yzv60jyz3hj4kxs0jvap87lkgsqykh508jxm6,2070
pool19n5ml38q5uedy8kgwwwtlsa3p9tmfcef0lfjp42k7j9d5mpgs2m,pool1helzgcd9sjm9xtyh9mw2wy06gekh6r52s6mx987q0p8lvklwura,2000
pool1ju8f57hyvaa32tp85r468kuedvmjmcy56f8u9968drea57p50l5,pool1gaztx97t53k47fr7282d70tje8323vvzx8pshgts30t9krw62tm,1859
pool1vx9tzlkgafernd9vpjpxkenutx2gncj4yn88fpq69823qlwcqrt,pool1gaztx97t53k47fr7282d70tje8323vvzx8pshgts30t9krw62tm,1830
pool15wkxegrfflzcyhurrjxsm9ljqtz09xr5rtnqsarnp7hmsz5um3t,pool14enw2643rn9nn6yzv60jyz3hj4kxs0jvap87lkgsqykh508jxm6,1800
pool14enw2643rn9nn6yzv60jyz3hj4kxs0jvap87lkgsqykh508jxm6,pool13annzt9hjfc822f0ejvxjf7fsmxd6cc28whpk5kagec6ggfmm7u,1753
pool1du3r4a7xq60hg2x0wcz7lw5ya3qs74rk258c8kanp93rsqdqu45,pool1gaztx97t53k47fr7282d70tje8323vvzx8pshgts30t9krw62tm,1500
pool13annzt9hjfc822f0ejvxjf7fsmxd6cc28whpk5kagec6ggfmm7u,pool15wkxegrfflzcyhurrjxsm9ljqtz09xr5rtnqsarnp7hmsz5um3t,1453
pool15v22rpfg6qx9l0gx0m955gfv7tes0jpa9sy0gjs3a04lv6x9jdr,pool1f2wfjqkf2wx6jq93pdck6hgmy9zgw32lmvrq9zejl7scqxjqfze,1384
pool1newmccddazerzanrdeeelvzk6vzh9stxn5n8ravshqa05n0t83u,pool1zkdaju2rjefa52uh6yh6etsxla0x6aqs6p6wm245y5szk7k3msd,1272
pool1ng3vqzrhn3z45yjdscv3q37n26g2pj3vp99rfkgv6225y8lqg8j,pool1xmsdhync6k6grkkj7tuycskjpseykpr24luhlazl5nsngsy87gm,1269
pool1k2qhlrrweu8fecd4hx4hn22lv00nrd3rjdxj6durax7m78q7ynu,pool1z5rt6kn6yvuczj44qla73mfyln9l55lw0jkz6x4kjw00u32zec3,1266
pool1gaztx97t53k47fr7282d70tje8323vvzx8pshgts30t9krw62tm,pool1vx9tzlkgafernd9vpjpxkenutx2gncj4yn88fpq69823qlwcqrt,1136
pool1gr7jlqk9kmhwuztdwcwf6nyr2teeq9r8h4y62ev0xrrvyvwly64,pool1newmccddazerzanrdeeelvzk6vzh9stxn5n8ravshqa05n0t83u,1098
pool1l2eyll8qvywzjrssyyw2cqymzdn2u88vujsu2lg3ph06zem2ykv,pool19n5ml38q5uedy8kgwwwtlsa3p9tmfcef0lfjp42k7j9d5mpgs2m,1093
pool1mut4phum9hegtl8m2r68gpjh5x8w8t6zwf75zrphhp3qwwrrpgt,pool1pmm654jfx088td54ekkkd0j28x6r5gnjdhnutzggursrxjnpk2y,1057
pool1s6se64qce5rjjjhh6ufcdnc54p8qg78mlhjm38lymx99sqysvzx,pool14zdcvdec8qmqzsat5wg3a2h9f0u5yzrgjew534z8u3gs5durnjz,1051
pool138m7hevnvp664cmtralju857t5k7e4frpnaevtgpuykggr50kne,pool1psk0c2p7pwactw00nkzjexdw0msn7g8nddc06eyvds6yswr3tjg,1049
pool1eqa7kxx4xg35cu4rqj4exkvzhenscgh8wxez0gl7hsagygp79kr,pool104gtn3hvp9lz5l6wevhjj98e45s7rfaa4zzvk9pex7nn786qncr,1013
pool128r8qqgl9zgy3ff4759a2qslyauu5takaec3nxx4a6mvj3ys8da,pool1jt7d6ak3m8gnjyxtuxfswe258xzwda80ndl0a57vv5m2zv8h6at,1005
pool1ywpt43nttzjd7883wafg255mh0hmjypwe65ercw6p2sxg5lt7ez,pool1zgxvcqf0dvh0ze56ev2ayjvuex3zdd3hgxzdrcezkx497mv3l7s,989
pool1yctcnexnjqq25ve5jh2dh6zswz98leafjcq356lfspsdk9z690e,pool14zdqqv73f9xa9re9pzc4sjvgmycf0dm4zclj34zupj032ggnjdw,975
pool1xmsdhync6k6grkkj7tuycskjpseykpr24luhlazl5nsngsy87gm,pool1ywpt43nttzjd7883wafg255mh0hmjypwe65ercw6p2sxg5lt7ez,943
pool1ng3vqzrhn3z45yjdscv3q37n26g2pj3vp99rfkgv6225y8lqg8j,pool1ywpt43nttzjd7883wafg255mh0hmjypwe65ercw6p2sxg5lt7ez,942
pool1uj4u73qgtprqre78q75fq2vkcrpfrcdreqcqkvn6u0m2k6nk2yp,pool1ng3vqzrhn3z45yjdscv3q37n26g2pj3vp99rfkgv6225y8lqg8j,932
pool108zdflss3ayqlm5c7vr6mtqj2uwl99vk28ur8dv4zswdzt6yauc,pool1m4enp55hp80tf6xl7k6f6593wnyu3pr83xfvef9x3ktdw9m0em5,919
pool1cunvnkjkzh2lna593sjmkylcr3r5rmxdpr8r9u6pfuer72p24x4,pool1f2wfjqkf2wx6jq93pdck6hgmy9zgw32lmvrq9zejl7scqxjqfze,915
pool1398lzhvtaa0hgz305d2jz4urfkwkkt66yv476wqe6att2f7dphh,pool1sysgx87cwxnqy0pqn8g97gdhd0dmre9rw3jvpn2k7apuwa7cgkn,915
pool1sjwdmeme5zs042jzwmdvxshhv27kepxke0mr02f2yzacsyd4wtu,pool1urgvu6zk422j4xwtxa45lzpd6dm25msfthpkezr042secrtuwzc,891
pool1xmsdhync6k6grkkj7tuycskjpseykpr24luhlazl5nsngsy87gm,pool14skj6e4rpjanzclx3fc880xnl8xafgg63tmw93t9xspvwx985qu,889
pool1ywpt43nttzjd7883wafg255mh0hmjypwe65ercw6p2sxg5lt7ez,pool1ynxx88cq0y8vg8yrq3jrw6epm7rq9a8859v34sq9lzjy7ztg90u,876
pool1zgxvcqf0dvh0ze56ev2ayjvuex3zdd3hgxzdrcezkx497mv3l7s,pool1ng3vqzrhn3z45yjdscv3q37n26g2pj3vp99rfkgv6225y8lqg8j,874
pool1f2wfjqkf2wx6jq93pdck6hgmy9zgw32lmvrq9zejl7scqxjqfze,pool1cunvnkjkzh2lna593sjmkylcr3r5rmxdpr8r9u6pfuer72p24x4,850
pool1ynxx88cq0y8vg8yrq3jrw6epm7rq9a8859v34sq9lzjy7ztg90u,pool1zgxvcqf0dvh0ze56ev2ayjvuex3zdd3hgxzdrcezkx497mv3l7s,845
pool1uj4u73qgtprqre78q75fq2vkcrpfrcdreqcqkvn6u0m2k6nk2yp,pool1zgxvcqf0dvh0ze56ev2ayjvuex3zdd3hgxzdrcezkx497mv3l7s,843
pool12l453n0jtxqq88cgwgr67z06ldyhqqvwxgkn0sgungjfvhtp2el,pool14skj6e4rpjanzclx3fc880xnl8xafgg63tmw93t9xspvwx985qu,828
pool1ywpt43nttzjd7883wafg255mh0hmjypwe65ercw6p2sxg5lt7ez,pool1xmsdhync6k6grkkj7tuycskjpseykpr24luhlazl5nsngsy87gm,827
pool14zdcvdec8qmqzsat5wg3a2h9f0u5yzrgjew534z8u3gs5durnjz,pool1s6se64qce5rjjjhh6ufcdnc54p8qg78mlhjm38lymx99sqysvzx,827
pool1vx9tzlkgafernd9vpjpxkenutx2gncj4yn88fpq69823qlwcqrt,pool1ukeqarukv9gxwy9pt8jkr4qvad2yf87758g3xzemmvmtk8lrynp,826
pool16fyda57p3c8gp5r6gmcq5tvqsp6mnzwvkxswgznkuh8wztrp6vv,pool1gaztx97t53k47fr7282d70tje8323vvzx8pshgts30t9krw62tm,821
pool1y2gynck9pd4en5rzm0rueqd2qm7sw89aqmkcntd899vv237qj38,pool1ttxtgplmy2v7t9s56gm3xxhsyxe68kpx0vu3utts03p2k4x3avl,808
pool1ynxx88cq0y8vg8yrq3jrw6epm7rq9a8859v34sq9lzjy7ztg90u,pool14skj6e4rpjanzclx3fc880xnl8xafgg63tmw93t9xspvwx985qu,799
pool1zgxvcqf0dvh0ze56ev2ayjvuex3zdd3hgxzdrcezkx497mv3l7s,pool14skj6e4rpjanzclx3fc880xnl8xafgg63tmw93t9xspvwx985qu,795
pool1ywpt43nttzjd7883wafg255mh0hmjypwe65ercw6p2sxg5lt7ez,pool12l453n0jtxqq88cgwgr67z06ldyhqqvwxgkn0sgungjfvhtp2el,791
pool1ywpt43nttzjd7883wafg255mh0hmjypwe65ercw6p2sxg5lt7ez,pool14skj6e4rpjanzclx3fc880xnl8xafgg63tmw93t9xspvwx985qu,789
pool1jst7rrhucnp93hepezv5yqy6fx982xs2v0udwfc5ea6my3kfak7,pool1zgxvcqf0dvh0ze56ev2ayjvuex3zdd3hgxzdrcezkx497mv3l7s,780
pool1f2wfjqkf2wx6jq93pdck6hgmy9zgw32lmvrq9zejl7scqxjqfze,pool1ra2su7cvnmr83pu9nvvz4a9carsgc9egc3e5fuk7h9pycyp5ela,777
pool1xmsdhync6k6grkkj7tuycskjpseykpr24luhlazl5nsngsy87gm,pool12l453n0jtxqq88cgwgr67z06ldyhqqvwxgkn0sgungjfvhtp2el,765
pool1zgxvcqf0dvh0ze56ev2ayjvuex3zdd3hgxzdrcezkx497mv3l7s,pool1xmsdhync6k6grkkj7tuycskjpseykpr24luhlazl5nsngsy87gm,761
pool1ng3vqzrhn3z45yjdscv3q37n26g2pj3vp99rfkgv6225y8lqg8j,pool1ynxx88cq0y8vg8yrq3jrw6epm7rq9a8859v34sq9lzjy7ztg90u,760
pool14skj6e4rpjanzclx3fc880xnl8xafgg63tmw93t9xspvwx985qu,pool1zgxvcqf0dvh0ze56ev2ayjvuex3zdd3hgxzdrcezkx497mv3l7s,759
pool1s7ddsvuw09dvk7et6t842vhdfcmq893y88y3ev9attn67mruf5m,pool1vkc0dvuf8rxrch87umfayacgglrh8f88ef0f64xrdue5u2xjwfm,751
pool12l453n0jtxqq88cgwgr67z06ldyhqqvwxgkn0sgungjfvhtp2el,pool1zgxvcqf0dvh0ze56ev2ayjvuex3zdd3hgxzdrcezkx497mv3l7s,751
pool1xmsdhync6k6grkkj7tuycskjpseykpr24luhlazl5nsngsy87gm,pool1zgxvcqf0dvh0ze56ev2ayjvuex3zdd3hgxzdrcezkx497mv3l7s,746
pool1g3ssnndd8e7lcmstkjl9ane9mup0eshv3aklg63u5tznwl4ch87,pool1ynxx88cq0y8vg8yrq3jrw6epm7rq9a8859v34sq9lzjy7ztg90u,744
pool1ng3vqzrhn3z45yjdscv3q37n26g2pj3vp99rfkgv6225y8lqg8j,pool1zgxvcqf0dvh0ze56ev2ayjvuex3zdd3hgxzdrcezkx497mv3l7s,735
pool1mut4phum9hegtl8m2r68gpjh5x8w8t6zwf75zrphhp3qwwrrpgt,pool192pfftt48zc4x5aellvpufk6l6zxllpldw0rx82vrhqrqfhhqs2,734
pool1398lzhvtaa0hgz305d2jz4urfkwkkt66yv476wqe6att2f7dphh,pool1n0uxgs5qfk5n9xl7qvq9jt8zuu02cntrsjnjayjlqtejyffnemj,729
pool1ywpt43nttzjd7883wafg255mh0hmjypwe65ercw6p2sxg5lt7ez,pool1g3ssnndd8e7lcmstkjl9ane9mup0eshv3aklg63u5tznwl4ch87,728
pool1g3ssnndd8e7lcmstkjl9ane9mup0eshv3aklg63u5tznwl4ch87,pool1zgxvcqf0dvh0ze56ev2ayjvuex3zdd3hgxzdrcezkx497mv3l7s,722
pool1vx9tzlkgafernd9vpjpxkenutx2gncj4yn88fpq69823qlwcqrt,pool10akpqvczl93ep4rc59c0aqyn3dm0env2ydysuwmdm670wl24pd8,719
pool1ng3vqzrhn3z45yjdscv3q37n26g2pj3vp99rfkgv6225y8lqg8j,pool14skj6e4rpjanzclx3fc880xnl8xafgg63tmw93t9xspvwx985qu,718
pool1yr0cv3dtmhcfgqa6yetvmf769ngk89e6tepecmjrmjl2jzcw2lm,pool1newmccddazerzanrdeeelvzk6vzh9stxn5n8ravshqa05n0t83u,713
pool10akpqvczl93ep4rc59c0aqyn3dm0env2ydysuwmdm670wl24pd8,pool1gaztx97t53k47fr7282d70tje8323vvzx8pshgts30t9krw62tm,711
pool1zgxvcqf0dvh0ze56ev2ayjvuex3zdd3hgxzdrcezkx497mv3l7s,pool1ynxx88cq0y8vg8yrq3jrw6epm7rq9a8859v34sq9lzjy7ztg90u,709
pool18zle0sy2ex0z3nccd60tz030reg4hn6020fesjt7lcfzz5mmay6,pool10etudcty0dwyl0t40hdmdpry6484ezyk6w0fd97l04k5gwzeege,707
pool1ynxx88cq0y8vg8yrq3jrw6epm7rq9a8859v34sq9lzjy7ztg90u,pool1xmsdhync6k6grkkj7tuycskjpseykpr24luhlazl5nsngsy87gm,704
pool1ynxx88cq0y8vg8yrq3jrw6epm7rq9a8859v34sq9lzjy7ztg90u,pool1ywpt43nttzjd7883wafg255mh0hmjypwe65ercw6p2sxg5lt7ez,700
pool1zgxvcqf0dvh0ze56ev2ayjvuex3zdd3hgxzdrcezkx497mv3l7s,pool1jst7rrhucnp93hepezv5yqy6fx982xs2v0udwfc5ea6my3kfak7,699
pool1uj4u73qgtprqre78q75fq2vkcrpfrcdreqcqkvn6u0m2k6nk2yp,pool1xmsdhync6k6grkkj7tuycskjpseykpr24luhlazl5nsngsy87gm,699
pool1jst7rrhucnp93hepezv5yqy6fx982xs2v0udwfc5ea6my3kfak7,pool14skj6e4rpjanzclx3fc880xnl8xafgg63tmw93t9xspvwx985qu,691
pool12l453n0jtxqq88cgwgr67z06ldyhqqvwxgkn0sgungjfvhtp2el,pool1jst7rrhucnp93hepezv5yqy6fx982xs2v0udwfc5ea6my3kfak7,688
pool1zgxvcqf0dvh0ze56ev2ayjvuex3zdd3hgxzdrcezkx497mv3l7s,pool1uj4u73qgtprqre78q75fq2vkcrpfrcdreqcqkvn6u0m2k6nk2yp,686
pool1uj4u73qgtprqre78q75fq2vkcrpfrcdreqcqkvn6u0m2k6nk2yp,pool1g3ssnndd8e7lcmstkjl9ane9mup0eshv3aklg63u5tznwl4ch87,683
pool1psk0c2p7pwactw00nkzjexdw0msn7g8nddc06eyvds6yswr3tjg,pool16j3mvwws7zc9pjluyhddgea0tq647v0dh3y4nkcuckg9znjcun2,682
pool14skj6e4rpjanzclx3fc880xnl8xafgg63tmw93t9xspvwx985qu,pool1ywpt43nttzjd7883wafg255mh0hmjypwe65ercw6p2sxg5lt7ez,679
pool1xmsdhync6k6grkkj7tuycskjpseykpr24luhlazl5nsngsy87gm,pool1jst7rrhucnp93hepezv5yqy6fx982xs2v0udwfc5ea6my3kfak7,673
pool1u99x2rr6trfznwakv0959llmxmtgc2nvanc067uugl3ejuvvnc8,pool1xlphlhnjvfeh40vcqf9fdewztsj6kyxq6604kaccpv00umjfu0d,671
pool1urgvu6zk422j4xwtxa45lzpd6dm25msfthpkezr042secrtuwzc,pool1mh4ng2ldxk4sqfppzu6r4knxrk6e87e9c4wgrred84uy7xauzlh,667
pool1zgxvcqf0dvh0ze56ev2ayjvuex3zdd3hgxzdrcezkx497mv3l7s,pool1ywpt43nttzjd7883wafg255mh0hmjypwe65ercw6p2sxg5lt7ez,663
pool1qqqqqdk4zhsjuxxd8jyvwncf5eucfskz0xjjj64fdmlgj735lr9,pool19w5khsnmu27au0kprw0kjm8jr7knneysj7lfkqvnu66hyz0jxsx,663
pool1uj4u73qgtprqre78q75fq2vkcrpfrcdreqcqkvn6u0m2k6nk2yp,pool1ywpt43nttzjd7883wafg255mh0hmjypwe65ercw6p2sxg5lt7ez,661
pool14zdqqv73f9xa9re9pzc4sjvgmycf0dm4zclj34zupj032ggnjdw,pool1y2gynck9pd4en5rzm0rueqd2qm7sw89aqmkcntd899vv237qj38,652
pool1grhujlggx90ln0jcnrey4adckysxdx6rqfmx9s6fnhtc2g0qym0,pool1zfhcfw8c3lg0vh0fy8h4y8e25cm7ter9e6sxqskpq0lzyy2wzvm,650
pool1zgxvcqf0dvh0ze56ev2ayjvuex3zdd3hgxzdrcezkx497mv3l7s,pool1g3ssnndd8e7lcmstkjl9ane9mup0eshv3aklg63u5tznwl4ch87,649
pool1grhujlggx90ln0jcnrey4adckysxdx6rqfmx9s6fnhtc2g0qym0,pool1eqxnk8mylmksd9amjlyhseax8lcux09ck3etcvlalfzhuu7qvzp,648
pool10akpqvczl93ep4rc59c0aqyn3dm0env2ydysuwmdm670wl24pd8,pool1vx9tzlkgafernd9vpjpxkenutx2gncj4yn88fpq69823qlwcqrt,646
pool1zgxvcqf0dvh0ze56ev2ayjvuex3zdd3hgxzdrcezkx497mv3l7s,pool12l453n0jtxqq88cgwgr67z06ldyhqqvwxgkn0sgungjfvhtp2el,646
pool1ywpt43nttzjd7883wafg255mh0hmjypwe65ercw6p2sxg5lt7ez,pool1ng3vqzrhn3z45yjdscv3q37n26g2pj3vp99rfkgv6225y8lqg8j,642
pool1jt7d6ak3m8gnjyxtuxfswe258xzwda80ndl0a57vv5m2zv8h6at,pool1yr0cv3dtmhcfgqa6yetvmf769ngk89e6tepecmjrmjl2jzcw2lm,639
pool1ywpt43nttzjd7883wafg255mh0hmjypwe65ercw6p2sxg5lt7ez,pool1jst7rrhucnp93hepezv5yqy6fx982xs2v0udwfc5ea6my3kfak7,626
pool1g3ssnndd8e7lcmstkjl9ane9mup0eshv3aklg63u5tznwl4ch87,pool1ywpt43nttzjd7883wafg255mh0hmjypwe65ercw6p2sxg5lt7ez,624
pool1uj4u73qgtprqre78q75fq2vkcrpfrcdreqcqkvn6u0m2k6nk2yp,pool14skj6e4rpjanzclx3fc880xnl8xafgg63tmw93t9xspvwx985qu,620
pool1g3ssnndd8e7lcmstkjl9ane9mup0eshv3aklg63u5tznwl4ch87,pool1xmsdhync6k6grkkj7tuycskjpseykpr24luhlazl5nsngsy87gm,616
pool15v22rpfg6qx9l0gx0m955gfv7tes0jpa9sy0gjs3a04lv6x9jdr,pool1cunvnkjkzh2lna593sjmkylcr3r5rmxdpr8r9u6pfuer72p24x4,611
pool1ng3vqzrhn3z45yjdscv3q37n26g2pj3vp99rfkgv6225y8lqg8j,pool1jst7rrhucnp93hepezv5yqy6fx982xs2v0udwfc5ea6my3kfak7,609
pool1wf7wk3802jxtkmek6uprm77cgqx53t4qep9kwkl078w3yw0ff69,pool1nwt6mxqus3tpzrshky5h5kykz9rjpxmacrvw0z6yak9uk5p5045,600
pool1g3ssnndd8e7lcmstkjl9ane9mup0eshv3aklg63u5tznwl4ch87,pool14skj6e4rpjanzclx3fc880xnl8xafgg63tmw93t9xspvwx985qu,600
pool1ywpt43nttzjd7883wafg255mh0hmjypwe65ercw6p2sxg5lt7ez,pool1uj4u73qgtprqre78q75fq2vkcrpfrcdreqcqkvn6u0m2k6nk2yp,599
pool1jst7rrhucnp93hepezv5yqy6fx982xs2v0udwfc5ea6my3kfak7,pool1uj4u73qgtprqre78q75fq2vkcrpfrcdreqcqkvn6u0m2k6nk2yp,593
pool1jst7rrhucnp93hepezv5yqy6fx982xs2v0udwfc5ea6my3kfak7,pool1ynxx88cq0y8vg8yrq3jrw6epm7rq9a8859v34sq9lzjy7ztg90u,592
pool1ng3vqzrhn3z45yjdscv3q37n26g2pj3vp99rfkgv6225y8lqg8j,pool12l453n0jtxqq88cgwgr67z06ldyhqqvwxgkn0sgungjfvhtp2el,591
pool1sjwdmeme5zs042jzwmdvxshhv27kepxke0mr02f2yzacsyd4wtu,pool1mh4ng2ldxk4sqfppzu6r4knxrk6e87e9c4wgrred84uy7xauzlh,590
pool14skj6e4rpjanzclx3fc880xnl8xafgg63tmw93t9xspvwx985qu,pool1jst7rrhucnp93hepezv5yqy6fx982xs2v0udwfc5ea6my3kfak7,589
pool12l453n0jtxqq88cgwgr67z06ldyhqqvwxgkn0sgungjfvhtp2el,pool1ynxx88cq0y8vg8yrq3jrw6epm7rq9a8859v34sq9lzjy7ztg90u,587
pool1ynxx88cq0y8vg8yrq3jrw6epm7rq9a8859v34sq9lzjy7ztg90u,pool12l453n0jtxqq88cgwgr67z06ldyhqqvwxgkn0sgungjfvhtp2el,585
pool1g3ssnndd8e7lcmstkjl9ane9mup0eshv3aklg63u5tznwl4ch87,pool1uj4u73qgtprqre78q75fq2vkcrpfrcdreqcqkvn6u0m2k6nk2yp,585
pool1jst7rrhucnp93hepezv5yqy6fx982xs2v0udwfc5ea6my3kfak7,pool12l453n0jtxqq88cgwgr67z06ldyhqqvwxgkn0sgungjfvhtp2el,581
pool1g3ssnndd8e7lcmstkjl9ane9mup0eshv3aklg63u5tznwl4ch87,pool1jst7rrhucnp93hepezv5yqy6fx982xs2v0udwfc5ea6my3kfak7,569
pool1psk0c2p7pwactw00nkzjexdw0msn7g8nddc06eyvds6yswr3tjg,pool138m7hevnvp664cmtralju857t5k7e4frpnaevtgpuykggr50kne,569
pool1vkc0dvuf8rxrch87umfayacgglrh8f88ef0f64xrdue5u2xjwfm,pool1s7ddsvuw09dvk7et6t842vhdfcmq893y88y3ev9attn67mruf5m,567
pool1uj4u73qgtprqre78q75fq2vkcrpfrcdreqcqkvn6u0m2k6nk2yp,pool1ynxx88cq0y8vg8yrq3jrw6epm7rq9a8859v34sq9lzjy7ztg90u,562
pool1uj4u73qgtprqre78q75fq2vkcrpfrcdreqcqkvn6u0m2k6nk2yp,pool12l453n0jtxqq88cgwgr67z06ldyhqqvwxgkn0sgungjfvhtp2el,556
pool12l453n0jtxqq88cgwgr67z06ldyhqqvwxgkn0sgungjfvhtp2el,pool1xmsdhync6k6grkkj7tuycskjpseykpr24luhlazl5nsngsy87gm,554
pool1uj4u73qgtprqre78q75fq2vkcrpfrcdreqcqkvn6u0m2k6nk2yp,pool1jst7rrhucnp93hepezv5yqy6fx982xs2v0udwfc5ea6my3kfak7,554
pool12l453n0jtxqq88cgwgr67z06ldyhqqvwxgkn0sgungjfvhtp2el,pool1ywpt43nttzjd7883wafg255mh0hmjypwe65ercw6p2sxg5lt7ez,549
pool1jst7rrhucnp93hepezv5yqy6fx982xs2v0udwfc5ea6my3kfak7,pool1ng3vqzrhn3z45yjdscv3q37n26g2pj3vp99rfkgv6225y8lqg8j,541
pool1jst7rrhucnp93hepezv5yqy6fx982xs2v0udwfc5ea6my3kfak7,pool1ywpt43nttzjd7883wafg255mh0hmjypwe65ercw6p2sxg5lt7ez,539
pool1f2wfjqkf2wx6jq93pdck6hgmy9zgw32lmvrq9zejl7scqxjqfze,pool15v22rpfg6qx9l0gx0m955gfv7tes0jpa9sy0gjs3a04lv6x9jdr,538
pool14skj6e4rpjanzclx3fc880xnl8xafgg63tmw93t9xspvwx985qu,pool1xmsdhync6k6grkkj7tuycskjpseykpr24luhlazl5nsngsy87gm,536
pool1g3ssnndd8e7lcmstkjl9ane9mup0eshv3aklg63u5tznwl4ch87,pool12l453n0jtxqq88cgwgr67z06ldyhqqvwxgkn0sgungjfvhtp2el,526
pool1xmsdhync6k6grkkj7tuycskjpseykpr24luhlazl5nsngsy87gm,pool1ynxx88cq0y8vg8yrq3jrw6epm7rq9a8859v34sq9lzjy7ztg90u,521
pool1gaztx97t53k47fr7282d70tje8323vvzx8pshgts30t9krw62tm,pool1zz7x8ergn02chznayj9fjds2gk5q6prmpdr49faspd65kzqsrjs,518
pool1g3ssnndd8e7lcmstkjl9ane9mup0eshv3aklg63u5tznwl4ch87,pool1ng3vqzrhn3z45yjdscv3q37n26g2pj3vp99rfkgv6225y8lqg8j,515
pool14skj6e4rpjanzclx3fc880xnl8xafgg63tmw93t9xspvwx985qu,pool12l453n0jtxqq88cgwgr67z06ldyhqqvwxgkn0sgungjfvhtp2el,513
pool15wkxegrfflzcyhurrjxsm9ljqtz09xr5rtnqsarnp7hmsz5um3t,pool1gaztx97t53k47fr7282d70tje8323vvzx8pshgts30t9krw62tm,512
pool1tdsrw0n33gmy0mzh7cgtn9p0jy5xwjxaa2s26gn2ewf8kg4nrzx,pool1ufp38a9zwlvvrzcyxaxdrvav50nd7az5lyuzh4t0h3qp2gqamsx,512
pool1nudasuv0lljpe0tswcverqvlh0v4226vgnpsuxn0e9nkvnvcvne,pool147en6w8f9cplnn5x7qt4ese7fpacmmcwuffrtu0yqxpaz4agppr,512
pool1ng3vqzrhn3z45yjdscv3q37n26g2pj3vp99rfkgv6225y8lqg8j,pool1g3ssnndd8e7lcmstkjl9ane9mup0eshv3aklg63u5tznwl4ch87,511
pool19f6guwy97mmnxg9dz65rxyj8hq07qxud886hamyu4fgfz7dj9gl,pool1mkjtce8r8yeku0mmc9vpwl0scuwuwc8lz89ckpj3k0kwgvlunv5,511
pool1xmsdhync6k6grkkj7tuycskjpseykpr24luhlazl5nsngsy87gm,pool1g3ssnndd8e7lcmstkjl9ane9mup0eshv3aklg63u5tznwl4ch87,510
pool10akpqvczl93ep4rc59c0aqyn3dm0env2ydysuwmdm670wl24pd8,pool1mut4phum9hegtl8m2r68gpjh5x8w8t6zwf75zrphhp3qwwrrpgt,503
pool1vev8z03vh7jwx3mfrgzrt9fltt97nupaxv8ffj4r5r8mgwts5ze,pool1qvvn2l690zm3v2p0f3vd66ly6cfs2wjqx34zpqcx5pwsx3eprtp,503
pool1ynxx88cq0y8vg8yrq3jrw6epm7rq9a8859v34sq9lzjy7ztg90u,pool1jst7rrhucnp93hepezv5yqy6fx982xs2v0udwfc5ea6my3kfak7,503
pool1zkdaju2rjefa52uh6yh6etsxla0x6aqs6p6wm245y5szk7k3msd,pool1newmccddazerzanrdeeelvzk6vzh9stxn5n8ravshqa05n0t83u,501
pool19f6guwy97mmnxg9dz65rxyj8hq07qxud886hamyu4fgfz7dj9gl,pool1qgmwcxs8d8qmr0vtvsqd9u8gugrventh5dcqukmu79e2sgfuu8t,498
pool1mh4ng2ldxk4sqfppzu6r4knxrk6e87e9c4wgrred84uy7xauzlh,pool1jq7r3evstu2c040vlry8tgvpwf0mfvft86cxecwjpwcuvvqfu2r,494
pool1dmpzsnuwxy44ky3dskuhmwpglumy6j0rc5wyfxlu3zym798f79g,pool1eqxnk8mylmksd9amjlyhseax8lcux09ck3etcvlalfzhuu7qvzp,492
pool14skj6e4rpjanzclx3fc880xnl8xafgg63tmw93t9xspvwx985qu,pool1ynxx88cq0y8vg8yrq3jrw6epm7rq9a8859v34sq9lzjy7ztg90u,491
pool1jst7rrhucnp93hepezv5yqy6fx982xs2v0udwfc5ea6my3kfak7,pool1g3ssnndd8e7lcmstkjl9ane9mup0eshv3aklg63u5tznwl4ch87,491
pool1x0qm7xsyh2za3ltprxsgael544je4hg8tc3q3v5gv232z8jt4wp,pool1u99x2rr6trfznwakv0959llmxmtgc2nvanc067uugl3ejuvvnc8,491
pool1zz7x8ergn02chznayj9fjds2gk5q6prmpdr49faspd65kzqsrjs,pool1gaztx97t53k47fr7282d70tje8323vvzx8pshgts30t9krw62tm,478
pool1ynxx88cq0y8vg8yrq3jrw6epm7rq9a8859v34sq9lzjy7ztg90u,pool1ng3vqzrhn3z45yjdscv3q37n26g2pj3vp99rfkgv6225y8lqg8j,475
pool12l453n0jtxqq88cgwgr67z06ldyhqqvwxgkn0sgungjfvhtp2el,pool1g3ssnndd8e7lcmstkjl9ane9mup0eshv3aklg63u5tznwl4ch87,473
pool138m7hevnvp664cmtralju857t5k7e4frpnaevtgpuykggr50kne,pool16j3mvwws7zc9pjluyhddgea0tq647v0dh3y4nkcuckg9znjcun2,473
pool1jst7rrhucnp93hepezv5yqy6fx982xs2v0udwfc5ea6my3kfak7,pool1xmsdhync6k6grkkj7tuycskjpseykpr24luhlazl5nsngsy87gm,469
pool1nhhsh9yhlrvj9e3nce0zpx0xm2xlt6tx7gqakhr6hjc8wy84sat,pool1sysgx87cwxnqy0pqn8g97gdhd0dmre9rw3jvpn2k7apuwa7cgkn,455
pool1ynxx88cq0y8vg8yrq3jrw6epm7rq9a8859v34sq9lzjy7ztg90u,pool1uj4u73qgtprqre78q75fq2vkcrpfrcdreqcqkvn6u0m2k6nk2yp,453
pool1u99x2rr6trfznwakv0959llmxmtgc2nvanc067uugl3ejuvvnc8,pool1x0qm7xsyh2za3ltprxsgael544je4hg8tc3q3v5gv232z8jt4wp,448
pool17ahr5ygy48vpdfnatqn2z4wfu2te4quapk2yx3k50ce6kd7feg0,pool10akpqvczl93ep4rc59c0aqyn3dm0env2ydysuwmdm670wl24pd8,448
pool1xppj5zu9kmuqk05u6dtd3dmtj7fl25cvjyzsc95gmfyjywaslnp,pool1h59405hmvnxz2kyjpll3f65lnqhm7we3u96cws9vzzxzzws9gjc,442
pool1grhujlggx90ln0jcnrey4adckysxdx6rqfmx9s6fnhtc2g0qym0,pool1dmpzsnuwxy44ky3dskuhmwpglumy6j0rc5wyfxlu3zym798f79g,438
pool12l453n0jtxqq88cgwgr67z06ldyhqqvwxgkn0sgungjfvhtp2el,pool1ng3vqzrhn3z45yjdscv3q37n26g2pj3vp99rfkgv6225y8lqg8j,435
pool1ynxx88cq0y8vg8yrq3jrw6epm7rq9a8859v34sq9lzjy7ztg90u,pool1g3ssnndd8e7lcmstkjl9ane9mup0eshv3aklg63u5tznwl4ch87,435
pool1xytvsd9qnvqxpthh9p8k85e823trvn3npxeur8kr9zhkqz5uls9,pool18vej0s9gska8c847aj95g9v24duuxg2g63d5cuqngnxew643jw9,430
pool16fyda57p3c8gp5r6gmcq5tvqsp6mnzwvkxswgznkuh8wztrp6vv,pool1vx9tzlkgafernd9vpjpxkenutx2gncj4yn88fpq69823qlwcqrt,429
pool1urgvu6zk422j4xwtxa45lzpd6dm25msfthpkezr042secrtuwzc,pool1sjwdmeme5zs042jzwmdvxshhv27kepxke0mr02f2yzacsyd4wtu,424
pool1mut4phum9hegtl8m2r68gpjh5x8w8t6zwf75zrphhp3qwwrrpgt,pool1vx9tzlkgafernd9vpjpxkenutx2gncj4yn88fpq69823qlwcqrt,422
pool1ng3vqzrhn3z45yjdscv3q37n26g2pj3vp99rfkgv6225y8lqg8j,pool1uj4u73qgtprqre78q75fq2vkcrpfrcdreqcqkvn6u0m2k6nk2yp,420
pool12z39rkzfylvn9wfe8j6x9ucq6g2l4mw4azj70y0gd8ejczznyj3,pool1gaztx97t53k47fr7282d70tje8323vvzx8pshgts30t9krw62tm,420
pool1mut4phum9hegtl8m2r68gpjh5x8w8t6zwf75zrphhp3qwwrrpgt,pool10akpqvczl93ep4rc59c0aqyn3dm0env2ydysuwmdm670wl24pd8,417
pool1mkjtce8r8yeku0mmc9vpwl0scuwuwc8lz89ckpj3k0kwgvlunv5,pool1pqm2cev326p2mrruzw9xru65uvt3r7f0rdf5gtx54zdskxqhmur,397
pool1dmpzsnuwxy44ky3dskuhmwpglumy6j0rc5wyfxlu3zym798f79g,pool1cjz6kg9a8ug9uk0nc59q60a67c2628ms58rd98gq587jwa2x5qt,396
pool12vs4c3cm0tr49c7alrevfs0xa5g3s4al4fn46h33e69uusat04v,pool1hntu7agmt8u5j9c20ejen7dvq0jfkvkpnul3mrdd8tppqvwfvt2,394
pool1cunvnkjkzh2lna593sjmkylcr3r5rmxdpr8r9u6pfuer72p24x4,pool1ra2su7cvnmr83pu9nvvz4a9carsgc9egc3e5fuk7h9pycyp5ela,388
pool1xmsdhync6k6grkkj7tuycskjpseykpr24luhlazl5nsngsy87gm,pool1ng3vqzrhn3z45yjdscv3q37n26g2pj3vp99rfkgv6225y8lqg8j,387
pool16agnvfan65ypnswgg6rml52lqtcqe5guxltexkn82sqgj2crqtx,pool1u99x2rr6trfznwakv0959llmxmtgc2nvanc067uugl3ejuvvnc8,385
pool1nwt6mxqus3tpzrshky5h5kykz9rjpxmacrvw0z6yak9uk5p5045,pool1wf7wk3802jxtkmek6uprm77cgqx53t4qep9kwkl078w3yw0ff69,383
pool16hs0jxw7h6pwg3ru7rcq3yvg4csj7lhmcpj68kqem2sh5nt8mwk,pool104avq7309gjm0fxms69yqusxy8zf888k4mamngg5vnc6vculpzq,383
pool1u0mc9ywfxl529atxyajuz3pgqnwgnk6w7lejjmjg22ucvn7z9vh,pool1xtrwqwu6jn896szjwsyxxjczl6hc9sq4lh5ax68f7dt3gc0y9rx,382
pool10akpqvczl93ep4rc59c0aqyn3dm0env2ydysuwmdm670wl24pd8,pool1eqa7kxx4xg35cu4rqj4exkvzhenscgh8wxez0gl7hsagygp79kr,381
pool1x0qm7xsyh2za3ltprxsgael544je4hg8tc3q3v5gv232z8jt4wp,pool16agnvfan65ypnswgg6rml52lqtcqe5guxltexkn82sqgj2crqtx,380
pool1vx9tzlkgafernd9vpjpxkenutx2gncj4yn88fpq69823qlwcqrt,pool16fyda57p3c8gp5r6gmcq5tvqsp6mnzwvkxswgznkuh8wztrp6vv,378
pool12z39rkzfylvn9wfe8j6x9ucq6g2l4mw4azj70y0gd8ejczznyj3,pool1vx9tzlkgafernd9vpjpxkenutx2gncj4yn88fpq69823qlwcqrt,376
pool1fys325gzr7kpcjclyy93sx97nm2y4n8raj3830cyez5pqagkfcg,pool18wvrpuz4uftxs83gf39ynh7cy3nds8q0hs7u7yuelu4e78w237s,372
pool1k2qhlrrweu8fecd4hx4hn22lv00nrd3rjdxj6durax7m78q7ynu,pool1n0uxgs5qfk5n9xl7qvq9jt8zuu02cntrsjnjayjlqtejyffnemj,371
pool1nhhsh9yhlrvj9e3nce0zpx0xm2xlt6tx7gqakhr6hjc8wy84sat,pool1n0uxgs5qfk5n9xl7qvq9jt8zuu02cntrsjnjayjlqtejyffnemj,369
pool14skj6e4rpjanzclx3fc880xnl8xafgg63tmw93t9xspvwx985qu,pool1ng3vqzrhn3z45yjdscv3q37n26g2pj3vp99rfkgv6225y8lqg8j,369
pool1vx9tzlkgafernd9vpjpxkenutx2gncj4yn88fpq69823qlwcqrt,pool189lsf6c2upyhmrzddyvyfjxxkqnte9pw8aqx7f4cuf85sjxlm02,368
pool16agnvfan65ypnswgg6rml52lqtcqe5guxltexkn82sqgj2crqtx,pool1gtphgrdj8sluxm9e7ca2spcwcq2p0dxj9zf5v0yv3gsagzq704n,361
pool14skj6e4rpjanzclx3fc880xnl8xafgg63tmw93t9xspvwx985qu,pool1uj4u73qgtprqre78q75fq2vkcrpfrcdreqcqkvn6u0m2k6nk2yp,357
pool12l453n0jtxqq88cgwgr67z06ldyhqqvwxgkn0sgungjfvhtp2el,pool1uj4u73qgtprqre78q75fq2vkcrpfrcdreqcqkvn6u0m2k6nk2yp,355
pool10akpqvczl93ep4rc59c0aqyn3dm0env2ydysuwmdm670wl24pd8,pool16fyda57p3c8gp5r6gmcq5tvqsp6mnzwvkxswgznkuh8wztrp6vv,355
pool1xmsdhync6k6grkkj7tuycskjpseykpr24luhlazl5nsngsy87gm,pool1uj4u73qgtprqre78q75fq2vkcrpfrcdreqcqkvn6u0m2k6nk2yp,354
pool1qa6lqyu67ghpa0evxfu9nzqkj3h82qpfku82ec79zdwru4pd25m,pool1jufp9k6gmyusvch65ra8yk2s7wu6cx5fsgnltl83p93ejg6h3xg,354
pool1jeu74g86ys4fekhykqcww99kdsq3nlym8a6kfw8s8ff3vskad70,pool1zc7vxe3ymyej76h8wu8gm79chtt7w9c3adkza4uhrjvagr9w4zp,353
pool13rx88l4d5gpw69e586tfcdeuzmx6f2ys95pqjnlnmlzrs739h0y,pool1m06dl8dfcy6d0475fanf0mtnnp2tzhw8rarums042q3jux23q0j,353
pool18vej0s9gska8c847aj95g9v24duuxg2g63d5cuqngnxew643jw9,pool1ahazpr2yz5gljk2m4q8g7wnmq7m2sr9unhdfmr5arhqrjnntwdz,353
pool10akpqvczl93ep4rc59c0aqyn3dm0env2ydysuwmdm670wl24pd8,pool17ahr5ygy48vpdfnatqn2z4wfu2te4quapk2yx3k50ce6kd7feg0,350
pool1mh4ng2ldxk4sqfppzu6r4knxrk6e87e9c4wgrred84uy7xauzlh,pool1urgvu6zk422j4xwtxa45lzpd6dm25msfthpkezr042secrtuwzc,349
pool1qqqqdktl6pq46td0mwut0qn30g7nlue0sete9wxl0hwsq37wrw8,pool1gaztx97t53k47fr7282d70tje8323vvzx8pshgts30t9krw62tm,348
pool1ttxtgplmy2v7t9s56gm3xxhsyxe68kpx0vu3utts03p2k4x3avl,pool1y2gynck9pd4en5rzm0rueqd2qm7sw89aqmkcntd899vv237qj38,346
pool1cjz6kg9a8ug9uk0nc59q60a67c2628ms58rd98gq587jwa2x5qt,pool1eqxnk8mylmksd9amjlyhseax8lcux09ck3etcvlalfzhuu7qvzp,346
pool1gtphgrdj8sluxm9e7ca2spcwcq2p0dxj9zf5v0yv3gsagzq704n,pool16agnvfan65ypnswgg6rml52lqtcqe5guxltexkn82sqgj2crqtx,345
pool1qs6h0y7czzt605kptmrv6cr85kxd6tajr2hs0etvxphv7tr7nqu,pool1pmm654jfx088td54ekkkd0j28x6r5gnjdhnutzggursrxjnpk2y,342
pool1z9m2kxeat06t30yf6ar7sqpert0cjdgxzcv2dv36dcwcqcqtgk4,pool1n0uxgs5qfk5n9xl7qvq9jt8zuu02cntrsjnjayjlqtejyffnemj,341
pool16agnvfan65ypnswgg6rml52lqtcqe5guxltexkn82sqgj2crqtx,pool1gaztx97t53k47fr7282d70tje8323vvzx8pshgts30t9krw62tm,339
pool1urgvu6zk422j4xwtxa45lzpd6dm25msfthpkezr042secrtuwzc,pool1jq7r3evstu2c040vlry8tgvpwf0mfvft86cxecwjpwcuvvqfu2r,336
pool17rjst78s67lvellg8s586rf076jxa3wnsdz730f4xk2zwuhrtej,pool1gaztx97t53k47fr7282d70tje8323vvzx8pshgts30t9krw62tm,335
pool147en6w8f9cplnn5x7qt4ese7fpacmmcwuffrtu0yqxpaz4agppr,pool1nudasuv0lljpe0tswcverqvlh0v4226vgnpsuxn0e9nkvnvcvne,335
pool15yyxtkhz64p7a8cnax9l7u82s9t9hdhyxsa3tdm977qhgpnsuhq,pool1lhz4gsk5ezdl5s4mv2kxgrkhzzhad6me2v0xmwuyt845vensdlc,334
pool1mut4phum9hegtl8m2r68gpjh5x8w8t6zwf75zrphhp3qwwrrpgt,pool1ukeqarukv9gxwy9pt8jkr4qvad2yf87758g3xzemmvmtk8lrynp,333
pool1rjxdqghfjw5rv6lxg8qhedkechvfgnsqhl8rrzwck9g45n43yql,pool1ntfxj2jgvhzen8e86ed679ctukar3vj538ywyyq8ryld66jj4sx,333
pool1qqqqpanw9zc0rzh0yp247nzf2s35uvnsm7aaesfl2nnejaev0uc,pool19pyfv4xnln8x4l7auw0n0skk3hd97shun707hrw5d4s553ys74x,332
pool16fyda57p3c8gp5r6gmcq5tvqsp6mnzwvkxswgznkuh8wztrp6vv,pool10akpqvczl93ep4rc59c0aqyn3dm0env2ydysuwmdm670wl24pd8,332
pool1eqa7kxx4xg35cu4rqj4exkvzhenscgh8wxez0gl7hsagygp79kr,pool10akpqvczl93ep4rc59c0aqyn3dm0env2ydysuwmdm670wl24pd8,331
pool1zfhcfw8c3lg0vh0fy8h4y8e25cm7ter9e6sxqskpq0lzyy2wzvm,pool1eqxnk8mylmksd9amjlyhseax8lcux09ck3etcvlalfzhuu7qvzp,329
pool15zrkyr0f80hxlt4scv72tej8l8zwrcphmrega9wutqchjekceal,pool195gdnmj6smzuakm4etxsxw3fgh8asqc4awtcskpyfnkpcvh2v8t,329
pool1u6kpt8hgqcm596kukj97ghefmxn8ks2cgwg8qqe0gtgscnufk5p,pool1853ffwhtuka742fq4av7s3ssdpvzhdkpw53th3es36zkwrllj9g,328
pool195gdnmj6smzuakm4etxsxw3fgh8asqc4awtcskpyfnkpcvh2v8t,pool1gaztx97t53k47fr7282d70tje8323vvzx8pshgts30t9krw62tm,327
pool1jq7r3evstu2c040vlry8tgvpwf0mfvft86cxecwjpwcuvvqfu2r,pool1yvf4nxph69ztm0tgj73ummxq45kfjhecyad26e3xc2002xgzalg,327
pool195gdnmj6smzuakm4etxsxw3fgh8asqc4awtcskpyfnkpcvh2v8t,pool1p8fhygz7ga9hghhwmkr64p3ftn77lxu9nyddvsqszattcdyajc0,325
pool10akpqvczl93ep4rc59c0aqyn3dm0env2ydysuwmdm670wl24pd8,pool12z39rkzfylvn9wfe8j6x9ucq6g2l4mw4azj70y0gd8ejczznyj3,323
pool1ukeqarukv9gxwy9pt8jkr4qvad2yf87758g3xzemmvmtk8lrynp,pool1vx9tzlkgafernd9vpjpxkenutx2gncj4yn88fpq69823qlwcqrt,320
pool1k2qhlrrweu8fecd4hx4hn22lv00nrd3rjdxj6durax7m78q7ynu,pool1sysgx87cwxnqy0pqn8g97gdhd0dmre9rw3jvpn2k7apuwa7cgkn,319
pool12t3zmafwjqms7cuun86uwc8se4na07r3e5xswe86u37djr5f0lx,pool17rjst78s67lvellg8s586rf076jxa3wnsdz730f4xk2zwuhrtej,317
pool10akpqvczl93ep4rc59c0aqyn3dm0env2ydysuwmdm670wl24pd8,pool195gdnmj6smzuakm4etxsxw3fgh8asqc4awtcskpyfnkpcvh2v8t,317
pool1wyfau3rlkckr3clr4mkyxn9vdlrkup0fj7uyyflfccmms24gm3a,pool12rs385dd534g8gtdtmnvlhq63whdvc6vnuzxa5cpx843zdy73qy,315
pool14skj6e4rpjanzclx3fc880xnl8xafgg63tmw93t9xspvwx985qu,pool1g3ssnndd8e7lcmstkjl9ane9mup0eshv3aklg63u5tznwl4ch87,313
pool1u99x2rr6trfznwakv0959llmxmtgc2nvanc067uugl3ejuvvnc8,pool16agnvfan65ypnswgg6rml52lqtcqe5guxltexkn82sqgj2crqtx,313
pool1gaztx97t53k47fr7282d70tje8323vvzx8pshgts30t9krw62tm,pool16fyda57p3c8gp5r6gmcq5tvqsp6mnzwvkxswgznkuh8wztrp6vv,310
pool16agnvfan65ypnswgg6rml52lqtcqe5guxltexkn82sqgj2crqtx,pool1ekcsyzwexl7p2kwxxh34hy28l6772vrmff7jwmuxsa6u6fzty9z,310
pool1ju8f57hyvaa32tp85r468kuedvmjmcy56f8u9968drea57p50l5,pool1zz7x8ergn02chznayj9fjds2gk5q6prmpdr49faspd65kzqsrjs,309
pool1qs6h0y7czzt605kptmrv6cr85kxd6tajr2hs0etvxphv7tr7nqu,pool1m0drnjxsvnlesq0rwmur2rh6lenuql57jfzd6cf6aegj2cv7ugy,309
pool1jq7r3evstu2c040vlry8tgvpwf0mfvft86cxecwjpwcuvvqfu2r,pool1mh4ng2ldxk4sqfppzu6r4knxrk6e87e9c4wgrred84uy7xauzlh,307
pool1uk2f28awascuhrhuwrp7x6y87x8ch33vwx8jtmrysp7l5ngq78j,pool1eqa7kxx4xg35cu4rqj4exkvzhenscgh8wxez0gl7hsagygp79kr,306
pool1rjxdqghfjw5rv6lxg8qhedkechvfgnsqhl8rrzwck9g45n43yql,pool1yt868wrp9s2x5pehe96del9m3nwasme62yw02vww3kg6zwzspcz,306
pool195gdnmj6smzuakm4etxsxw3fgh8asqc4awtcskpyfnkpcvh2v8t,pool15zrkyr0f80hxlt4scv72tej8l8zwrcphmrega9wutqchjekceal,305
pool1grhujlggx90ln0jcnrey4adckysxdx6rqfmx9s6fnhtc2g0qym0,pool1cjz6kg9a8ug9uk0nc59q60a67c2628ms58rd98gq587jwa2x5qt,301
pool16agnvfan65ypnswgg6rml52lqtcqe5guxltexkn82sqgj2crqtx,pool1xytvsd9qnvqxpthh9p8k85e823trvn3npxeur8kr9zhkqz5uls9,300
pool1uk2f28awascuhrhuwrp7x6y87x8ch33vwx8jtmrysp7l5ngq78j,pool1my7sevxtc4dfvj626q0ujqqukntfa2v0uuydq6wd8x8hvml03rn,298
pool1m4enp55hp80tf6xl7k6f6593wnyu3pr83xfvef9x3ktdw9m0em5,pool108zdflss3ayqlm5c7vr6mtqj2uwl99vk28ur8dv4zswdzt6yauc,298
pool14zdqqv73f9xa9re9pzc4sjvgmycf0dm4zclj34zupj032ggnjdw,pool1ttxtgplmy2v7t9s56gm3xxhsyxe68kpx0vu3utts03p2k4x3avl,298
pool1mh4ng2ldxk4sqfppzu6r4knxrk6e87e9c4wgrred84uy7xauzlh,pool1sjwdmeme5zs042jzwmdvxshhv27kepxke0mr02f2yzacsyd4wtu,297
pool1jt7d6ak3m8gnjyxtuxfswe258xzwda80ndl0a57vv5m2zv8h6at,pool128r8qqgl9zgy3ff4759a2qslyauu5takaec3nxx4a6mvj3ys8da,296
pool1mut4phum9hegtl8m2r68gpjh5x8w8t6zwf75zrphhp3qwwrrpgt,pool1tdsrw0n33gmy0mzh7cgtn9p0jy5xwjxaa2s26gn2ewf8kg4nrzx,296
pool1sjwdmeme5zs042jzwmdvxshhv27kepxke0mr02f2yzacsyd4wtu,pool1jq7r3evstu2c040vlry8tgvpwf0mfvft86cxecwjpwcuvvqfu2r,292
pool1vx9tzlkgafernd9vpjpxkenutx2gncj4yn88fpq69823qlwcqrt,pool1mut4phum9hegtl8m2r68gpjh5x8w8t6zwf75zrphhp3qwwrrpgt,292
pool1fys325gzr7kpcjclyy93sx97nm2y4n8raj3830cyez5pqagkfcg,pool1vulu80lngn7t3jf3trclavfal7h58p4ap5f849r35z6mkfvac3c,291
pool1m4enp55hp80tf6xl7k6f6593wnyu3pr83xfvef9x3ktdw9m0em5,pool1hkklrx9ac7w57d79mnv76rxlgq4acg5ecwhyep7k3zn0u5cz2k9,290
pool1z5rt6kn6yvuczj44qla73mfyln9l55lw0jkz6x4kjw00u32zec3,pool1sysgx87cwxnqy0pqn8g97gdhd0dmre9rw3jvpn2k7apuwa7cgkn,290
pool1z9m2kxeat06t30yf6ar7sqpert0cjdgxzcv2dv36dcwcqcqtgk4,pool1sysgx87cwxnqy0pqn8g97gdhd0dmre9rw3jvpn2k7apuwa7cgkn,289
pool1qfxukshs4fkcrflzdnxa2fdza5lfvew3y6echg8ckaa4q8m5hyf,pool1cn0dqtplwf67fds40hgkf0u5rm4q4azev5qutmgkw5hdyvue2ue,289
pool18wvrpuz4uftxs83gf39ynh7cy3nds8q0hs7u7yuelu4e78w237s,pool1f488flg33j9vqzdce87t0e0g6mhjj7aacd4209pg93c77lrpywz,289
pool12z39rkzfylvn9wfe8j6x9ucq6g2l4mw4azj70y0gd8ejczznyj3,pool10akpqvczl93ep4rc59c0aqyn3dm0env2ydysuwmdm670wl24pd8,286
pool1z5rt6kn6yvuczj44qla73mfyln9l55lw0jkz6x4kjw00u32zec3,pool1n0uxgs5qfk5n9xl7qvq9jt8zuu02cntrsjnjayjlqtejyffnemj,286
pool1k9w9u6rrn4f729hws6crwh4kc9jsdjq0e8q0f64jp0vzyallw02,pool1vulu80lngn7t3jf3trclavfal7h58p4ap5f849r35z6mkfvac3c,284
pool1fys325gzr7kpcjclyy93sx97nm2y4n8raj3830cyez5pqagkfcg,pool1f488flg33j9vqzdce87t0e0g6mhjj7aacd4209pg93c77lrpywz,284
pool1dmpzsnuwxy44ky3dskuhmwpglumy6j0rc5wyfxlu3zym798f79g,pool1zfhcfw8c3lg0vh0fy8h4y8e25cm7ter9e6sxqskpq0lzyy2wzvm,284
pool1jf4kt5qvyx4plvv7gna2y2f7xsjh3mt2szk2ff23ryd8qg826hj,pool1gr7jlqk9kmhwuztdwcwf6nyr2teeq9r8h4y62ev0xrrvyvwly64,283
pool10akpqvczl93ep4rc59c0aqyn3dm0env2ydysuwmdm670wl24pd8,pool1qs6h0y7czzt605kptmrv6cr85kxd6tajr2hs0etvxphv7tr7nqu,282
pool195gdnmj6smzuakm4etxsxw3fgh8asqc4awtcskpyfnkpcvh2v8t,pool1vx9tzlkgafernd9vpjpxkenutx2gncj4yn88fpq69823qlwcqrt,281
pool195gdnmj6smzuakm4etxsxw3fgh8asqc4awtcskpyfnkpcvh2v8t,pool10akpqvczl93ep4rc59c0aqyn3dm0env2ydysuwmdm670wl24pd8,281
pool12rs385dd534g8gtdtmnvlhq63whdvc6vnuzxa5cpx843zdy73qy,pool149d5lzg7m6susau4f4yfdztgkty34qrcdpvd3ygsetmljgxxf8g,276
pool1vx9tzlkgafernd9vpjpxkenutx2gncj4yn88fpq69823qlwcqrt,pool12z39rkzfylvn9wfe8j6x9ucq6g2l4mw4azj70y0gd8ejczznyj3,275
pool1a4qtpgce7cu6wzc79fx7qrc3938hkl2gf8c2h5jugvm2gnu86l7,pool19asxjgd6ah9ddzauwede4wpt9vsp6s4ax5nz297wt47evc9sn7z,275
pool1f488flg33j9vqzdce87t0e0g6mhjj7aacd4209pg93c77lrpywz,pool18wvrpuz4uftxs83gf39ynh7cy3nds8q0hs7u7yuelu4e78w237s,275
pool19f6guwy97mmnxg9dz65rxyj8hq07qxud886hamyu4fgfz7dj9gl,pool1m3gg43uhtetn4hmw79u8836dyq8qe4cex8qnn6mks5egza7n6tp,274
pool1lhz4gsk5ezdl5s4mv2kxgrkhzzhad6me2v0xmwuyt845vensdlc,pool1xjhzgchsl2ccvc5pj3aqytv9hh0jnaz63wtfnw4th07tjypm46x,271
pool15zrkyr0f80hxlt4scv72tej8l8zwrcphmrega9wutqchjekceal,pool1mut4phum9hegtl8m2r68gpjh5x8w8t6zwf75zrphhp3qwwrrpgt,270
pool1nz9h4raywm6mu2v8l7htuaqvmn06l3mepuaxynpzlwljsf8txhy,pool1dmpzsnuwxy44ky3dskuhmwpglumy6j0rc5wyfxlu3zym798f79g,270
pool10akpqvczl93ep4rc59c0aqyn3dm0env2ydysuwmdm670wl24pd8,pool15zrkyr0f80hxlt4scv72tej8l8zwrcphmrega9wutqchjekceal,269
pool12z39rkzfylvn9wfe8j6x9ucq6g2l4mw4azj70y0gd8ejczznyj3,pool1pfdd8d8n7jx0xnk4uev3x36se87c747w6l2d5x7fanh5w9evhw2,269
pool1xlphlhnjvfeh40vcqf9fdewztsj6kyxq6604kaccpv00umjfu0d,pool1cyq3v3v43hu7spwlfxdm6vq9djpsjjueerhlu5qr2rvd57vqk84,269
pool166dkk9kx5y6ug9tnvh0dnvxhwt2yca3g5pd5jaqa8t39cgyqqlr,pool1qvvn2l690zm3v2p0f3vd66ly6cfs2wjqx34zpqcx5pwsx3eprtp,269
pool1fys325gzr7kpcjclyy93sx97nm2y4n8raj3830cyez5pqagkfcg,pool13r377w5pmy4tmhuvw0cf9q23asslzjytsruwa27tdnflq7hfjgk,269
pool1z9m2kxeat06t30yf6ar7sqpert0cjdgxzcv2dv36dcwcqcqtgk4,pool1nhhsh9yhlrvj9e3nce0zpx0xm2xlt6tx7gqakhr6hjc8wy84sat,267
pool16j3mvwws7zc9pjluyhddgea0tq647v0dh3y4nkcuckg9znjcun2,pool1psk0c2p7pwactw00nkzjexdw0msn7g8nddc06eyvds6yswr3tjg,265
pool1fys325gzr7kpcjclyy93sx97nm2y4n8raj3830cyez5pqagkfcg,pool1k9w9u6rrn4f729hws6crwh4kc9jsdjq0e8q0f64jp0vzyallw02,265
pool1cj8dxjjlyn9xmjavr98ytmvlpd4vwgqp36kq8rl6jjyt6k2adfh,pool1rtj8f2pjedcjh78ey2fc4wvatjyeudeam6lsv6snttwuvhn2vsq,262
pool1z56rnzw94rxxm5mwkyxfdwfej5fdh0k7056gqs6whr8tyjn48wq,pool14zdqqv73f9xa9re9pzc4sjvgmycf0dm4zclj34zupj032ggnjdw,262
pool19pyfv4xnln8x4l7auw0n0skk3hd97shun707hrw5d4s553ys74x,pool1qqqqpanw9zc0rzh0yp247nzf2s35uvnsm7aaesfl2nnejaev0uc,262
pool1x0qm7xsyh2za3ltprxsgael544je4hg8tc3q3v5gv232z8jt4wp,pool1nhlv5z2lsptzgcp9ype0mppc7zyndm66ypm4sw5hy27ewdchqx0,262
pool12z39rkzfylvn9wfe8j6x9ucq6g2l4mw4azj70y0gd8ejczznyj3,pool17ahr5ygy48vpdfnatqn2z4wfu2te4quapk2yx3k50ce6kd7feg0,260
pool104avq7309gjm0fxms69yqusxy8zf888k4mamngg5vnc6vculpzq,pool16hs0jxw7h6pwg3ru7rcq3yvg4csj7lhmcpj68kqem2sh5nt8mwk,260
pool120563wl92yssz66evk4u9lxm7zh6gk2wws0zfe8ep4e0gc77ypt,pool1vulu80lngn7t3jf3trclavfal7h58p4ap5f849r35z6mkfvac3c,259
pool12z39rkzfylvn9wfe8j6x9ucq6g2l4mw4azj70y0gd8ejczznyj3,pool1eqa7kxx4xg35cu4rqj4exkvzhenscgh8wxez0gl7hsagygp79kr,258
pool1ttxtgplmy2v7t9s56gm3xxhsyxe68kpx0vu3utts03p2k4x3avl,pool1p3chxyfv5cfk95hwq5zqjuljrpyk3uk5ua5alpn8rjgkkvvy8ne,256
pool1xxhs2zw5xa4g54d5p62j46nlqzwp8jklqvuv2agjlapwjx9qkg9,pool1ekcsyzwexl7p2kwxxh34hy28l6772vrmff7jwmuxsa6u6fzty9z,256
pool1gtphgrdj8sluxm9e7ca2spcwcq2p0dxj9zf5v0yv3gsagzq704n,pool1lurfk0k0wwx54hlg8a7zp3jtstu57u59aeq7aketl55hknmmtu0,256
pool1ukeqarukv9gxwy9pt8jkr4qvad2yf87758g3xzemmvmtk8lrynp,pool189lsf6c2upyhmrzddyvyfjxxkqnte9pw8aqx7f4cuf85sjxlm02,254
pool1pxw4z2m0lmw422hr32dwyy3uz9436g8p7qdmg2sl2w0m5pyk3yn,pool1dmqzwuql5mylffvn7ln3pr9j7kh4gdsssrmma5wgx56f6rtyf42,254
pool1zmfpd5r5vfwjmwm4cgy53exe58h7plnecny3t4948yw7zumzp4c,pool1vquhv3kh6xkklckaenl8alyuhfsld57ef5573aqauueyqacx4ak,252
pool1x0qm7xsyh2za3ltprxsgael544je4hg8tc3q3v5gv232z8jt4wp,pool16kus5xvdysgmtjp0hhlwt72tsm0yn2zcn0a8wg9emc6c75lxvmc,251
pool1vquhv3kh6xkklckaenl8alyuhfsld57ef5573aqauueyqacx4ak,pool10akpqvczl93ep4rc59c0aqyn3dm0env2ydysuwmdm670wl24pd8,251
pool1fys325gzr7kpcjclyy93sx97nm2y4n8raj3830cyez5pqagkfcg,pool120563wl92yssz66evk4u9lxm7zh6gk2wws0zfe8ep4e0gc77ypt,251
pool1mh4ng2ldxk4sqfppzu6r4knxrk6e87e9c4wgrred84uy7xauzlh,pool1yvf4nxph69ztm0tgj73ummxq45kfjhecyad26e3xc2002xgzalg,250
pool1hntu7agmt8u5j9c20ejen7dvq0jfkvkpnul3mrdd8tppqvwfvt2,pool12vs4c3cm0tr49c7alrevfs0xa5g3s4al4fn46h33e69uusat04v,248
pool10akpqvczl93ep4rc59c0aqyn3dm0env2ydysuwmdm670wl24pd8,pool1l37xvdpcl49kr3wscpjp9pr854g06nnjrlndtu3h7k6pvfapgap,248
pool12vs4c3cm0tr49c7alrevfs0xa5g3s4al4fn46h33e69uusat04v,pool17kew7rtakc7g6qzydntann5umw08xq3ll2j7spk7en4kvff69fa,248
pool1fqwnqk3phwa2s5thgym8dw34pv0z67m526uqprnjh93cvzxymef,pool104avq7309gjm0fxms69yqusxy8zf888k4mamngg5vnc6vculpzq,246
pool1k633phcvz2hjhj45evwwau4w576jpq83acg5h84w23jauqu56cw,pool1nz9h4raywm6mu2v8l7htuaqvmn06l3mepuaxynpzlwljsf8txhy,246
pool1z9m2kxeat06t30yf6ar7sqpert0cjdgxzcv2dv36dcwcqcqtgk4,pool1k2qhlrrweu8fecd4hx4hn22lv00nrd3rjdxj6durax7m78q7ynu,245
pool1xytvsd9qnvqxpthh9p8k85e823trvn3npxeur8kr9zhkqz5uls9,pool16agnvfan65ypnswgg6rml52lqtcqe5guxltexkn82sqgj2crqtx,244
pool1vx9tzlkgafernd9vpjpxkenutx2gncj4yn88fpq69823qlwcqrt,pool17ahr5ygy48vpdfnatqn2z4wfu2te4quapk2yx3k50ce6kd7feg0,241
pool1qqqqdktl6pq46td0mwut0qn30g7nlue0sete9wxl0hwsq37wrw8,pool1vx9tzlkgafernd9vpjpxkenutx2gncj4yn88fpq69823qlwcqrt,240
pool14zdqqv73f9xa9re9pzc4sjvgmycf0dm4zclj34zupj032ggnjdw,pool17h6slydr6rd9vquqa38p5cf9xqnpc24w6a99rhllcjzljgugx6x,239
pool1hkklrx9ac7w57d79mnv76rxlgq4acg5ecwhyep7k3zn0u5cz2k9,pool1m4enp55hp80tf6xl7k6f6593wnyu3pr83xfvef9x3ktdw9m0em5,239
pool15v22rpfg6qx9l0gx0m955gfv7tes0jpa9sy0gjs3a04lv6x9jdr,pool1ra2su7cvnmr83pu9nvvz4a9carsgc9egc3e5fuk7h9pycyp5ela,239
pool1x0qm7xsyh2za3ltprxsgael544je4hg8tc3q3v5gv232z8jt4wp,pool1ekcsyzwexl7p2kwxxh34hy28l6772vrmff7jwmuxsa6u6fzty9z,238
pool1vx9tzlkgafernd9vpjpxkenutx2gncj4yn88fpq69823qlwcqrt,pool1du3r4a7xq60hg2x0wcz7lw5ya3qs74rk258c8kanp93rsqdqu45,238
pool1gaztx97t53k47fr7282d70tje8323vvzx8pshgts30t9krw62tm,pool17rjst78s67lvellg8s586rf076jxa3wnsdz730f4xk2zwuhrtej,238
pool16fyda57p3c8gp5r6gmcq5tvqsp6mnzwvkxswgznkuh8wztrp6vv,pool12z39rkzfylvn9wfe8j6x9ucq6g2l4mw4azj70y0gd8ejczznyj3,237
pool104avq7309gjm0fxms69yqusxy8zf888k4mamngg5vnc6vculpzq,pool1qnrqc7zpwye2r9wtkayh2dryvfqs7unp99f2039duljrsaffq5c,237
pool1cjz6kg9a8ug9uk0nc59q60a67c2628ms58rd98gq587jwa2x5qt,pool1dmpzsnuwxy44ky3dskuhmwpglumy6j0rc5wyfxlu3zym798f79g,236
pool195gdnmj6smzuakm4etxsxw3fgh8asqc4awtcskpyfnkpcvh2v8t,pool1mut4phum9hegtl8m2r68gpjh5x8w8t6zwf75zrphhp3qwwrrpgt,235
pool173mzegwuu0pjcrt60ekelzj5haqr8r5e4e0n45qh9jdz7xm5kh8,pool1uk2f28awascuhrhuwrp7x6y87x8ch33vwx8jtmrysp7l5ngq78j,235
pool103455uc7a3477q8pdmzvny884qtlv9vhm2csxvqx2cadwuk36sq,pool1c7jrfce3zxkk9s9enzpvwj8fuayvx3pdzc2k2es6mrw6gsfcjep,234
pool1eqxnk8mylmksd9amjlyhseax8lcux09ck3etcvlalfzhuu7qvzp,pool1dmpzsnuwxy44ky3dskuhmwpglumy6j0rc5wyfxlu3zym798f79g,234
pool1eqa7kxx4xg35cu4rqj4exkvzhenscgh8wxez0gl7hsagygp79kr,pool1uk2f28awascuhrhuwrp7x6y87x8ch33vwx8jtmrysp7l5ngq78j,233
pool1xn63858ej0gcs4tkjm2e3a2fgjrecfxtvzq3465ypl8ywkx7gcv,pool1gr5pa4shzsyefw445qrpn5pxnuxa8tuev0jquz04acdx6efjpvg,232
pool12rs385dd534g8gtdtmnvlhq63whdvc6vnuzxa5cpx843zdy73qy,pool1wyfau3rlkckr3clr4mkyxn9vdlrkup0fj7uyyflfccmms24gm3a,232
pool12t3zmafwjqms7cuun86uwc8se4na07r3e5xswe86u37djr5f0lx,pool1lfvzgsrghmugvpym868mh29288ez0nncz680mamzjygu2jpuwcd,232
pool12t3zmafwjqms7cuun86uwc8se4na07r3e5xswe86u37djr5f0lx,pool1k633phcvz2hjhj45evwwau4w576jpq83acg5h84w23jauqu56cw,232
pool1q0a7a94cfk4ph7gugj636tsuhhd98l2sfjv2adhaff2mvs7kmtl,pool1fqwnqk3phwa2s5thgym8dw34pv0z67m526uqprnjh93cvzxymef,230
pool17taqml487n9t4r9a6ppvf9qv0qlw2lu4zcrzwfdsfcv6xp7uqym,pool17h6slydr6rd9vquqa38p5cf9xqnpc24w6a99rhllcjzljgugx6x,230
pool1x0qm7xsyh2za3ltprxsgael544je4hg8tc3q3v5gv232z8jt4wp,pool1xlphlhnjvfeh40vcqf9fdewztsj6kyxq6604kaccpv00umjfu0d,230
pool1xytvsd9qnvqxpthh9p8k85e823trvn3npxeur8kr9zhkqz5uls9,pool1ekcsyzwexl7p2kwxxh34hy28l6772vrmff7jwmuxsa6u6fzty9z,229
pool104avq7309gjm0fxms69yqusxy8zf888k4mamngg5vnc6vculpzq,pool1fqwnqk3phwa2s5thgym8dw34pv0z67m526uqprnjh93cvzxymef,229
pool12z39rkzfylvn9wfe8j6x9ucq6g2l4mw4azj70y0gd8ejczznyj3,pool16fyda57p3c8gp5r6gmcq5tvqsp6mnzwvkxswgznkuh8wztrp6vv,228
pool1eqxnk8mylmksd9amjlyhseax8lcux09ck3etcvlalfzhuu7qvzp,pool16ajaae2n5lsyr4f9k9uz5y8tpf0996tw640dzu7chwp2wdrnz6a,228
pool1qnrqc7zpwye2r9wtkayh2dryvfqs7unp99f2039duljrsaffq5c,pool1jdhjfcu34lq88rypdtslzwyf27uh0h3apcr9mjd68zhc69r29fy,227
pool1rvng7n968748udkc5rxy4h9zp9hms4s3jsfwuues76ft28uc056,pool1ppznyu6qrvlw9uuqa3tslryjd40nh56jyvmaqw6kdf4kzq3y8kh,227
pool16agnvfan65ypnswgg6rml52lqtcqe5guxltexkn82sqgj2crqtx,pool1vx9tzlkgafernd9vpjpxkenutx2gncj4yn88fpq69823qlwcqrt,227
pool16agnvfan65ypnswgg6rml52lqtcqe5guxltexkn82sqgj2crqtx,pool1yj9xduuwzvdkcwm2mc9x893zq684x7pyah4ja8zmzplgvxz6wgk,226
pool17ahr5ygy48vpdfnatqn2z4wfu2te4quapk2yx3k50ce6kd7feg0,pool12z39rkzfylvn9wfe8j6x9ucq6g2l4mw4azj70y0gd8ejczznyj3,224
pool1qs6h0y7czzt605kptmrv6cr85kxd6tajr2hs0etvxphv7tr7nqu,pool192pfftt48zc4x5aellvpufk6l6zxllpldw0rx82vrhqrqfhhqs2,223
pool1jk25l2pejpdzq8vdjlxrr05th49v9tgd78fqrtxvuw3rumpfc6t,pool1jt7d6ak3m8gnjyxtuxfswe258xzwda80ndl0a57vv5m2zv8h6at,222
pool1xjhzgchsl2ccvc5pj3aqytv9hh0jnaz63wtfnw4th07tjypm46x,pool13qdkwy5y88ncr5qpjrh8hgtf94d0zw4wuhgezjg3hvlyyrh37c7,222
pool1sjwdmeme5zs042jzwmdvxshhv27kepxke0mr02f2yzacsyd4wtu,pool1yvf4nxph69ztm0tgj73ummxq45kfjhecyad26e3xc2002xgzalg,222
pool15zrkyr0f80hxlt4scv72tej8l8zwrcphmrega9wutqchjekceal,pool10akpqvczl93ep4rc59c0aqyn3dm0env2ydysuwmdm670wl24pd8,221
pool1qqqqdktl6pq46td0mwut0qn30g7nlue0sete9wxl0hwsq37wrw8,pool1eqa7kxx4xg35cu4rqj4exkvzhenscgh8wxez0gl7hsagygp79kr,221
pool108zdflss3ayqlm5c7vr6mtqj2uwl99vk28ur8dv4zswdzt6yauc,pool1hkklrx9ac7w57d79mnv76rxlgq4acg5ecwhyep7k3zn0u5cz2k9,221
pool1cunvnkjkzh2lna593sjmkylcr3r5rmxdpr8r9u6pfuer72p24x4,pool15v22rpfg6qx9l0gx0m955gfv7tes0jpa9sy0gjs3a04lv6x9jdr,221
pool1qgmwcxs8d8qmr0vtvsqd9u8gugrventh5dcqukmu79e2sgfuu8t,pool1mkjtce8r8yeku0mmc9vpwl0scuwuwc8lz89ckpj3k0kwgvlunv5,221
pool19w5khsnmu27au0kprw0kjm8jr7knneysj7lfkqvnu66hyz0jxsx,pool1gaztx97t53k47fr7282d70tje8323vvzx8pshgts30t9krw62tm,221
pool167zl76srpt5a2gthpsq0ye9z4fpray5vsh7xyzcn63hd5mnw7fa,pool1fqwnqk3phwa2s5thgym8dw34pv0z67m526uqprnjh93cvzxymef,220
pool1zmfpd5r5vfwjmwm4cgy53exe58h7plnecny3t4948yw7zumzp4c,pool12z39rkzfylvn9wfe8j6x9ucq6g2l4mw4azj70y0gd8ejczznyj3,219
pool17ahr5ygy48vpdfnatqn2z4wfu2te4quapk2yx3k50ce6kd7feg0,pool1mut4phum9hegtl8m2r68gpjh5x8w8t6zwf75zrphhp3qwwrrpgt,219
pool1eqa7kxx4xg35cu4rqj4exkvzhenscgh8wxez0gl7hsagygp79kr,pool17ahr5ygy48vpdfnatqn2z4wfu2te4quapk2yx3k50ce6kd7feg0,218
pool1xytvsd9qnvqxpthh9p8k85e823trvn3npxeur8kr9zhkqz5uls9,pool1u99x2rr6trfznwakv0959llmxmtgc2nvanc067uugl3ejuvvnc8,218
pool17taqml487n9t4r9a6ppvf9qv0qlw2lu4zcrzwfdsfcv6xp7uqym,pool16ajaae2n5lsyr4f9k9uz5y8tpf0996tw640dzu7chwp2wdrnz6a,218
pool1w7c2j0px43jmudhf48ezp7dy8j7904c9l3wc7809lhh2z026hch,pool15zrkyr0f80hxlt4scv72tej8l8zwrcphmrega9wutqchjekceal,216
pool1xxhs2zw5xa4g54d5p62j46nlqzwp8jklqvuv2agjlapwjx9qkg9,pool1x0qm7xsyh2za3ltprxsgael544je4hg8tc3q3v5gv232z8jt4wp,215
pool1jq7r3evstu2c040vlry8tgvpwf0mfvft86cxecwjpwcuvvqfu2r,pool1sjwdmeme5zs042jzwmdvxshhv27kepxke0mr02f2yzacsyd4wtu,213
pool1vx9tzlkgafernd9vpjpxkenutx2gncj4yn88fpq69823qlwcqrt,pool15wkxegrfflzcyhurrjxsm9ljqtz09xr5rtnqsarnp7hmsz5um3t,213
pool1c55n72ag3tz8g7rntzuu9a86u7eugsy008xl3xsje8kwgvz2vdz,pool1pmm654jfx088td54ekkkd0j28x6r5gnjdhnutzggursrxjnpk2y,213
pool19w5khsnmu27au0kprw0kjm8jr7knneysj7lfkqvnu66hyz0jxsx,pool1qqqqqdk4zhsjuxxd8jyvwncf5eucfskz0xjjj64fdmlgj735lr9,213
pool1eqa7kxx4xg35cu4rqj4exkvzhenscgh8wxez0gl7hsagygp79kr,pool12z39rkzfylvn9wfe8j6x9ucq6g2l4mw4azj70y0gd8ejczznyj3,212
pool19f6guwy97mmnxg9dz65rxyj8hq07qxud886hamyu4fgfz7dj9gl,pool1gsrcrjm6ctkquef6m8jsyvplv0j357hupn92uklqdcm7729ytv6,212
pool1qgmwcxs8d8qmr0vtvsqd9u8gugrventh5dcqukmu79e2sgfuu8t,pool1ztk6dcj2nc3plnujf3ek6jqngtx8hcryufz56lyumemlcy2xxn0,211
pool12z39rkzfylvn9wfe8j6x9ucq6g2l4mw4azj70y0gd8ejczznyj3,pool15zrkyr0f80hxlt4scv72tej8l8zwrcphmrega9wutqchjekceal,210
pool12z39rkzfylvn9wfe8j6x9ucq6g2l4mw4azj70y0gd8ejczznyj3,pool195gdnmj6smzuakm4etxsxw3fgh8asqc4awtcskpyfnkpcvh2v8t,210
pool19nhmxfd2tts089nx742g8jtc2ynwstkhp2594y0wwp6d5we25f6,pool1cuhcw4dhj577rzz847q5swfvrnthj2vn62hry6ljzp6g6v3ag77,209
pool16agnvfan65ypnswgg6rml52lqtcqe5guxltexkn82sqgj2crqtx,pool1xlphlhnjvfeh40vcqf9fdewztsj6kyxq6604kaccpv00umjfu0d,209
pool1urgvu6zk422j4xwtxa45lzpd6dm25msfthpkezr042secrtuwzc,pool1yvf4nxph69ztm0tgj73ummxq45kfjhecyad26e3xc2002xgzalg,209
pool1xytvsd9qnvqxpthh9p8k85e823trvn3npxeur8kr9zhkqz5uls9,pool1ahazpr2yz5gljk2m4q8g7wnmq7m2sr9unhdfmr5arhqrjnntwdz,208
pool15zn2lqq4849ujttuthaycpamnyr8ae9k2pn2fkrlfzzsx4ek0tc,pool1grgycym8cf0xmgjjr7gx7udmkpu93hqaygysy5myx6ghx8dvl5r,208
pool16fyda57p3c8gp5r6gmcq5tvqsp6mnzwvkxswgznkuh8wztrp6vv,pool17ahr5ygy48vpdfnatqn2z4wfu2te4quapk2yx3k50ce6kd7feg0,207
pool16kus5xvdysgmtjp0hhlwt72tsm0yn2zcn0a8wg9emc6c75lxvmc,pool103455uc7a3477q8pdmzvny884qtlv9vhm2csxvqx2cadwuk36sq,207
pool1zfhcfw8c3lg0vh0fy8h4y8e25cm7ter9e6sxqskpq0lzyy2wzvm,pool1dmpzsnuwxy44ky3dskuhmwpglumy6j0rc5wyfxlu3zym798f79g,207
pool1x0qm7xsyh2za3ltprxsgael544je4hg8tc3q3v5gv232z8jt4wp,pool1m62sl6rauje9cknrkhwl39tc4hujudkd7gp478dpz7tagmjr8wm,206
pool19asxjgd6ah9ddzauwede4wpt9vsp6s4ax5nz297wt47evc9sn7z,pool1a4qtpgce7cu6wzc79fx7qrc3938hkl2gf8c2h5jugvm2gnu86l7,206
pool19f6guwy97mmnxg9dz65rxyj8hq07qxud886hamyu4fgfz7dj9gl,pool1vev8z03vh7jwx3mfrgzrt9fltt97nupaxv8ffj4r5r8mgwts5ze,206
pool15zrkyr0f80hxlt4scv72tej8l8zwrcphmrega9wutqchjekceal,pool1w7c2j0px43jmudhf48ezp7dy8j7904c9l3wc7809lhh2z026hch,206
pool1xlphlhnjvfeh40vcqf9fdewztsj6kyxq6604kaccpv00umjfu0d,pool1xn4kqt45xh3udf87kmtkdfz8xh9qn6trlqsf39eusk23ufmxhgr,205
pool10s6zdzdnncnfc200wnlp9endaeud76v424zdnurx9askwshm02x,pool1gr7jlqk9kmhwuztdwcwf6nyr2teeq9r8h4y62ev0xrrvyvwly64,205
pool1vx9tzlkgafernd9vpjpxkenutx2gncj4yn88fpq69823qlwcqrt,pool195gdnmj6smzuakm4etxsxw3fgh8asqc4awtcskpyfnkpcvh2v8t,203
pool1ttxtgplmy2v7t9s56gm3xxhsyxe68kpx0vu3utts03p2k4x3avl,pool1yctcnexnjqq25ve5jh2dh6zswz98leafjcq356lfspsdk9z690e,202
pool1rvjj8cp3urh7de07pm0ceqha2x4lxws69lhd4429dm6djfjsy4l,pool135h773klt7djljmyawkh88e8qc457wxqfhc6j9h6y9n4y3sgh7t,201
pool1mkjtce8r8yeku0mmc9vpwl0scuwuwc8lz89ckpj3k0kwgvlunv5,pool14rnkjjate6rqa7f9xmezgwne99n8hlahg7ymcyhzkhus758r3h7,201
pool16kus5xvdysgmtjp0hhlwt72tsm0yn2zcn0a8wg9emc6c75lxvmc,pool1ekcsyzwexl7p2kwxxh34hy28l6772vrmff7jwmuxsa6u6fzty9z,201
pool1zmfpd5r5vfwjmwm4cgy53exe58h7plnecny3t4948yw7zumzp4c,pool173mzegwuu0pjcrt60ekelzj5haqr8r5e4e0n45qh9jdz7xm5kh8,200
pool12t3zmafwjqms7cuun86uwc8se4na07r3e5xswe86u37djr5f0lx,pool1nz9h4raywm6mu2v8l7htuaqvmn06l3mepuaxynpzlwljsf8txhy,200
pool1vquhv3kh6xkklckaenl8alyuhfsld57ef5573aqauueyqacx4ak,pool17ahr5ygy48vpdfnatqn2z4wfu2te4quapk2yx3k50ce6kd7feg0,199
pool16agnvfan65ypnswgg6rml52lqtcqe5guxltexkn82sqgj2crqtx,pool1x0qm7xsyh2za3ltprxsgael544je4hg8tc3q3v5gv232z8jt4wp,199
pool1ju8f57hyvaa32tp85r468kuedvmjmcy56f8u9968drea57p50l5,pool1vx9tzlkgafernd9vpjpxkenutx2gncj4yn88fpq69823qlwcqrt,198
pool19f6guwy97mmnxg9dz65rxyj8hq07qxud886hamyu4fgfz7dj9gl,pool1m3h5p82m6v99nda37rmed8vrkqt43e2a8d89k76gw5ets0gdyag,197
pool1du3r4a7xq60hg2x0wcz7lw5ya3qs74rk258c8kanp93rsqdqu45,pool1vx9tzlkgafernd9vpjpxkenutx2gncj4yn88fpq69823qlwcqrt,197
pool14zdcvdec8qmqzsat5wg3a2h9f0u5yzrgjew534z8u3gs5durnjz,pool1vev8z03vh7jwx3mfrgzrt9fltt97nupaxv8ffj4r5r8mgwts5ze,197
pool16hs0jxw7h6pwg3ru7rcq3yvg4csj7lhmcpj68kqem2sh5nt8mwk,pool1qnrqc7zpwye2r9wtkayh2dryvfqs7unp99f2039duljrsaffq5c,196
pool14fjmlppz76667ws3jl5luejf2wgztuhpsftulvh3ucc65anqgve,pool10zyf32q3w3n9x940j6yqgkwuegzn77p94wcmpku6gvmrqw8a97d,196
pool1jg3fmnmc9n52sgzslhhvhye5e3xeqmrwkekdhh82sma47r47zg0,pool1jdhjfcu34lq88rypdtslzwyf27uh0h3apcr9mjd68zhc69r29fy,196
pool12vs4c3cm0tr49c7alrevfs0xa5g3s4al4fn46h33e69uusat04v,pool1uyvyxt9k9g038h567x8halej4x87j7m4r4zyz9lhv4dcv83husk,196
pool17rjst78s67lvellg8s586rf076jxa3wnsdz730f4xk2zwuhrtej,pool1lfvzgsrghmugvpym868mh29288ez0nncz680mamzjygu2jpuwcd,194
pool1gaztx97t53k47fr7282d70tje8323vvzx8pshgts30t9krw62tm,pool15wkxegrfflzcyhurrjxsm9ljqtz09xr5rtnqsarnp7hmsz5um3t,194
pool17ahr5ygy48vpdfnatqn2z4wfu2te4quapk2yx3k50ce6kd7feg0,pool1vx9tzlkgafernd9vpjpxkenutx2gncj4yn88fpq69823qlwcqrt,194
pool1f488flg33j9vqzdce87t0e0g6mhjj7aacd4209pg93c77lrpywz,pool1k9w9u6rrn4f729hws6crwh4kc9jsdjq0e8q0f64jp0vzyallw02,194
pool1lvsa8e0dw6z8g2fkw7prnfa7627wuy5jjexaadck6w5sxw5xkvm,pool1ppznyu6qrvlw9uuqa3tslryjd40nh56jyvmaqw6kdf4kzq3y8kh,194
pool1lurfk0k0wwx54hlg8a7zp3jtstu57u59aeq7aketl55hknmmtu0,pool16agnvfan65ypnswgg6rml52lqtcqe5guxltexkn82sqgj2crqtx,193
pool1ekcsyzwexl7p2kwxxh34hy28l6772vrmff7jwmuxsa6u6fzty9z,pool1uautzneywzapn03te7q3sd737xdfejgjlu4mdfjz7mweq92dugg,193
pool1fqwnqk3phwa2s5thgym8dw34pv0z67m526uqprnjh93cvzxymef,pool16hs0jxw7h6pwg3ru7rcq3yvg4csj7lhmcpj68kqem2sh5nt8mwk,193
pool1srdjughnhp8xnn0wlf7gj7v9k8lmzl9ht4vhksp5qqc66fnpccj,pool1uct8k7ruvu3dgl9hws4pj3tk9stzpls4evnys4r8q5vj2p9w92w,193
pool17ahr5ygy48vpdfnatqn2z4wfu2te4quapk2yx3k50ce6kd7feg0,pool195gdnmj6smzuakm4etxsxw3fgh8asqc4awtcskpyfnkpcvh2v8t,193
pool1ywpt43nttzjd7883wafg255mh0hmjypwe65ercw6p2sxg5lt7ez,pool1frz0ds4nhg4t0e30jadc5kwx35kzj2vfp9eak9ehh2727m4dqnv,193
pool108zdflss3ayqlm5c7vr6mtqj2uwl99vk28ur8dv4zswdzt6yauc,pool10akpqvczl93ep4rc59c0aqyn3dm0env2ydysuwmdm670wl24pd8,191
pool16kus5xvdysgmtjp0hhlwt72tsm0yn2zcn0a8wg9emc6c75lxvmc,pool1lurfk0k0wwx54hlg8a7zp3jtstu57u59aeq7aketl55hknmmtu0,190
pool1uhy50u9y76nd6z2xmzt3mta0yc7g3gdssef8lheyyg7zzymgzm8,pool16hs0jxw7h6pwg3ru7rcq3yvg4csj7lhmcpj68kqem2sh5nt8mwk,190
pool16fyda57p3c8gp5r6gmcq5tvqsp6mnzwvkxswgznkuh8wztrp6vv,pool1du3r4a7xq60hg2x0wcz7lw5ya3qs74rk258c8kanp93rsqdqu45,190
pool12vs4c3cm0tr49c7alrevfs0xa5g3s4al4fn46h33e69uusat04v,pool13crd2ljx87988umk22er6ynwadfwdqupdpcq6prc6v59z62kxse,190
pool1h0v99elmvl50rqk778ue6g49r3mtgq3z4draq6pzy0nqv000frd,pool17taqml487n9t4r9a6ppvf9qv0qlw2lu4zcrzwfdsfcv6xp7uqym,189
pool13k6tphjfsgqdq7h27p4x86ruchcdg2x073luw8pndh3ajxvwvja,pool1a0kp4vl4fh0p0rs8s08rm7qq3vkj3epwraayk3sdgm8sz0zwt7t,189
pool1zfhcfw8c3lg0vh0fy8h4y8e25cm7ter9e6sxqskpq0lzyy2wzvm,pool1cjz6kg9a8ug9uk0nc59q60a67c2628ms58rd98gq587jwa2x5qt,189
pool15yyxtkhz64p7a8cnax9l7u82s9t9hdhyxsa3tdm977qhgpnsuhq,pool1xjhzgchsl2ccvc5pj3aqytv9hh0jnaz63wtfnw4th07tjypm46x,188
pool1gsrcrjm6ctkquef6m8jsyvplv0j357hupn92uklqdcm7729ytv6,pool1qgmwcxs8d8qmr0vtvsqd9u8gugrventh5dcqukmu79e2sgfuu8t,188
pool1zmfpd5r5vfwjmwm4cgy53exe58h7plnecny3t4948yw7zumzp4c,pool10akpqvczl93ep4rc59c0aqyn3dm0env2ydysuwmdm670wl24pd8,188
pool1jq7r3evstu2c040vlry8tgvpwf0mfvft86cxecwjpwcuvvqfu2r,pool1urgvu6zk422j4xwtxa45lzpd6dm25msfthpkezr042secrtuwzc,188
pool1fys325gzr7kpcjclyy93sx97nm2y4n8raj3830cyez5pqagkfcg,pool13t6cwz9hhr8xm29pc94zyg5tx3kteqeu8gw2nc3lhzatqegzp6z,187
pool1hntu7agmt8u5j9c20ejen7dvq0jfkvkpnul3mrdd8tppqvwfvt2,pool17kew7rtakc7g6qzydntann5umw08xq3ll2j7spk7en4kvff69fa,187
pool1gqgyta9sku3crjzfl9kj7kxsgfkt98y98yeu09kx22zscrezuj7,pool1vtpn0drn5t39frknedmqq2jkhsfstwketsnvdm7cjzz674s30v2,186
pool1eqa7kxx4xg35cu4rqj4exkvzhenscgh8wxez0gl7hsagygp79kr,pool1mut4phum9hegtl8m2r68gpjh5x8w8t6zwf75zrphhp3qwwrrpgt,186
pool1tdsrw0n33gmy0mzh7cgtn9p0jy5xwjxaa2s26gn2ewf8kg4nrzx,pool1mut4phum9hegtl8m2r68gpjh5x8w8t6zwf75zrphhp3qwwrrpgt,185
pool120563wl92yssz66evk4u9lxm7zh6gk2wws0zfe8ep4e0gc77ypt,pool18wvrpuz4uftxs83gf39ynh7cy3nds8q0hs7u7yuelu4e78w237s,185
pool1qnrqc7zpwye2r9wtkayh2dryvfqs7unp99f2039duljrsaffq5c,pool167zl76srpt5a2gthpsq0ye9z4fpray5vsh7xyzcn63hd5mnw7fa,185
pool1jt7d6ak3m8gnjyxtuxfswe258xzwda80ndl0a57vv5m2zv8h6at,pool1q8fqknvzyj9p4ezhxqdghlc7rnmwvwuku9eevgvl25cpjy385gg,185
pool1ttxtgplmy2v7t9s56gm3xxhsyxe68kpx0vu3utts03p2k4x3avl,pool15hx9hze8ulcsw6e7ceelz2pem2g3u9c29wqe4eszkhspj3wcdlx,185
pool1uk2f28awascuhrhuwrp7x6y87x8ch33vwx8jtmrysp7l5ngq78j,pool12z39rkzfylvn9wfe8j6x9ucq6g2l4mw4azj70y0gd8ejczznyj3,185
pool1eqa7kxx4xg35cu4rqj4exkvzhenscgh8wxez0gl7hsagygp79kr,pool195gdnmj6smzuakm4etxsxw3fgh8asqc4awtcskpyfnkpcvh2v8t,184
pool16fyda57p3c8gp5r6gmcq5tvqsp6mnzwvkxswgznkuh8wztrp6vv,pool15wkxegrfflzcyhurrjxsm9ljqtz09xr5rtnqsarnp7hmsz5um3t,183
pool19f6guwy97mmnxg9dz65rxyj8hq07qxud886hamyu4fgfz7dj9gl,pool14wk2m2af7y4gk5uzlsmsunn7d9ppldvcxxa5an9r5ywek8330fg,183
pool1ecvcst7k9eul4ggnljh0jw2s5nc2tyfmyzsx3xg3kmmz6ptgfwj,pool16hs0jxw7h6pwg3ru7rcq3yvg4csj7lhmcpj68kqem2sh5nt8mwk,183
pool17ahr5ygy48vpdfnatqn2z4wfu2te4quapk2yx3k50ce6kd7feg0,pool15zrkyr0f80hxlt4scv72tej8l8zwrcphmrega9wutqchjekceal,183
pool1nhlv5z2lsptzgcp9ype0mppc7zyndm66ypm4sw5hy27ewdchqx0,pool1u99x2rr6trfznwakv0959llmxmtgc2nvanc067uugl3ejuvvnc8,183
pool16agnvfan65ypnswgg6rml52lqtcqe5guxltexkn82sqgj2crqtx,pool1lurfk0k0wwx54hlg8a7zp3jtstu57u59aeq7aketl55hknmmtu0,183
pool18wvrpuz4uftxs83gf39ynh7cy3nds8q0hs7u7yuelu4e78w237s,pool1vulu80lngn7t3jf3trclavfal7h58p4ap5f849r35z6mkfvac3c,183
pool16kus5xvdysgmtjp0hhlwt72tsm0yn2zcn0a8wg9emc6c75lxvmc,pool16agnvfan65ypnswgg6rml52lqtcqe5guxltexkn82sqgj2crqtx,182
pool1ekcsyzwexl7p2kwxxh34hy28l6772vrmff7jwmuxsa6u6fzty9z,pool1x0qm7xsyh2za3ltprxsgael544je4hg8tc3q3v5gv232z8jt4wp,182
pool19asxjgd6ah9ddzauwede4wpt9vsp6s4ax5nz297wt47evc9sn7z,pool1u99x2rr6trfznwakv0959llmxmtgc2nvanc067uugl3ejuvvnc8,182
pool1vquhv3kh6xkklckaenl8alyuhfsld57ef5573aqauueyqacx4ak,pool1zmfpd5r5vfwjmwm4cgy53exe58h7plnecny3t4948yw7zumzp4c,182
pool173mzegwuu0pjcrt60ekelzj5haqr8r5e4e0n45qh9jdz7xm5kh8,pool1grgycym8cf0xmgjjr7gx7udmkpu93hqaygysy5myx6ghx8dvl5r,181
pool1gppqnqfguctp6gu0q8l5wjhye0ny28yzfx93hkr384cfsezru0f,pool16agnvfan65ypnswgg6rml52lqtcqe5guxltexkn82sqgj2crqtx,181
pool1mut4phum9hegtl8m2r68gpjh5x8w8t6zwf75zrphhp3qwwrrpgt,pool195gdnmj6smzuakm4etxsxw3fgh8asqc4awtcskpyfnkpcvh2v8t,181
pool14msuc40fcjvwl2g6f9p2dxx24ekj7qvemla3pzkke6p86d4swzp,pool1mvl09pgsejrudghjhq79qurugrvqy3pceznp7f9vz63n7ku7jqx,181
pool1vquhv3kh6xkklckaenl8alyuhfsld57ef5573aqauueyqacx4ak,pool16fyda57p3c8gp5r6gmcq5tvqsp6mnzwvkxswgznkuh8wztrp6vv,180
pool1eqa7kxx4xg35cu4rqj4exkvzhenscgh8wxez0gl7hsagygp79kr,pool1w7c2j0px43jmudhf48ezp7dy8j7904c9l3wc7809lhh2z026hch,180
pool173mzegwuu0pjcrt60ekelzj5haqr8r5e4e0n45qh9jdz7xm5kh8,pool1eqa7kxx4xg35cu4rqj4exkvzhenscgh8wxez0gl7hsagygp79kr,180
pool1zmfpd5r5vfwjmwm4cgy53exe58h7plnecny3t4948yw7zumzp4c,pool1grgycym8cf0xmgjjr7gx7udmkpu93hqaygysy5myx6ghx8dvl5r,180
pool1rvng7n968748udkc5rxy4h9zp9hms4s3jsfwuues76ft28uc056,pool1lvsa8e0dw6z8g2fkw7prnfa7627wuy5jjexaadck6w5sxw5xkvm,180
pool1xlphlhnjvfeh40vcqf9fdewztsj6kyxq6604kaccpv00umjfu0d,pool1ekcsyzwexl7p2kwxxh34hy28l6772vrmff7jwmuxsa6u6fzty9z,180
pool1yt868wrp9s2x5pehe96del9m3nwasme62yw02vww3kg6zwzspcz,pool19ru9alj7n5anmzs0f9gpzlj8kaq44yhcp45mldjvldxck8f6yg6,179
pool1yctcnexnjqq25ve5jh2dh6zswz98leafjcq356lfspsdk9z690e,pool1z56rnzw94rxxm5mwkyxfdwfej5fdh0k7056gqs6whr8tyjn48wq,179
pool1ra2su7cvnmr83pu9nvvz4a9carsgc9egc3e5fuk7h9pycyp5ela,pool1f2wfjqkf2wx6jq93pdck6hgmy9zgw32lmvrq9zejl7scqxjqfze,179
pool17ahr5ygy48vpdfnatqn2z4wfu2te4quapk2yx3k50ce6kd7feg0,pool1eqa7kxx4xg35cu4rqj4exkvzhenscgh8wxez0gl7hsagygp79kr,179
pool18wvrpuz4uftxs83gf39ynh7cy3nds8q0hs7u7yuelu4e78w237s,pool1k9w9u6rrn4f729hws6crwh4kc9jsdjq0e8q0f64jp0vzyallw02,179
pool1xjhzgchsl2ccvc5pj3aqytv9hh0jnaz63wtfnw4th07tjypm46x,pool1lhz4gsk5ezdl5s4mv2kxgrkhzzhad6me2v0xmwuyt845vensdlc,179
pool12z39rkzfylvn9wfe8j6x9ucq6g2l4mw4azj70y0gd8ejczznyj3,pool1mut4phum9hegtl8m2r68gpjh5x8w8t6zwf75zrphhp3qwwrrpgt,179
pool1cjz6kg9a8ug9uk0nc59q60a67c2628ms58rd98gq587jwa2x5qt,pool1zfhcfw8c3lg0vh0fy8h4y8e25cm7ter9e6sxqskpq0lzyy2wzvm,179
pool1lfvzgsrghmugvpym868mh29288ez0nncz680mamzjygu2jpuwcd,pool1nz9h4raywm6mu2v8l7htuaqvmn06l3mepuaxynpzlwljsf8txhy,179
pool1xxhs2zw5xa4g54d5p62j46nlqzwp8jklqvuv2agjlapwjx9qkg9,pool1xytvsd9qnvqxpthh9p8k85e823trvn3npxeur8kr9zhkqz5uls9,178
pool1jdhjfcu34lq88rypdtslzwyf27uh0h3apcr9mjd68zhc69r29fy,pool16hs0jxw7h6pwg3ru7rcq3yvg4csj7lhmcpj68kqem2sh5nt8mwk,178
pool14zdqqv73f9xa9re9pzc4sjvgmycf0dm4zclj34zupj032ggnjdw,pool1yctcnexnjqq25ve5jh2dh6zswz98leafjcq356lfspsdk9z690e,178
pool18wvrpuz4uftxs83gf39ynh7cy3nds8q0hs7u7yuelu4e78w237s,pool1y2gynck9pd4en5rzm0rueqd2qm7sw89aqmkcntd899vv237qj38,177
pool1eqxnk8mylmksd9amjlyhseax8lcux09ck3etcvlalfzhuu7qvzp,pool1cjz6kg9a8ug9uk0nc59q60a67c2628ms58rd98gq587jwa2x5qt,177
pool1ttxtgplmy2v7t9s56gm3xxhsyxe68kpx0vu3utts03p2k4x3avl,pool17h6slydr6rd9vquqa38p5cf9xqnpc24w6a99rhllcjzljgugx6x,177
pool10akpqvczl93ep4rc59c0aqyn3dm0env2ydysuwmdm670wl24pd8,pool1pmm654jfx088td54ekkkd0j28x6r5gnjdhnutzggursrxjnpk2y,176
pool1zmfpd5r5vfwjmwm4cgy53exe58h7plnecny3t4948yw7zumzp4c,pool1uk2f28awascuhrhuwrp7x6y87x8ch33vwx8jtmrysp7l5ngq78j,176
pool1ekcsyzwexl7p2kwxxh34hy28l6772vrmff7jwmuxsa6u6fzty9z,pool16agnvfan65ypnswgg6rml52lqtcqe5guxltexkn82sqgj2crqtx,176
pool1lhz4gsk5ezdl5s4mv2kxgrkhzzhad6me2v0xmwuyt845vensdlc,pool15yyxtkhz64p7a8cnax9l7u82s9t9hdhyxsa3tdm977qhgpnsuhq,176
pool1fqwnqk3phwa2s5thgym8dw34pv0z67m526uqprnjh93cvzxymef,pool1qnrqc7zpwye2r9wtkayh2dryvfqs7unp99f2039duljrsaffq5c,176
pool1a44j6jas4sjhh3qc96r8rmhsdjxjuntuzxr3440jzwjjcysl9ca,pool13t6cwz9hhr8xm29pc94zyg5tx3kteqeu8gw2nc3lhzatqegzp6z,175
pool12z39rkzfylvn9wfe8j6x9ucq6g2l4mw4azj70y0gd8ejczznyj3,pool1w7c2j0px43jmudhf48ezp7dy8j7904c9l3wc7809lhh2z026hch,175
pool1yt868wrp9s2x5pehe96del9m3nwasme62yw02vww3kg6zwzspcz,pool1ntfxj2jgvhzen8e86ed679ctukar3vj538ywyyq8ryld66jj4sx,174
pool189lsf6c2upyhmrzddyvyfjxxkqnte9pw8aqx7f4cuf85sjxlm02,pool1ukeqarukv9gxwy9pt8jkr4qvad2yf87758g3xzemmvmtk8lrynp,174
pool1gtphgrdj8sluxm9e7ca2spcwcq2p0dxj9zf5v0yv3gsagzq704n,pool1ekcsyzwexl7p2kwxxh34hy28l6772vrmff7jwmuxsa6u6fzty9z,173
pool1ukeqarukv9gxwy9pt8jkr4qvad2yf87758g3xzemmvmtk8lrynp,pool1kmsr376syqkluhxvv8k2axugqw7unjmlkwhfxjxtj7cw7qcn0jn,173
pool108zdflss3ayqlm5c7vr6mtqj2uwl99vk28ur8dv4zswdzt6yauc,pool17ahr5ygy48vpdfnatqn2z4wfu2te4quapk2yx3k50ce6kd7feg0,172
pool1ecvcst7k9eul4ggnljh0jw2s5nc2tyfmyzsx3xg3kmmz6ptgfwj,pool167zl76srpt5a2gthpsq0ye9z4fpray5vsh7xyzcn63hd5mnw7fa,172
pool1a2nh3ktswllhwf07fjahpdg5mpqyq7j950pyftq9765r6t4cefl,pool1s0cfkzheywsftgwp0yz7sq4rt5gyf7t5kfwj5a269kpxvndjn6q,172
pool18vej0s9gska8c847aj95g9v24duuxg2g63d5cuqngnxew643jw9,pool1xytvsd9qnvqxpthh9p8k85e823trvn3npxeur8kr9zhkqz5uls9,172
pool1uhy50u9y76nd6z2xmzt3mta0yc7g3gdssef8lheyyg7zzymgzm8,pool104avq7309gjm0fxms69yqusxy8zf888k4mamngg5vnc6vculpzq,172
pool1z9m2kxeat06t30yf6ar7sqpert0cjdgxzcv2dv36dcwcqcqtgk4,pool1398lzhvtaa0hgz305d2jz4urfkwkkt66yv476wqe6att2f7dphh,172
pool16j3mvwws7zc9pjluyhddgea0tq647v0dh3y4nkcuckg9znjcun2,pool138m7hevnvp664cmtralju857t5k7e4frpnaevtgpuykggr50kne,172
pool1u99x2rr6trfznwakv0959llmxmtgc2nvanc067uugl3ejuvvnc8,pool1nhlv5z2lsptzgcp9ype0mppc7zyndm66ypm4sw5hy27ewdchqx0,172
pool1c7jrfce3zxkk9s9enzpvwj8fuayvx3pdzc2k2es6mrw6gsfcjep,pool16kus5xvdysgmtjp0hhlwt72tsm0yn2zcn0a8wg9emc6c75lxvmc,171
pool1yt868wrp9s2x5pehe96del9m3nwasme62yw02vww3kg6zwzspcz,pool1rjxdqghfjw5rv6lxg8qhedkechvfgnsqhl8rrzwck9g45n43yql,171
pool1m62sl6rauje9cknrkhwl39tc4hujudkd7gp478dpz7tagmjr8wm,pool16agnvfan65ypnswgg6rml52lqtcqe5guxltexkn82sqgj2crqtx,171
pool1grgycym8cf0xmgjjr7gx7udmkpu93hqaygysy5myx6ghx8dvl5r,pool1qa6lqyu67ghpa0evxfu9nzqkj3h82qpfku82ec79zdwru4pd25m,171
pool1m3gg43uhtetn4hmw79u8836dyq8qe4cex8qnn6mks5egza7n6tp,pool17taqml487n9t4r9a6ppvf9qv0qlw2lu4zcrzwfdsfcv6xp7uqym,171
pool1pdsnzs8aft7hfq3xcmvgltt9vmncwsvsw955p29nra8g5hves4x,pool1rvjj8cp3urh7de07pm0ceqha2x4lxws69lhd4429dm6djfjsy4l,171
pool13t6cwz9hhr8xm29pc94zyg5tx3kteqeu8gw2nc3lhzatqegzp6z,pool13r377w5pmy4tmhuvw0cf9q23asslzjytsruwa27tdnflq7hfjgk,171
pool1jdhjfcu34lq88rypdtslzwyf27uh0h3apcr9mjd68zhc69r29fy,pool104avq7309gjm0fxms69yqusxy8zf888k4mamngg5vnc6vculpzq,170
pool19f6guwy97mmnxg9dz65rxyj8hq07qxud886hamyu4fgfz7dj9gl,pool15hx9hze8ulcsw6e7ceelz2pem2g3u9c29wqe4eszkhspj3wcdlx,170
pool1y2gynck9pd4en5rzm0rueqd2qm7sw89aqmkcntd899vv237qj38,pool1p3chxyfv5cfk95hwq5zqjuljrpyk3uk5ua5alpn8rjgkkvvy8ne,170
pool17rjst78s67lvellg8s586rf076jxa3wnsdz730f4xk2zwuhrtej,pool1k633phcvz2hjhj45evwwau4w576jpq83acg5h84w23jauqu56cw,169
pool1xlphlhnjvfeh40vcqf9fdewztsj6kyxq6604kaccpv00umjfu0d,pool1u99x2rr6trfznwakv0959llmxmtgc2nvanc067uugl3ejuvvnc8,169
pool1lurfk0k0wwx54hlg8a7zp3jtstu57u59aeq7aketl55hknmmtu0,pool1gtphgrdj8sluxm9e7ca2spcwcq2p0dxj9zf5v0yv3gsagzq704n,169
pool10p6wd9k0fwk2zqkqnqr8efyr7gms627ujk9dxgk6majskhawr6r,pool1jt7d6ak3m8gnjyxtuxfswe258xzwda80ndl0a57vv5m2zv8h6at,169
pool12vs4c3cm0tr49c7alrevfs0xa5g3s4al4fn46h33e69uusat04v,pool19r8kcmqpajlm6h5q0lv8jye0q7evdur39wfsgs4z98fcqpz9lct,169
pool1lfvzgsrghmugvpym868mh29288ez0nncz680mamzjygu2jpuwcd,pool1k633phcvz2hjhj45evwwau4w576jpq83acg5h84w23jauqu56cw,169
pool16kus5xvdysgmtjp0hhlwt72tsm0yn2zcn0a8wg9emc6c75lxvmc,pool1gtphgrdj8sluxm9e7ca2spcwcq2p0dxj9zf5v0yv3gsagzq704n,169
pool1mut4phum9hegtl8m2r68gpjh5x8w8t6zwf75zrphhp3qwwrrpgt,pool1w7c2j0px43jmudhf48ezp7dy8j7904c9l3wc7809lhh2z026hch,168
pool1f488flg33j9vqzdce87t0e0g6mhjj7aacd4209pg93c77lrpywz,pool1vulu80lngn7t3jf3trclavfal7h58p4ap5f849r35z6mkfvac3c,168
pool15zrkyr0f80hxlt4scv72tej8l8zwrcphmrega9wutqchjekceal,pool17ahr5ygy48vpdfnatqn2z4wfu2te4quapk2yx3k50ce6kd7feg0,168
pool1xxhs2zw5xa4g54d5p62j46nlqzwp8jklqvuv2agjlapwjx9qkg9,pool1l0pmgdsymmdntuyan4snj88q8nm9axemwefu5ymkuq2s6gr90cn,168
pool173mzegwuu0pjcrt60ekelzj5haqr8r5e4e0n45qh9jdz7xm5kh8,pool12z39rkzfylvn9wfe8j6x9ucq6g2l4mw4azj70y0gd8ejczznyj3,168
pool1ntfxj2jgvhzen8e86ed679ctukar3vj538ywyyq8ryld66jj4sx,pool1rjxdqghfjw5rv6lxg8qhedkechvfgnsqhl8rrzwck9g45n43yql,168
