epoch_no,active_delegators,active_pools
211,24274,902
212,30693,1008
213,35465,1059
214,38925,1112
215,42427,1160
216,47147,1190
217,51345,1222
218,53895,1239
219,55829,1256
220,57563,1272
221,59520,1287
222,61487,1308
223,63028,1324
224,64564,1344
225,65951,1358
226,67367,1369
227,68619,1383
228,69823,1401
229,71712,1445
230,76168,1494
231,78923,1536
232,82523,1567
233,86848,1599
234,92034,1649
235,96474,1686
236,100523,1738
237,104332,1774
238,108123,1788
239,111837,1815
240,117316,1834
241,124493,1854
242,135649,1889
243,144481,1911
244,155348,1944
245,163091,1991
246,170445,2017
247,182388,2083
248,203618,2112
249,227997,2174
250,252023,2268
251,279108,2377
252,305829,2465
253,331700,2584
254,350968,2699
255,367947,2798
256,388226,2876
257,402756,2936
258,417216,2999
259,432126,3054
260,444679,3108
261,460294,3151
262,474900,3188
263,487865,3229
264,502014,3273
265,516976,3309
266,537756,3347
267,562802,3380
268,590257,3416
269,611429,3453
270,630724,3499
271,650028,3548
272,665538,3585
273,677377,3618
274,688159,3669
275,698436,3701
276,708369,3726
277,719873,3764
278,731021,3798
279,740348,3821
280,748472,3849
281,756271,3868
282,764214,3900
283,773358,3922
284,782847,3955
285,794922,3978
286,809631,4007
287,828384,4040
288,845747,4057
289,861745,4081
290,878503,4113
291,894032,4154
292,909637,4180
293,924770,4199
294,937268,4227
295,948635,4249
296,961117,4273
297,972234,4292
298,982445,4325
299,992950,4332
300,1003345,4352
301,1014139,4377
302,1024530,4395
303,1036417,4414
304,1050005,4440
305,1063860,4472
306,1078502,4495
307,1090589,4530
308,1103959,4540
309,1116003,4549
310,1124751,4565
311,1132965,4584
312,1140874,4596
313,1149033,4608
314,1160047,4617
315,1176163,4629
316,1189622,4638
317,1234679,4651
318,1264919,4666
319,1278251,4677
320,1287985,4691
321,1296842,4706
322,1304332,4725
323,1312670,4747
324,1318164,4757
325,1323249,4771
326,1327913,4790
327,1332119,4801
328,1336369,4810
329,1341098,4838
330,1346714,4857
331,1351597,4869
332,1355706,4876
333,1359282,4880
334,1363061,4897
335,1366586,4903
336,1371010,4912
337,1374069,4924
338,1377225,4934
339,1379852,4943
340,1384092,4951
341,1387381,4958
342,1390561,4960
343,1393335,4965
344,1395723,4970
345,1398019,4982
346,1400347,4988
347,1403667,4992
348,1406199,4998
349,1408598,4998
350,1411079,5005
351,1413447,5011
352,1415571,5016
353,1417762,5020
354,1419892,5025
355,1421738,5034
356,1423671,5038
357,1425739,5046
358,1427671,5053
359,1429394,5058
360,1432068,5069
361,1433878,5078
362,1435457,5086
363,1437308,5091
364,1438887,5099
365,1440493,5106
366,1441975,5111
367,1443509,5114
368,1445000,5120
369,1446436,5126
370,1447956,5131
371,1449414,5130
372,1451021,5137
373,1452758,5143
374,1454485,5159
375,1456166,5182
376,1458420,5189
377,1462737,5191
378,1466148,5195
379,1468858,5200
380,1471323,5207
381,1473573,5213
382,1475451,5221
383,1480495,5226
384,1483800,5232
385,1486502,5241
386,1489703,5246
387,1492630,5249
388,1495585,5256
389,1498610,5277
390,1500877,5278
391,1503279,5282
392,1505604,5285
393,1508197,5288
394,1511566,5293
395,1514246,5297
396,1516589,5299
397,1519090,5305
398,1521102,5313
399,1523037,5316
400,1524831,5322
401,1526883,5325
402,1528952,5327
403,1530933,5329
404,1532913,5334
405,1535007,5338
406,1537203,5346
407,1539977,5348
408,1541996,5353
409,1543737,5363
410,1545403,5367
411,1546830,5371
412,1548374,5371
413,1549881,5373
414,1551519,5374
415,1553196,5409
416,1554909,5410
417,1556913,5415
418,1559242,5423
419,1561973,5429
420,1563952,5430
421,1565777,5436
422,1567399,5448
423,1569158,5453
424,1570711,5458
425,1572212,5460
426,1573826,5464
427,1575251,5469
428,1577009,5470
429,1578666,5483
430,1580083,5486
431,1581247,5488
432,1582902,5492
433,1585053,5491
434,1587356,5495
435,1589350,5499
436,1590884,5505
437,1592446,5507
438,1594496,5508
439,1596583,5510
440,1598032,5513
441,1599433,5513
442,1600832,5514
443,1602170,5515
444,1603644,5518
445,1605255,5520
446,1607561,5527
447,1609564,5530
448,1612026,5533
449,1614697,5534
450,1616926,5538
451,1618951,5540
452,1621386,5543
453,1623518,5544
454,1626113,5546
455,1629318,5551
456,1632221,5552
457,1634645,5561
458,1637107,5562
459,1639744,5562
460,1642315,5562
461,1644570,5566
462,1647069,5568
463,1648900,5575
464,1650695,5578
465,1652684,5580
466,1654551,5583
467,1656365,5587
468,1658415,5588
469,1660943,5590
470,1663419,5591
471,1666062,5593
472,1669250,5595
473,1671725,5600
474,1673769,5608
475,1675861,5608
476,1677821,5610
477,1679840,5611
478,1681633,5614
479,1683234,5616
480,1684750,5625
481,1686180,5630
482,1687478,5632
483,1688598,5638
484,1689746,5649
485,1690762,5653
486,1691637,5664
487,1692635,5668
488,1693692,5670
489,1694717,5670
490,1695706,5672
491,1696757,5672
492,1697729,5674
493,1698711,5676
494,1699614,5678
495,1700550,5680
496,1701411,5681
497,1702226,5684
498,1703085,5687
499,1703937,5688
500,1704756,5690
501,1705563,5691
502,1706324,5692
503,1707088,5694
504,1707819,5696
505,1708457,5697
506,1709263,5697
507,1710130,5699
508,1710921,5699
509,1711954,5701
510,1712813,5702
511,1713678,5703
512,1714454,5705
513,1715213,5706
514,1715958,5706
515,1716723,5705
516,1717463,5707
517,1718316,5707
518,1719202,5710
519,1720022,5711
520,1720969,5712
521,1721680,5713
522,1723077,5714
523,1725113,5714
524,1727735,5714
525,1731003,5716
526,1733582,5719
527,1736877,5722
528,1739556,5722
529,1741724,5724
530,1743560,5731
531,1745273,5733
532,1746967,5736
533,1748837,5740
534,1750579,5743
535,1752044,5744
536,1753902,5745
537,1755647,5748
538,1757227,5747
539,1758774,5747
540,1760095,5748
541,1761740,5752
542,1762982,5753
543,1764236,5755
544,1765407,5757
545,1767288,5758
546,1768711,5760
547,1769891,5762
548,1770955,5765
549,1772113,5767
550,1773147,5775
551,1774033,5777
552,1775006,5779
553,1775986,5783
554,1776885,5785
555,1777884,5787
556,1778883,5788
557,1780119,5788
558,1781132,5789
559,1782231,5789
560,1783374,5791
561,1784435,5792
562,1785482,5793
563,1786321,5794
564,1787213,5798
565,1788119,5804
566,1789226,5805
567,1790135,5805
568,1790974,5805
569,1791832,5806
570,1792639,5809
571,1793755,5810
572,1795065,5811
573,1796465,5811
574,1797579,5812
575,1798685,5813
576,1800121,5814
577,1801606,5815
578,1803274,5818
579,1804475,5820
580,1805654,5824
581,1806742,5828
582,1807831,5829
583,1808920,5828
584,1809950,5830
585,1810935,5833
586,1811893,5834
587,1812803,5838
588,1813870,5840
589,1814901,5842
590,1815956,5845
591,1816978,5845
592,1817745,5850
593,1818559,5850
594,1819359,5850
595,1820107,5851
596,1820877,5861
597,1821600,5864
598,1822437,5866
599,1823336,5868
600,1824229,5873
601,1825171,5874
602,1826245,5876
603,1827742,5877
604,1829461,5877
605,1831300,5881
606,1834788,5883
607,1835825,5884
608,1836751,5884
609,1837657,5888
610,1838462,5890
611,1839244,5901
612,1840184,5904
613,1841198,5904
614,1842006,5905
615,1842767,5906
616,1843486,5908
617,1844209,5908
618,1844828,5915
619,1845451,5917
620,1846039,5917
621,1846620,5918
622,1847158,5918
623,1847713,5919
