eff_entity_id,display_name,pools,stake_ada,delegator_cnt,op_take_ada,fc_ada,margin_ada,reward_ada,median_margin,is_mpo,pledge_tags,ada_per_delegator,op_take_pct,fc_share_pct,margin_share_pct,cell_stake_share_pct,custodial_signal,archetype,reasoning
COINBASE_BISON,Coinbase / bison.run,41,2444178497.066642,403,48198.862104,13940.0,34258.86210743,735759.64909,0.05,True,Zero pledge,6064959.0,6.6,1.9,4.7,19.22,True,cex,"Coinbase global exchange + bison.run staking infrastructure. Delegation represents custodied retail ADA, not sovereign delegator choice. Near-zero pledge (structurally impossible for custodied funds). 89 registered pools, 23 near-saturation. Margin 4.6% — exchange earns on custody and service products separately."
KILN,Kiln,9,635005517.927351,445,10276.43629,3060.0,7216.43629033,193805.085413,0.03,True,Minimal pledge,1426979.0,5.3,1.6,3.7,4.99,True,ivaas,"Institutional validator SaaS; originally identified on Cardano as Adalite-branded infrastructure (KILN tickers later appeared). Serves enterprises, custodians, and wallets. Near-zero self-pledge. Passes protocol rewards to clients minus margin."
EVERSTAKE,Everstake,10,447081210.908368,258456,9410.241935,4000.0,5410.241934680001,139256.048367,0.04,True,Minimal pledge,1730.0,6.8,2.9,3.9,3.52,False,ivaas,"Validator and yield infrastructure provider. Markets Validator-as-a-Service and wallet/yield SDKs. Near-zero self-pledge. Pledge=1K is nominal, not economically meaningful relative to 567M ADA managed stake."
YUTA,YUTA,23,430967408.087338,2842,14474.849667,7820.0,6654.849666672316,141256.095995,0.05,True,Low pledge,151642.0,10.2,5.5,4.7,3.39,False,cex,"Multi-brand cluster attributed to coinzzz.jp (Japanese crypto service) and tokyostaker.com. Zero declared pledge on most pools, opaque pool branding. Behaviorally consistent with exchange or custodial staking. Confidence medium — attribution is not independently verified."
NUFI,NuFi,17,313904092.491893,41483,8443.227891,5780.0,2663.22788967,94554.262989,0.03,True,Minimal pledge,7567.0,8.9,6.1,2.8,2.47,False,platform,Non-custodial wallet and DeFi platform. Delegation is from wallet users who retain ADA ownership and chose to stake — materially different from CEX custody. NuFi operates pools as a service extension. Near-zero self-pledge but users can also delegate to third-party pools.
BLOCKDAEMON,Blockdaemon,5,289031180.637081,47,3846.342035,1360.0,2486.34203472,84238.067824,0.03,True,Minimal pledge,6149600.0,4.6,1.6,3.0,2.27,True,ivaas,"Enterprise blockchain infrastructure combining node/API access, staking, and MPC vault products. Clients are financial institutions and enterprises. Near-zero self-pledge. Moderate concentration at near-saturation."
ONE_PERCENT,1PCT,18,267830297.65853003,9464,6788.795303,6066.426104,722.36919944,78303.346048,0.01,True,Low pledge,28300.0,8.7,7.7,0.9,2.11,False,independent_mpo,"Explicitly community-focused operator (name references 1% margin target). Low margin (1%), moderate pledge. Large fleet (30 active pools) with most stake in the healthy tier."
EMURGO,Emurgo,8,258825047.396589,15242,2811.484267,1530.0,1281.48426686,84114.28710399999,0.015,True,Minimal pledge|Zero pledge,16981.0,3.3,1.8,1.5,2.04,False,ecosystem,"Cardano founding entity, commercial arm. Declining pool fleet (48 registered, 11 active) with near-zero pledge on most pools — unusual for an ecosystem steward. Low margin (1.6%). Included in baseline but flagged as founding-entity stake."
CRDNS,,8,230008396.17632902,23397,4259.116703,2720.0,1539.1167029031,88960.583795,0.02,True,Low pledge|Material pledge,9831.0,4.8,3.1,1.7,1.81,False,multi_brand_fleet,"Automated discovery via pool group and reward address clustering. 9 pools identified, total stake 231,172,963 ADA. Community multi-pool operator pattern detected."
OCEAN,AdaOcean,7,192865026.9048,7205,5589.138498,3340.0,2249.138497581,61689.037381,0.039,True,Low pledge,26768.0,9.1,5.4,3.6,1.52,False,independent_mpo,Community pool family. Low pledge (10K median) but competitive margin (3.8%). Fully transparent.
CCV,CCV,5,177381884.930471,23371,3395.920329,1700.0,1695.92032944,58230.677648,0.03,True,Minimal pledge,7590.0,5.8,2.9,2.9,1.39,False,community_branded_fleet,"Automated discovery via pool group and reward address clustering. 5 pools identified, total stake 177,140,723 ADA. Community multi-pool operator pattern detected."
DIGI,DIGI,6,171697454.227423,8887,2688.158499,1780.0,908.1584987800001,47187.924939,0.02,True,Material pledge,19320.0,5.7,3.8,1.9,1.35,False,opaque_fleet,"Automated discovery via pool group and reward address clustering. 6 pools identified, total stake 170,858,244 ADA. Community multi-pool operator pattern detected."
SECUR,SECUR,3,170759819.976659,7007,2269.809178,510.0,1759.80917712,59170.305904,0.03,True,Material pledge,24370.0,3.8,0.9,3.0,1.34,False,community_branded_fleet,"Automated discovery via pool group and reward address clustering. 5 pools identified, total stake 234,393,577 ADA. Community multi-pool operator pattern detected."
EDEN,EDEN,5,170641183.951124,13516,2152.714818,1700.0,452.71481797,46971.481797,0.01,True,Low pledge,12625.0,4.6,3.6,1.0,1.34,False,opaque_fleet,"Automated discovery via pool group and reward address clustering. 5 pools identified, total stake 170,678,552 ADA. Community multi-pool operator pattern detected."
MS,MS4,4,160971817.219178,1564,2456.809433,1360.0,1096.80943235,45232.377294,0.025,True,Low pledge|Material pledge,102923.0,5.4,3.0,2.4,1.27,False,community_branded_fleet,"Automated discovery via pool group and reward address clustering. 4 pools identified, total stake 155,741,163 ADA. Community multi-pool operator pattern detected."
FIGMENT,Figment,4,152491613.581107,22,1724.855413,680.0,1044.85541394,52922.770697,0.02,True,Minimal pledge,6931437.0,3.3,1.3,2.0,1.2,True,ivaas,"Institutional staking provider serving asset managers, custodians, and exchanges. Clients choose to stake on Cardano and outsource technical operation. Near-zero self-pledge — pledge comes from operator, not from client assets. More aligned than CEX (clients knowingly chose Cardano staking) but pledge signal is still structurally suppressed."
TITAN,TITAN,2,135220201.310917,7462,503.362594,340.0,163.36259381500003,24427.456033000002,0.0075,True,Material pledge,18121.0,2.1,1.4,0.7,1.06,False,community_branded_fleet,"Automated discovery via pool group and reward address clustering. 2 pools identified, total stake 137,014,462 ADA. Community multi-pool operator pattern detected."
BLOOM,Bloom,5,134345268.296898,12963,3210.891195,1700.0,1510.89119484,39472.279871,0.04,True,Material pledge,10364.0,8.1,4.3,3.8,1.06,False,independent_mpo,Community pool family. Meaningful self-pledge (1M ADA median). Moderate margin (17.7%).
ATADA,ATADA,2,128489663.845301,7571,1078.999554,680.0,398.99955437,40579.955437,0.01,True,High pledge,16971.0,2.7,1.7,1.0,1.01,False,multi_brand_fleet,"Automated discovery via pool group and reward address clustering. 4 pools identified, total stake 130,721,803 ADA. Community multi-pool operator pattern detected."
AICHI,AICHI,2,124790252.216058,2665,852.033743,680.0,172.03374343000002,35086.748686,0.005,True,Material pledge,46826.0,2.4,1.9,0.5,0.98,False,community_branded_fleet,"Automated discovery via pool group and reward address clustering. 2 pools identified, total stake 123,506,624 ADA. Community multi-pool operator pattern detected."
NEDS,NEDS1,4,118276632.360156,7279,1295.142321,680.0,615.142320555,41689.488036999996,0.015,True,Material pledge,16249.0,3.1,1.6,1.5,0.93,False,community_branded_fleet,"Automated discovery via pool group and reward address clustering. 4 pools identified, total stake 120,691,624 ADA. Community multi-pool operator pattern detected."
SIPO,SIPO,3,114991300.925891,2187,2043.7652360000002,1020.0,1023.765235375,41970.609415,0.025,True,Low pledge,52579.0,4.9,2.4,2.4,0.9,False,community_branded_fleet,"Automated discovery via pool group and reward address clustering. 3 pools identified, total stake 114,413,999 ADA. Community multi-pool operator pattern detected."
DAPP,DAPP,3,114911800.605066,11404,1795.672448,1020.0,775.672447305,36052.491186,0.02,True,Low pledge|Material pledge,10076.0,5.0,2.8,2.2,0.9,False,multi_brand_fleet,"Automated discovery via pool group and reward address clustering. 8 pools identified, total stake 141,154,273 ADA. Community multi-pool operator pattern detected."
BIGLAZYCAT,BigLazyCat,2,114812943.073006,3355,1033.261123,680.0,353.26112307000005,36006.112307,0.01,True,Minimal pledge,34221.0,2.9,1.9,1.0,0.9,False,,
SPS,SPS,5,104047840.30764,1446,3337.372279,1700.0,1637.3722792500002,34447.445585,0.05,True,Low pledge,71956.0,9.7,4.9,4.8,0.82,False,community_branded_fleet,"Automated discovery via pool group and reward address clustering. 5 pools identified, total stake 104,570,052 ADA. Community multi-pool operator pattern detected."
PAUL,PAUL1,2,91014699.242136,15047,1561.743618,680.0,881.74361802,30071.453934,0.03,True,Material pledge,6049.0,5.2,2.3,2.9,0.72,False,community_branded_fleet,"Automated discovery via pool group and reward address clustering. 2 pools identified, total stake 91,566,947 ADA. Community multi-pool operator pattern detected."
WAVE,Wave / Wavepool,6,88792472.388348,8682,2954.251918,2040.0,914.2519175692,33234.844076,0.02,True,Material pledge|Minimal pledge,10227.0,8.9,6.1,2.8,0.7,False,independent_mpo,Community pool family with meaningful self-pledge (1M ADA median). Competitive margin (14.8%). Transparent brand and operations. Archetypal scaled-up SPO: grows by adding pools while maintaining pledge discipline.
P2P,P2P,4,88471876.25005001,8703,2225.234475,1190.0,1035.234475535,30338.939553,0.035,True,Low pledge|Minimal pledge,10166.0,7.3,3.9,3.4,0.7,False,independent_mpo,Community operator with competitive margin (2.2%). Low self-pledge (1K median) limits pledge premium capture but otherwise fully aligned with incentive design.
ACL,ACL,3,84264745.418782,4986,1266.747333,1020.0,246.74733314000002,25694.733314,0.01,True,Material pledge,16900.0,4.9,4.0,1.0,0.66,False,community_branded_fleet,"Automated discovery via pool group and reward address clustering. 4 pools identified, total stake 84,364,169 ADA. Community multi-pool operator pattern detected."
COOL,COOL,6,81671243.16168,3545,1507.237228,1020.0,487.23722916500003,26001.722051,0.02,True,Material pledge,23038.0,5.8,3.9,1.9,0.64,False,multi_brand_fleet,"Automated discovery via pool group and reward address clustering. 6 pools identified, total stake 86,963,264 ADA. Community multi-pool operator pattern detected."
ITC,FREE,3,78445145.787694,18061,1928.407383,1020.0,908.4073826478,23787.102322,0.0399,True,Low pledge|Material pledge,4343.0,8.1,4.3,3.8,0.62,False,multi_brand_fleet,"Automated discovery via pool group and reward address clustering. 5 pools identified, total stake 79,947,707 ADA. Community multi-pool operator pattern detected."
SPIRE,Spire,1,75587092.030646,9450,584.951918,340.0,244.95191843,24835.191843,0.01,True,Material pledge,7999.0,2.4,1.4,1.0,0.59,False,independent_mpo,Community operator with high margin (22.2%) and near-zero pledge. Declining stake — consistent with market pressure on high-margin low-pledge pools.
SASA,SASA,2,74589205.58485,297,1366.606382,680.0,686.60638176,21275.284886,0.0325,True,Minimal pledge,251142.0,6.4,3.2,3.2,0.59,False,community_branded_fleet,"Automated discovery via pool group and reward address clustering. 2 pools identified, total stake 74,336,606 ADA. Community multi-pool operator pattern detected."
JOY,HOPE,6,70582909.30783999,2564,2053.584229,1360.0,693.584227722,19734.626001,0.048,True,Low pledge|Material pledge,27528.0,10.4,6.9,3.5,0.56,False,multi_brand_fleet,"Automated discovery via pool group and reward address clustering. 9 pools identified, total stake 78,637,822 ADA. Community multi-pool operator pattern detected."
CAFE,CAFE,1,69207212.692033,6575,571.542624,340.0,231.54262404,23494.262404,0.01,True,Material pledge,10526.0,2.4,1.4,1.0,0.54,False,community_branded_fleet,"Automated discovery via pool group and reward address clustering. 3 pools identified, total stake 80,734,132 ADA. Community multi-pool operator pattern detected."
ONYX,ONYX,3,68972291.11387199,2761,677.2999970000001,510.0,167.29999806,17239.999806,0.01,True,Material pledge,24981.0,3.9,3.0,1.0,0.54,False,community_branded_fleet,"Automated discovery via pool group and reward address clustering. 4 pools identified, total stake 69,189,617 ADA. Community multi-pool operator pattern detected."
XSP,XSP,2,67452027.776424,2441,1568.2356960000002,680.0,888.235695957,24686.370161,0.037,True,Low pledge,27633.0,6.4,2.8,3.6,0.53,False,community_branded_fleet,"Automated discovery via pool group and reward address clustering. 2 pools identified, total stake 67,060,961 ADA. Community multi-pool operator pattern detected."
pool1a8n7f97dmgtgrnl53exccknjdchqxrr9508hlxlgqp6xvjmzhej,,1,66675743.522954,1531,378.218503,170.0,208.21850317,20991.850317,0.01,False,,43550.0,1.8,0.8,1.0,0.52,False,,
STRIXJPN_GITHUB_IO,PNR39,2,65975673.629417,152,910.206316,679.0,231.20631643000002,23799.631643,0.01,True,Minimal pledge,434050.0,3.8,2.9,1.0,0.52,False,community_branded_fleet,"Automated discovery via pool group and reward address clustering. 2 pools identified, total stake 66,037,193 ADA. Community multi-pool operator pattern detected."
pool1zkdc6ve9nndk7vxnjlalhqt4hr5h8auz5qzjk7lrjrqtv23yuy5,,1,64667276.724778,1463,390.691977,170.0,220.69197683,22239.197683,0.01,False,,44202.0,1.8,0.8,1.0,0.51,False,,
pool1ddg6t2h9kj6lqlec4ncjs945lzj43m3ggrgdhf5sgzhtygpkznz,,1,64637281.933947,4160,463.553404,340.0,123.553403615,25050.680723,0.005,False,,15538.0,1.9,1.4,0.5,0.51,False,,
pool1whmm0hkxunyhxsr6dfjpx2tpvd05qhev820lx9vcmvqa5wjc6nh,,1,64422419.249434,896,510.397719,340.0,170.39771930950002,20386.790507,0.0085,False,,71900.0,2.5,1.7,0.8,0.51,False,,
pool1z5uqdk7dzdxaae5633fqfcu2eqzy3a3rgtuvy087fdld7yws0xt,,1,63795096.475268,5135,474.945156,340.0,134.945155917,15333.906213,0.009,False,,12424.0,3.1,2.2,0.9,0.5,False,,
SNAKEPOOL_LINK,SNAKE,1,63409878.433776,1013,523.126469,340.0,183.12646863000003,18652.646863,0.01,True,Low pledge,62596.0,2.8,1.8,1.0,0.5,False,community_branded_fleet,"Automated discovery via pool group and reward address clustering. 2 pools identified, total stake 63,253,511 ADA. Community multi-pool operator pattern detected."
WESTBERG,BCSH,6,61830750.457527,5119,2452.476565,2040.0,412.47656423,20355.423895,0.02,True,Low pledge,12079.0,12.0,10.0,2.0,0.49,False,community_branded_fleet,"Automated discovery via pool group and reward address clustering. 8 pools identified, total stake 69,299,224 ADA. Community multi-pool operator pattern detected."
STI,STI,3,60947154.974565,8032,1280.994669,1020.0,260.994669175,15330.773285,0.015,True,Low pledge|Material pledge,7588.0,8.4,6.7,1.7,0.48,False,community_branded_fleet,"Automated discovery via pool group and reward address clustering. 3 pools identified, total stake 60,881,319 ADA. Community multi-pool operator pattern detected."
FIMI,FIDA,3,59695354.5163,2919,1166.397555,1020.0,146.39755479000002,15659.755479,0.01,True,Low pledge|Material pledge,20451.0,7.4,6.5,0.9,0.47,False,multi_brand_fleet,"Automated discovery via pool group and reward address clustering. 9 pools identified, total stake 84,662,186 ADA. Community multi-pool operator pattern detected."
pool173mzegwuu0pjcrt60ekelzj5haqr8r5e4e0n45qh9jdz7xm5kh8,,1,59455188.520318,8525,788.216729,340.0,448.2167291076,22863.453724,0.0199,False,,6974.0,3.4,1.5,2.0,0.47,False,,
BRAVO,BRAVO,1,57780044.123497,10433,602.956325,340.0,262.95632475,17870.42165,0.015,True,Material pledge,5538.0,3.4,1.9,1.5,0.45,False,community_branded_fleet,"Automated discovery via pool group and reward address clustering. 2 pools identified, total stake 68,269,546 ADA. Community multi-pool operator pattern detected."
pool1k0ucs0fau2vhr3p7qh7mnpfgrllwwda7petxjz2gzzaxkyp8f88,,1,57337904.033938,3256,341.046992,170.0,171.04699157399995,19175.221286,0.009,False,,17610.0,1.8,0.9,0.9,0.45,False,,
LINKTR_EE,ADAOZ,1,56787673.321636,6098,483.81216,340.0,143.8121595,14721.21595,0.01,True,Low pledge,9313.0,3.3,2.3,1.0,0.45,False,community_branded_fleet,"Automated discovery via pool group and reward address clustering. 2 pools identified, total stake 58,185,922 ADA. Community multi-pool operator pattern detected."
pool1ft4xjlz9uw0r0ewcgtkgeakqrfc5azxmxwsm5pt94dv67mw4rgd,,1,56723580.507439,1503,493.609573,340.0,153.60957321,15700.957321,0.01,False,,37740.0,3.1,2.2,1.0,0.45,False,,
pool1ksrg8a964464las0ymw88slrwxkychjz9lh09lqltu5m7nw3pq0,,1,56456311.355906,2266,410.398523,300.0,110.3985231585,16299.785965,0.0069,False,,24915.0,2.5,1.8,0.7,0.44,False,,
pool1gtphgrdj8sluxm9e7ca2spcwcq2p0dxj9zf5v0yv3gsagzq704n,,1,55608511.161104,5716,443.063157,170.0,273.063156975,18374.210465,0.015,False,,9729.0,2.4,0.9,1.5,0.44,False,,
pool1prc9hna2mgamtspchrygc66s9n4tlkvh39e3t9zccef4kzc3ns2,,1,55395272.630156,1902,334.027015,170.0,164.027014974,18395.223886,0.009,False,,29125.0,1.8,0.9,0.9,0.44,False,,
pool17ahr5ygy48vpdfnatqn2z4wfu2te4quapk2yx3k50ce6kd7feg0,,1,55307726.745701,10021,569.7147,170.0,399.7147002956,20256.165844,0.0199,False,,5519.0,2.8,0.8,2.0,0.43,False,,
pool1qqqqdktl6pq46td0mwut0qn30g7nlue0sete9wxl0hwsq37wrw8,,1,53133063.413408,6449,516.754588,170.0,346.75458764,17507.729382,0.02,False,,8239.0,3.0,1.0,2.0,0.42,False,,
pool1w7c2j0px43jmudhf48ezp7dy8j7904c9l3wc7809lhh2z026hch,,1,51835043.812894,6065,605.397726,170.0,435.397726125,17585.909045,0.025,False,,8547.0,3.4,1.0,2.5,0.41,False,,
ECO,ECO,1,51560368.811939,3562,746.464106,340.0,406.46410642500007,16598.564257,0.025,True,Material pledge,14475.0,4.5,2.0,2.4,0.41,False,community_branded_fleet,"Automated discovery via pool group and reward address clustering. 2 pools identified, total stake 50,631,662 ADA. Community multi-pool operator pattern detected."
pool106sjgd9m4shsvtc9ruk7femgndknefmct6eedskww37pzv8hz9n,,1,50643588.79581,3,568.866866,170.0,398.86686567,13465.562189,0.03,False,,16881196.0,4.2,1.3,3.0,0.4,True,,
pool1a23gmvalpdams9d42t7fur8vmknzjv7wd3nsvuvrc7dv66lnau0,,1,50614809.862938,2781,676.193274,340.0,336.19327380000004,13787.730952,0.025,False,,18200.0,4.9,2.5,2.4,0.4,False,,
VIPER,VIPER,1,49893849.731779,3452,309.585512,170.0,139.585511943,15679.501327,0.009,True,Material pledge,14454.0,2.0,1.1,0.9,0.39,False,community_branded_fleet,"Automated discovery via pool group and reward address clustering. 2 pools identified, total stake 68,073,136 ADA. Community multi-pool operator pattern detected."
pool1dxwgzj66pual956mnv9delkelg873yvgr2dd8s279m0hxqvr475,,1,49762444.622803,3197,499.550903,340.0,159.55090289,16295.090289,0.01,False,,15565.0,3.1,2.1,1.0,0.39,False,,
pool1pp7tn2w6ken4rpfcjwcdup3g4m5gcdhc9lgvrm3mnxz5stmrhq2,,1,49680350.508814,2546,974.716133,340.0,634.7161326702,16247.672498,0.0399,False,,19513.0,6.0,2.1,3.9,0.39,False,,
pool1krznhwu3h5pu2stuslr53z5rme50t6384macsmylcnljwc7yjky,,1,48872055.407444,829,309.300958,170.0,139.30095806,14100.095806,0.01,False,,58953.0,2.2,1.2,1.0,0.38,False,,
AWP,STSH1,3,47571756.287102,83770,1515.540814,1035.0,480.54081335,10645.816267,0.05,True,Low pledge,568.0,14.2,9.7,4.5,0.37,False,community_branded_fleet,"Automated discovery via pool group and reward address clustering. 3 pools identified, total stake 47,479,873 ADA. Community multi-pool operator pattern detected."
pool193uec04jldvah7r52q86wl033g4v42x0aste8jfg9999qepaxfp,,1,47254466.167255,1270,356.228109,170.0,186.22810884,18792.810884,0.01,False,,37208.0,1.9,0.9,1.0,0.37,False,,
RAY,XRAY1,5,45607029.92153,8892,1794.209761,1673.153707,121.056054,13778.759107,0.01,True,Low pledge,5129.0,13.0,12.1,0.9,0.36,False,protocol_project,"Automated discovery via pool group and reward address clustering. 8 pools identified, total stake 45,682,444 ADA. Community multi-pool operator pattern detected."
SUNNY,SUNNY,2,45378969.623403996,8628,954.2137749999999,680.0,274.21377484,14390.688741999998,0.02,True,Low pledge,5260.0,6.6,4.7,1.9,0.36,False,community_branded_fleet,"Automated discovery via pool group and reward address clustering. 2 pools identified, total stake 45,310,588 ADA. Community multi-pool operator pattern detected."
HRMS,HRMS,1,43439326.036351,7582,539.429358,340.0,199.42935764000003,10311.467882,0.02,True,Material pledge,5729.0,5.2,3.3,1.9,0.34,False,community_branded_fleet,"Automated discovery via pool group and reward address clustering. 2 pools identified, total stake 44,270,100 ADA. Community multi-pool operator pattern detected."
ATLAS,ATLAS,1,42830674.593007,3740,450.233536,340.0,110.23353648,14119.19206,0.008,True,Material pledge,11452.0,3.2,2.4,0.8,0.34,False,community_branded_fleet,"Automated discovery via pool group and reward address clustering. 2 pools identified, total stake 48,578,138 ADA. Community multi-pool operator pattern detected."
pool1qqq0c53vaf5ju0n3fvujmyxwca0yhp65930evw9lngmr5705csz,,1,42100749.477631,1690,350.948819,340.0,10.948818741,11288.818741,0.001,False,,24912.0,3.1,3.0,0.1,0.33,False,,
WEP,ISP,3,42037232.775345,158,1405.094119,993.212211,411.881908446,13154.183810999999,0.05,True,Low pledge,266058.0,10.7,7.6,3.1,0.33,False,multi_brand_fleet,"Automated discovery via pool group and reward address clustering. 6 pools identified, total stake 84,018,239 ADA. Community multi-pool operator pattern detected."
DNEWS,DNEWS,2,39547450.064619,6351,1194.096493,680.0,514.0964928999999,10961.929858,0.05,True,Low pledge,6227.0,10.9,6.2,4.7,0.31,False,protocol_project,"Automated discovery via pool group and reward address clustering. 2 pools identified, total stake 39,652,260 ADA. Community multi-pool operator pattern detected."
KIWI,KIWI,2,38497704.979361996,7642,916.6129309999999,680.0,236.61293136,12510.646568,0.02,True,Material pledge,5038.0,7.3,5.4,1.9,0.3,False,community_branded_fleet,"Automated discovery via pool group and reward address clustering. 3 pools identified, total stake 40,599,989 ADA. Community multi-pool operator pattern detected."
IBEX,IBEX,2,38428532.94839,97,981.0555400000001,680.0,301.05554055600004,11586.642161,0.027,True,Minimal pledge,396170.0,8.5,5.9,2.6,0.3,False,protocol_project,"Automated discovery via pool group and reward address clustering. 3 pools identified, total stake 44,280,794 ADA. Community multi-pool operator pattern detected."
ADASTRONG_COM,ADBV,1,37795624.654258,337,799.285965,345.0,454.2859646,9430.719292,0.05,True,High pledge,112153.0,8.5,3.7,4.8,0.3,False,community_branded_fleet,"Automated discovery via pool group and reward address clustering. 2 pools identified, total stake 37,837,754 ADA. Community multi-pool operator pattern detected."
pool14wk2m2af7y4gk5uzlsmsunn7d9ppldvcxxa5an9r5ywek8330fg,,1,37722049.806889,3816,540.870381,170.0,370.8703810227,12573.691673,0.0299,False,,9885.0,4.3,1.4,2.9,0.3,False,,
pool1t6n7rysk6wzm9wqxda6zxpzmm3j6256fs3mp06dc26n6503hhj4,,1,36620087.236698,1322,306.088162,170.0,136.08816183000002,13778.816183,0.01,False,,27701.0,2.2,1.2,1.0,0.29,False,,
pool1xlfty06hg6q23qvcaxwv3p9ke7ff9n34qpr8tpxt2zflyq20ceh,,1,35756125.21429,722,446.807999,340.0,106.807999095,12207.555455,0.009,False,,49524.0,3.7,2.8,0.9,0.28,False,,
NKR,NKR,1,35483251.831907,468,433.692403,340.0,93.69240320000002,9709.24032,0.01,True,Low pledge,75819.0,4.5,3.5,1.0,0.28,False,community_branded_fleet,"Automated discovery via pool group and reward address clustering. 3 pools identified, total stake 36,129,780 ADA. Community multi-pool operator pattern detected."
KAIZN,KAIZN,3,34555407.602655,4135,1245.020737,1020.0,225.02073705,10020.829482,0.025,True,Low pledge,8357.0,12.4,10.2,2.2,0.27,False,community_branded_fleet,"Automated discovery via pool group and reward address clustering. 4 pools identified, total stake 34,524,487 ADA. Community multi-pool operator pattern detected."
BINANCE,Binance,1,34467724.299667,17,616.487238,345.0,271.487238,9394.5746,0.03,True,Zero pledge,2027513.0,6.6,3.7,2.9,0.27,True,cex,"Binance global exchange with Earn/staking product. BNP-prefixed tickers, unambiguous exchange brand. Pledge≈0. Declining over time from 7.4% to 1.8% of supply — suggests gradual withdrawal of exchange-staked ADA rather than organic delegation loss."
pool1ewrm7y47s9hv6hxku9n5gfnsuspymp0qqpwgvgm9rvm37cek2h6,,1,33635162.172044,2930,583.462476,340.0,243.46247643,8455.415881,0.03,False,,11480.0,6.9,4.0,2.9,0.26,False,,
COFFEEPOOL_JP,COFFE,2,33445907.420146998,622,960.494972,680.0,280.49497192499996,11899.798877,0.025,True,Minimal pledge,53772.0,8.1,5.7,2.4,0.26,False,community_branded_fleet,"Automated discovery via pool group and reward address clustering. 2 pools identified, total stake 33,688,669 ADA. Community multi-pool operator pattern detected."
pool1lurfk0k0wwx54hlg8a7zp3jtstu57u59aeq7aketl55hknmmtu0,,1,32763623.338988,3315,256.318643,170.0,86.31864287,8801.864287,0.01,False,,9883.0,2.9,1.9,1.0,0.26,False,,
pool1c89d4drtwn0048mekkdkzllz559ahnntxelyw2mppxnmc36hjlx,,1,32585429.815221,778,430.043662,340.0,90.04366175310001,9435.319369,0.0099,False,,41884.0,4.6,3.6,1.0,0.26,False,,
WAFFLEPOOL_ORG,,1,31651822.424814,1111,578.25583,340.0,238.25582986,12252.791493,0.02,True,Material pledge,28489.0,4.7,2.8,1.9,0.25,False,community_branded_fleet,"Automated discovery via pool group and reward address clustering. 2 pools identified, total stake 31,762,112 ADA. Community multi-pool operator pattern detected."
TERA,TERA,2,31330590.765946,2667,757.751258,680.0,77.7512574,8455.12574,0.01,True,Minimal pledge,11748.0,9.0,8.0,0.9,0.25,False,community_branded_fleet,"Automated discovery via pool group and reward address clustering. 3 pools identified, total stake 52,889,328 ADA. Community multi-pool operator pattern detected."
pool19f6guwy97mmnxg9dz65rxyj8hq07qxud886hamyu4fgfz7dj9gl,,1,30775843.829403,22052,508.729417,340.0,168.729416535,11588.627769,0.015,False,,1396.0,4.4,2.9,1.5,0.24,False,,
pool1gqgyta9sku3crjzfl9kj7kxsgfkt98y98yeu09kx22zscrezuj7,,1,30727747.703015,2157,322.596915,170.0,152.596914583,8201.416557,0.019,False,,14246.0,3.9,2.1,1.9,0.24,False,,
4ADA,4ADA,1,30374264.218978,1493,304.401263,170.0,134.40126282,6890.063141,0.02,True,Material pledge,20344.0,4.4,2.5,2.0,0.24,False,community_branded_fleet,"Automated discovery via pool group and reward address clustering. 2 pools identified, total stake 37,799,485 ADA. Community multi-pool operator pattern detected."
pool1yc6f3cqsc7jfh07hcns64v5cp8720mve870pgxf2wkr3u8l7tse,,1,27976128.429571,3370,274.123471,170.0,104.123470644,5954.637258,0.018,False,,8302.0,4.6,2.9,1.7,0.22,False,,
pool1c3ecg6h4m73a2mftmdm9mz3gxklxmnzuwzl9e38lzd4y26qcm8a,,1,27877809.965187,162,519.609809,340.0,179.60980945,7524.392378,0.025,False,,172085.0,6.9,4.5,2.4,0.22,False,,
pool1d3gckjrphwytzw2uavgkxskwe08msumzsfj4lxnpcnpks3zjml3,,1,27837940.698733,1380,366.033268,170.0,196.033267802,10020.91798,0.0199,False,,20172.0,3.7,1.7,2.0,0.22,False,,
pool1rvjj8cp3urh7de07pm0ceqha2x4lxws69lhd4429dm6djfjsy4l,,1,27562863.776598,2017,443.075987,340.0,103.07598706,10647.598706,0.01,False,,13665.0,4.2,3.2,1.0,0.22,False,,
pool1pfprlfz0ywcnewjegazz05ghgcfkvu40v6edsz6yn8w362sdjr8,,1,26929288.983075,1765,404.941993,340.0,64.941993,8457.749125,0.008,False,,15257.0,4.8,4.0,0.8,0.21,False,,
pool1j099ctc7kcc9fa78dz5qwsy2g0n96lrgletwxvxmyzh4zd7ck0j,,1,26533334.358051,1952,526.425282,340.0,186.4252818186,9708.104614,0.0199,False,,13593.0,5.4,3.5,1.9,0.21,False,,
pool1qqqyv9pn9typyqwcxqk5ewpxy5p27g5j2ms58hpp2c2kuzs5z77,,1,26516830.888242,3785,416.326146,170.0,246.326146475,10023.045859,0.025,False,,7006.0,4.2,1.7,2.5,0.21,False,,
pool1l6aeyn35nkqkn9lqqlwqnpraakdzuukjrqprcrj3sctk6hhe32k,,1,25738433.352599,1624,304.599623,170.0,134.59962344,6899.981172,0.02,False,,15849.0,4.4,2.5,2.0,0.2,False,,
pool1lfnlxfxxwvjadesxzm4c7grgs3elj70vfdnpjwjmg0ufsqnq52t,,1,25447644.272295,85,370.59499,340.0,30.594989663,9081.425618,0.0035,False,,299384.0,4.1,3.7,0.3,0.2,False,,
pool13846y7q7tng3endxhet9qdcz5w0fjs09ytcye4dm5g54wmyqeqr,,1,23916237.835751,979,393.08623,170.0,223.08623005,9093.449202,0.025,False,,24429.0,4.3,1.9,2.5,0.19,False,,
pool1qqvukkkfr3ux4qylfkrky23f6trl2l6xjluv36z90ax7gfa8yxt,,1,23226707.993186,1046,397.413118,340.0,57.41311804,7516.639755,0.008,False,,22205.0,5.3,4.5,0.8,0.18,False,,
pool1jhzf2mm6zdlhl6w89uhgx8nq8p6ykcc86qq58vjy0ejyxrrksfj,,1,22485077.539713,668,592.950343,340.0,252.95034255,8771.678085,0.03,False,,33660.0,6.8,3.9,2.9,0.18,False,,
pool1xru6f3fflzwkptgm68pncrsncg9ngllv0jk8jnz40m7wusfhazk,,1,22201389.45419,1705,411.759375,340.0,71.75937486,7515.937486,0.01,False,,13021.0,5.5,4.5,1.0,0.17,False,,
KTO,,1,19622563.621415,432,230.932937,170.0,60.93293682000001,6263.293682,0.01,True,Low pledge,45423.0,3.7,2.7,1.0,0.15,False,community_branded_fleet,"Automated discovery via pool group and reward address clustering. 10 pools identified, total stake 37,979,323 ADA. Community multi-pool operator pattern detected."
pool1tpy5yawzpetcverves0h6xdycxgrstehfvrkygydt9jcqxwpw3j,,1,19157785.839612,2125,256.154892,170.0,86.1548921523,5952.207527,0.0149,False,,9015.0,4.3,2.9,1.4,0.15,False,,
pool17taqml487n9t4r9a6ppvf9qv0qlw2lu4zcrzwfdsfcv6xp7uqym,,1,19080615.306906,1420,299.463672,240.0,59.46367189229999,3758.560467,0.0169,False,,13437.0,8.0,6.4,1.6,0.15,False,,
pool1zn9hjcmfddhcp2aj9xxuvz7z40rasyatkgavr8ryyz72qdfwtrj,,1,18815431.953441,2712,402.416582,340.0,62.416581660000006,6581.658166,0.01,False,,6938.0,6.1,5.2,0.9,0.15,False,,
pool126mkma8nv5axltmz7mmg8qz9e70nmhnf58hwx5772fhwgkhk6ag,,1,18569687.269729,212,480.124905,340.0,140.1249051,5010.83017,0.03,False,,87593.0,9.6,6.8,2.8,0.15,False,,
pool18zf8txwv8lmtpq2src8wrhz0pjut5qft8h5tfxnctwc95r7jvvj,,1,18564706.865184,1992,517.709763,340.0,177.70976285999998,6263.658762,0.03,False,,9320.0,8.3,5.4,2.8,0.15,False,,
pool1qku2yhky7sv4dfjfv42uyvauhehuqevk25aw952d7ulzqzx3jcu,,1,18410390.522641,1455,200.4952,170.0,30.49519962,6269.039924,0.005,False,,12653.0,3.2,2.7,0.5,0.14,False,,
pool1fm57fshvdlrgs5pnpk78tnxha0me28equyy96vj0xm85gy5chv0,,1,18395130.813039,2256,370.812344,340.0,30.812344101,3763.593789,0.009,False,,8154.0,9.9,9.0,0.8,0.14,False,,
pool1swe9nsv8lzugakjkfv04dn38scmq48wzynmn0lxasupuzmqcgjm,,1,18303323.813597,1386,202.782848,170.0,32.7828484452,4072.720053,0.0084,False,,13206.0,5.0,4.2,0.8,0.14,False,,
pool1m62sl6rauje9cknrkhwl39tc4hujudkd7gp478dpz7tagmjr8wm,,1,17878252.318972,4184,479.872284,340.0,139.8722837623,4347.801827,0.0349,False,,4273.0,11.0,7.8,3.2,0.14,False,,
pool1aqg6fvhcaulvss2ruvpx6ur9vj7pejvdcxv6xp0qlwuwx94evf0,,1,17844729.168207,3896,402.100219,340.0,62.10021868,3445.010934,0.02,False,,4580.0,11.7,9.9,1.8,0.14,False,,
pool1zmfpd5r5vfwjmwm4cgy53exe58h7plnecny3t4948yw7zumzp4c,,1,17389514.521731,6054,456.781446,340.0,116.781445675,5011.257827,0.025,False,,2872.0,9.1,6.8,2.3,0.14,False,,
pool1u7mqtde27swkarngjsn5mmw3sy20zavlafgqkmg8qv2n2nwga0l,,1,17268471.481379,1673,416.870885,340.0,76.87088519699999,4385.836063,0.019,False,,10322.0,9.5,7.8,1.8,0.14,False,,
pool1vs689gkmqtrljtmcwd2690nzqm2yyq23wk2zzx5g0v0gs5ug64a,,1,15609859.48124,38,372.451736,340.0,32.45173588,4396.466985,0.008,False,,410786.0,8.5,7.7,0.7,0.12,False,,
pool154hq0j6u6ydz62mtlu7xaj78mhreyp0zsv2kq7f0qmne2fu4t7y,,1,15157083.744063,90,396.105922,340.0,56.10592217000001,5950.592217,0.01,False,,168412.0,6.7,5.7,0.9,0.12,False,,
pool10hex9l4wjgqarvhr94xgyh9frv5lhtajhrj4dah0kl65jtws30k,,1,14930515.998077,721,404.601679,340.0,64.6016791329,3758.078261,0.0189,False,,20708.0,10.8,9.0,1.7,0.12,False,,
pool1uk2f28awascuhrhuwrp7x6y87x8ch33vwx8jtmrysp7l5ngq78j,,1,14406092.180608,6200,388.35954,340.0,48.3595397126,5325.519558,0.0097,False,,2324.0,7.3,6.4,0.9,0.11,False,,
pool1grgycym8cf0xmgjjr7gx7udmkpu93hqaygysy5myx6ghx8dvl5r,,1,14257319.451037,4202,423.768597,340.0,83.76859716,3132.286572,0.03,False,,3393.0,13.5,10.9,2.7,0.11,False,,
pool1eqj3dzpkcklc2r0v8pt8adrhrshq8m4zsev072ga7a52uj5wv5c,,1,14069346.538328,834,371.656856,340.0,31.65685574,3505.685574,0.01,False,,16870.0,10.6,9.7,0.9,0.11,False,,
pool1ld9hkah2dkzh73pvh9tf6xr0x28us34msv3zcv2sase5vhvq962,,1,13970108.453828,1972,384.948694,340.0,44.948694192000005,5958.586774,0.008,False,,7084.0,6.5,5.7,0.8,0.11,False,,
pool1ujcu3myfg9wwvdyh2ks653954lamtufy3lefjs73jrr327q53j4,,1,13752111.67477,91,401.571207,340.0,61.57120652,1879.280163,0.04,False,,151122.0,21.4,18.1,3.3,0.11,False,,
pool1evg78egp8gfqae273kvmmdee2dnt6vty60dpwdespg4hujznh3a,,1,13730482.763843,789,395.908222,340.0,55.908222174,3446.012343,0.018,False,,17402.0,11.5,9.9,1.6,0.11,False,,
pool18jqumjfevywycjj54m62g74ghds4mmuyqynpwfkaem0xktazlqw,,1,13461688.648874,9,452.198409,340.0,112.198409,5949.92045,0.02,False,,1495743.0,7.6,5.7,1.9,0.11,True,,
pool1e98xlcgj80c3rdmm27v5hnvrdtut52e65uk0ema7ctfag596vr2,,1,13370680.117477,155,389.897052,340.0,49.89705194,5329.705194,0.01,False,,86262.0,7.3,6.4,0.9,0.11,False,,
pool1jjry6f6q0swaq457ft9eclaxaskvrxnpj0v3w8edsyfryml3vj6,,1,13236295.724923,1264,452.637042,340.0,112.63704208,5971.852104,0.02,False,,10472.0,7.6,5.7,1.9,0.1,False,,
pool15txd36fltfgc63qq0yxtpqt88eu76s0yhugn9a6q7f4zspq6k5f,,1,13179549.854763,917,272.754001,170.0,102.754001235,5333.51765,0.0199,False,,14372.0,5.1,3.2,1.9,0.1,False,,
pool1jt7d6ak3m8gnjyxtuxfswe258xzwda80ndl0a57vv5m2zv8h6at,,1,13000161.282902,10646,484.471464,340.0,144.471463835,5321.774615,0.029,False,,1221.0,9.1,6.4,2.7,0.1,False,,
pool1jk25l2pejpdzq8vdjlxrr05th49v9tgd78fqrtxvuw3rumpfc6t,,1,12960587.108739,2842,461.10135,340.0,121.101349782,2811.456118,0.049,False,,4560.0,16.4,12.1,4.3,0.1,False,,
pool1xlphlhnjvfeh40vcqf9fdewztsj6kyxq6604kaccpv00umjfu0d,,1,12458223.085355,5295,479.781242,340.0,139.78124165,3135.624833,0.05,False,,2353.0,15.3,10.8,4.5,0.1,False,,
pool1qqq6qqa0hpzvumv5p87ynczfmdj557xuwlc3289ke42g72z7f74,,1,12430560.788237,1575,438.925555,380.0,58.92555498,6272.555498,0.01,False,,7892.0,7.0,6.1,0.9,0.1,False,,
pool1ue4ngerz28nkpstsr5p53qvl5ulq3jtmllj4my0d0n28yyrn4l4,,1,12022987.261736,52,367.921333,340.0,27.9213333,3132.13333,0.01,False,,231211.0,11.7,10.9,0.9,0.09,False,,
pool1m4njkh73pdj90xxkgaz9dnh7gffweeupft8nfurlntg6cgqfmy8,,1,12007337.84044,5,205.878313,170.0,35.87831307,3757.831307,0.01,False,,2401468.0,5.5,4.5,1.0,0.09,True,,
pool170hmssk80z2ameg7jhj5m8psnkjejcc77vfpd0875yggxhhntd0,,1,11774641.830228,6128,370.781896,340.0,30.781896000000003,1879.0948,0.02,False,,1921.0,19.7,18.1,1.6,0.09,False,,
pool1c86ul4pnqvu7jzag8fjdy6dgrn6pt4ad4vmyq038hyg0wl2kaed,,1,11432594.673734,436,420.882702,340.0,80.88270236000001,4384.135118,0.02,False,,26222.0,9.6,7.8,1.8,0.09,False,,
pool10tqeu6d03p6rnalqlvdshmpsljxaq2c0ww6draq6xm8lgyl2a3p,,1,11307643.441432,841,230.687463,170.0,60.68746299,2192.915433,0.03,False,,13445.0,10.5,7.8,2.8,0.09,False,,
pool1x5dfpgp987e4jhxvgczr3wv50nv2pwd873tlx3uthvcasm422q6,,1,11129493.626752,1116,433.42825,340.0,93.42825034,5011.412517,0.02,False,,9973.0,8.6,6.8,1.9,0.09,False,,
pool1lhvpgr8lhsf6h03v9zqxm74pa63rdxx4yuvkqfw4tv9fua8t37a,,1,11011326.381267,120,423.746111,340.0,83.74611069,3131.537023,0.03,False,,91761.0,13.5,10.9,2.7,0.09,False,,
pool1qetkrhjs9fll3nthuxk6zp0ssanf3rszg5wh8x79mg67gsg7vjv,,1,10824613.820362,40,414.367592,340.0,74.3675925,2818.91975,0.03,False,,270615.0,14.7,12.1,2.6,0.09,False,,
pool1q9049mstrv5czwyylpf3xen08pmvsfsgtru4wf3zvc9uxat2sm0,,1,10563713.914204,1758,401.48734,340.0,61.48733964,1877.183491,0.04,False,,6009.0,21.4,18.1,3.3,0.08,False,,
pool1k7zrx5rw6cvef9m5qtp9sy4e53u93kwqx73ykz7md9gmwgf56yk,,1,10555505.92073,13,367.91525,340.0,27.91524985,3131.524985,0.01,False,,811962.0,11.7,10.9,0.9,0.08,False,,
pool1qkd5y9azf2xx0gmrj68lrkcn59ldjmnpzd3y2rq3tvjp2vqljan,,1,10516763.793146,531,371.066674,340.0,31.06667368,3446.667368,0.01,False,,19806.0,10.8,9.9,0.9,0.08,False,,
pool10eltx2wej46e62ulmwzm35xfu0azu47yvpjper7gwhncqe74vg6,,1,10206821.553986,1480,402.79991,340.0,62.799910147,2505.514143,0.029,False,,6897.0,16.1,13.6,2.5,0.08,False,,
pool1ty7lh3nvtwxlcpqg2x30fkr3j9ys6nprztr9m4zp3aajxyjk2vz,,1,9930816.420128,554,367.927116,340.0,27.92711634,3132.711634,0.01,False,,17926.0,11.7,10.9,0.9,0.08,False,,
pool1u0mc9ywfxl529atxyajuz3pgqnwgnk6w7lejjmjg22ucvn7z9vh,,1,9896492.940267,1865,439.145825,340.0,99.14582488,2818.645622,0.04,False,,5306.0,15.6,12.1,3.5,0.08,False,,
pool1u4sxd6x0qsy7evljt24vtnyhpxd098n609sfcmly6c096mr3jgq,,1,9584003.589152,592,395.552554,340.0,55.5525536589,3131.585611,0.0199,False,,16189.0,12.6,10.9,1.8,0.08,False,,
pool1zj4h7kc6v53q9r8x3fwzfuayf2frwme8u5k86gu0uzeeuvqxgul,,1,9565537.319505,1478,376.201992,340.0,36.20199194999999,1546.733065,0.03,False,,6472.0,24.3,22.0,2.3,0.08,False,,
pool1heks0vmxkfka2amg9c8yn8qdsxvgmzelfx6jhpfkj8ht5mn0r2m,,1,9297203.20154,519,402.798436,340.0,62.79843607700001,2505.463313,0.029,False,,17914.0,16.1,13.6,2.5,0.07,False,,
pool1mwp8ewtzmun0426v9z0h9um2amswgfzn78rckfl2fc3t5sy0m5g,,1,9227557.487201,47,364.784822,340.0,24.784821710000003,2818.482171,0.01,False,,196331.0,12.9,12.1,0.9,0.07,False,,
pool1zytydvyy3qztrs8l2xyggvkfcjctp23m2hc3aj7sudnzgny79cg,,1,9193441.904177,917,352.258839,340.0,12.25883895,1565.883895,0.01,False,,10026.0,22.5,21.7,0.8,0.07,False,,
pool1lxqewhueg4hzyad766zhdwsjet5348ww8mzejf6fprxaw8wfq5s,,1,8815030.609964,65,370.792806,340.0,30.79280582,1879.640291,0.02,False,,135616.0,19.7,18.1,1.6,0.07,False,,
MUEN,MUEN,1,8688168.839673,61,395.832937,340.0,55.83293674,3131.646837,0.02,True,Low pledge,142429.0,12.6,10.9,1.8,0.07,False,community_branded_fleet,"Automated discovery via pool group and reward address clustering. 3 pools identified, total stake 34,156,256 ADA. Community multi-pool operator pattern detected."
pool1c3kxs76qj58284f923cx7ed8vw25en3nfghyurv0z9m2g3x9c4j,,1,8636629.459205,47,423.343417,340.0,83.34341685,2192.07593,0.045,False,,183758.0,19.3,15.5,3.8,0.07,False,,
pool1qgmwcxs8d8qmr0vtvsqd9u8gugrventh5dcqukmu79e2sgfuu8t,,1,8624050.556559,5766,333.800205,170.0,163.80020455,3446.004091,0.05,False,,1496.0,9.7,4.9,4.8,0.07,False,,
pool1dpu6kslgxlg3ccrwxldl8e6r7ylnq0yalafmucp0yc7k6qegtt0,,1,8503363.758339,417,289.279338,250.0,39.279338058,4384.667164,0.0095,False,,20392.0,6.6,5.7,0.9,0.07,False,,
pool1mkjtce8r8yeku0mmc9vpwl0scuwuwc8lz89ckpj3k0kwgvlunv5,,1,8495354.222182,4150,463.924005,340.0,123.92400505,2818.480101,0.05,False,,2047.0,16.5,12.1,4.4,0.07,False,,
pool1rcd7qslz3xnpnk9u6tcwegy5r2574uf8suqu24ptg637jha3sr5,,1,8268783.60197,143,389.567468,340.0,49.5674684,2818.37342,0.02,False,,57824.0,13.8,12.1,1.8,0.07,False,,
pool1a3kdettzvvlqvkl9m9hwe63ggeq5fgvz0twqew5c62dzx99vsed,,1,7894633.251131,1113,361.654629,340.0,21.65462912,2505.462912,0.01,False,,7093.0,14.4,13.6,0.9,0.06,False,,
pool1ea34czsr90yc63fmv4gj4tetp7ds7c4jhpj6vqg4yw40wvygdl3,,1,7832964.893466,348,249.454459,170.0,79.45445921999999,2818.481974,0.03,False,,22509.0,8.9,6.0,2.8,0.06,False,,
pool1cc76kmtcpf6vht32ya5ke9er74dnpy4jh5qpy4klqwp87ygdsu6,,1,7758082.239702,1466,384.728605,340.0,44.72860506800001,1882.365692,0.029,False,,5292.0,20.4,18.1,2.4,0.06,False,,
pool1svszcjg5xaxt5mq7ue2llm26ndt74dslvev04g6kwdmvyf0t657,,1,7642583.005382,46,367.927317,340.0,27.92731717,3132.731717,0.01,False,,166143.0,11.7,10.9,0.9,0.06,False,,
pool1enul577he3e0s500lv8z98m6k936uecz2rpckxxmmk8c7k0n2rd,,1,7454212.876713,635,350.136927,340.0,10.136927073,939.81817,0.0169,False,,11739.0,37.3,36.2,1.1,0.06,False,,
pool16tcjctesjnks0p8sfrlf8f3d3vrp2fdn2msy80sgg3cdjtayu3z,,1,7423733.698518,718,355.389146,340.0,15.389146060000002,1878.914606,0.01,False,,10339.0,18.9,18.1,0.8,0.06,False,,
pool10jn0wjlh9y3w2ygq84u2llvlnxfz3lc4g0ssqlmpp3w3y2d2lw5,,1,7179657.030765,94,448.309226,340.0,108.3092258,2506.184516,0.05,False,,76379.0,17.9,13.6,4.3,0.06,False,,
pool1q9kwa675j2z53jecrs6pn3fqsc9ypxrsypu5dgu6hammqkagy22,,1,7156579.267014,106,355.389881,340.0,15.38988053,1878.988053,0.01,False,,67515.0,18.9,18.1,0.8,0.06,False,,
pool1a3ekt9me035qgju0en2w39vjns9ggtewnc9fugsmpgczvgtl6u9,,1,7148611.190435,50,358.520688,340.0,18.520688180000004,2192.068818,0.01,False,,142972.0,16.4,15.5,0.8,0.06,False,,
pool16qr7dz5q4vwf3n87t4lmr0d2zlr5knexpdzkuk4trc8dwed7aw3,,1,6952215.950097,2,191.6522,170.0,21.65220038,1252.610019,0.02,False,,3476108.0,15.3,13.6,1.7,0.05,True,,
pool1qqqqzyqf8mlm70883zht60n4q6uqxg4a8x266sewv8ad2grkztl,,1,6858581.819363,1872,439.176717,340.0,99.17671736,2819.417934,0.04,False,,3664.0,15.6,12.1,3.5,0.05,False,,
pool1h59405hmvnxz2kyjpll3f65lnqhm7we3u96cws9vzzxzzws9gjc,,1,6791911.157428,597,416.946097,340.0,76.94609695000001,1878.921939,0.05,False,,11377.0,22.2,18.1,4.1,0.05,False,,
pool1qvhss6kxmtl27nr4ugvypayhvt4a4vzll8p9csdg2v8q7d22llu,,1,6789917.968288,924,370.785568,340.0,30.78556804,1879.278402,0.02,False,,7348.0,19.7,18.1,1.6,0.05,False,,
pool1lqpymyzg9glc88r7urptuv0d8t2tu9ty7xtshvxmgpu0j4lp8p3,,1,6740401.470679,2087,187.098726,170.0,17.09872637,1879.872637,0.01,False,,3230.0,10.0,9.0,0.9,0.05,False,,
pool1qqqqrwzy7njvjq9wph7usj5gghm3py9c97688ek8pgc7uem9cfz,,1,6688585.229705,1343,401.599636,340.0,61.599635680000006,1879.990892,0.04,False,,4980.0,21.4,18.1,3.3,0.05,False,,
pool1djg8jsygtculv3q2qdrxtnpxfq003pdxcvlw2pvfupq7jm5xpgp,,1,6531370.926413,133,358.253173,340.0,18.2531733,1252.658665,0.02,False,,49108.0,28.6,27.1,1.5,0.05,False,,
pool1ev8fwfccn8gr0zcz3uyps0t0mcrefc6s95wjc6aed3ngc86y5rk,,1,6404176.670981,447,351.033556,340.0,11.033556011999998,1565.950668,0.009,False,,14327.0,22.4,21.7,0.7,0.05,False,,
pool140x77a7cz2j689lmxf836qpjtc3y83rka28v6gpswxdw2mag62e,,1,6333512.781553,72,451.670748,340.0,111.6707483762,4074.807638,0.0299,False,,87965.0,11.1,8.3,2.7,0.05,False,,
pool10p3g22454ly7eaurlur5wc9d9ual2fnfwy7a6e7k09z3yf929k9,,1,6128231.984335,165,375.547551,340.0,35.547550835,1565.777615,0.029,False,,37141.0,24.0,21.7,2.3,0.05,False,,
pool1ar6nsa2uzng70uf8fdrttu5jhgxzgu2f4za8h845zr435nfcruw,,1,6063395.651267,285,195.636459,170.0,25.636459125,1879.097275,0.015,False,,21275.0,10.4,9.0,1.4,0.05,False,,
pool107rsdzswa5s3y8wk5z62tgh5lhm790dsyqjp4lq66fht7qnaq9d,,1,6055113.48739,31,346.128845,340.0,6.12884506,1565.769012,0.005,False,,195326.0,22.1,21.7,0.4,0.05,False,,
pool1fxmancs3dmc9l0s7u7zrj8334m9nvzam5t5hnuuf4c7cjr6867m,,1,5990667.510328,1218,364.79454,340.0,24.79453996,2819.453996,0.01,False,,4918.0,12.9,12.1,0.9,0.05,False,,
pool1d9g45764jtjzagrmy5ndtrx4pua7l9sr4nh08l3mqs43xe6wnh9,,1,5964079.927868,16,353.689808,340.0,13.689807659999998,1252.653844,0.015,False,,372755.0,28.2,27.1,1.1,0.05,False,,
pool1j6zqawj6f58lp4p00t26eqe58gxx4pa3cudlzpkv23y92nlxjzd,,1,5887476.127856,702,253.731106,200.0,53.73110576,1879.097055,0.032,False,,8387.0,13.5,10.6,2.9,0.05,False,,
pool16jefdagcsgzyek9jytzfezx5ajvfkytjgghaps64hzz6uzkpc0e,,1,5857041.523507,34,358.521732,340.0,18.5217319,2192.17319,0.01,False,,172266.0,16.4,15.5,0.8,0.05,False,,
pool1qu48wpwwarmkewhlwge9xs87sgt8gdnqq26nnre2v6c8up4fxwr,,1,5771858.124098,221,370.792007,340.0,30.792006540000003,1879.600327,0.02,False,,26117.0,19.7,18.1,1.6,0.05,False,,
pool15k0zeppza4qzgf6z7wmwsgvl5rz9f6489zxhrxqa8dj6jzju6ct,,1,5761777.168132,608,358.522375,340.0,18.52237534,2192.237534,0.01,False,,9477.0,16.4,15.5,0.8,0.05,False,,
pool1q8a7ym63gurl72wr32je0tv0lp4p2uh8vzzc6rn6un7ryslvqmu,,1,5736528.487618,394,383.288012,340.0,43.2880123,2504.400615,0.02,False,,14560.0,15.3,13.6,1.7,0.05,False,,
5BINARIES,,1,5719959.511669,181,476.928267,340.0,136.928266678,3134.454422,0.049,True,Material pledge,31602.0,15.2,10.8,4.4,0.04,False,opaque_fleet,"Automated discovery via pool group and reward address clustering. 6 pools identified, total stake 104,353,001 ADA. Community multi-pool operator pattern detected."
pool1pnzwgsgzd6t4788sfr7dxjyusepyq9xaxnpyfcngewqf29t9ayd,,1,5679409.013689,2621,360.570966,340.0,20.5709656475,2505.364805,0.0095,False,,2167.0,14.4,13.6,0.8,0.04,False,,
pool10p6wd9k0fwk2zqkqnqr8efyr7gms627ujk9dxgk6majskhawr6r,,1,5640424.688826,587,371.113981,340.0,31.11398074,3451.398074,0.01,False,,9609.0,10.8,9.9,0.9,0.04,False,,
pool18xjkr4xpscwxsatewj9lqc6z74vw90qycjd0wrypeqej673j5u8,,1,5553797.211184,13,395.562535,340.0,55.56253482,2192.084494,0.03,False,,427215.0,18.0,15.5,2.5,0.04,False,,
pool1hjpax8lf2hmct63xxrspe9zzmmywcrzw89yg3nacu0axzy0latu,,1,5428673.313024,3,377.042885,340.0,37.042884560000005,2192.144228,0.02,False,,1809558.0,17.2,15.5,1.7,0.04,True,,
pool1hnnfvsq3xlln6vz7d2xmk6kqekd5z4ctmfpdad8g8kr0yk8kdfd,,1,5387706.712143,500,208.985275,170.0,38.9852751,2119.263755,0.02,False,,10775.0,9.9,8.0,1.8,0.04,False,,
pool18gysxqfwz4j8rm3vlh6677vs9n23prvfr7gwe88mhn5uudgx9ng,,1,5355332.002557,331,184.998146,170.0,14.99814591731,939.530319,0.01949,False,,16179.0,19.7,18.1,1.6,0.04,False,,
pool1qqqq4md2rfdt75qvh3x9cgmkrgkl74ctcj3fnxpu3ylcudl22ex,,1,5225568.303839,1179,370.779749,340.0,30.77974932,1878.987466,0.02,False,,4432.0,19.7,18.1,1.6,0.04,False,,
pool1pgmuramw9waw9ckxsvpxmcn9p6fd4xl5jmavu8jje0x5vuc00l0,,1,5220231.989153,12,404.95689,340.0,64.95688971,2505.229657,0.03,False,,435019.0,16.2,13.6,2.6,0.04,False,,
pool1y49e700dnx8lpvznmysgzw203mjq6l7um85ka4ys6x0zcwgs77w,,1,5200187.306461,32,348.590609,340.0,8.590608959999997,626.353632,0.03,False,,162506.0,55.7,54.3,1.4,0.04,False,,
pool12wpfng6cu7dz38yduaul3ngfm44xhv5xmech68m5fwe4wu77udd,,1,5099342.229122,935,208.528511,200.0,8.52851076,626.425538,0.02,False,,5454.0,33.3,31.9,1.4,0.04,False,,
pool1h6q8jj55dn6727yydlypu0rz4sflf2enxhs0thqydmddgu3shl5,,1,5048768.097276,596,202.526223,170.0,32.526222659999995,1254.207422,0.03,False,,8471.0,16.1,13.6,2.6,0.04,False,,
pool1qqlf3epa7m8780p2jx5689u2ql06tw026l5377tptk2zswrc645,,1,5047427.709547,74,376.772872,340.0,36.77287206,1565.762402,0.03,False,,68208.0,24.1,21.7,2.3,0.04,False,,
pool1wun8t7nt4daw2zgv0vj7cmwru97vsw0fccucjzuvs7y0qlc8xyv,,1,5025101.020951,3,401.288122,340.0,61.2881219,1565.762438,0.05,False,,1675034.0,25.6,21.7,3.9,0.04,True,,
pool1rpjjz68kmmetyxztmrstrwgz8lxf6v0d7vqgw98r5x8rc50jrdf,,1,4618821.763231,1470,383.324462,340.0,43.324462180000005,2506.223109,0.02,False,,3142.0,15.3,13.6,1.7,0.04,False,,
pool1fh4sh2telea0tfdy39h0drx6uq566yt9gf24edpz7335sclx39z,,1,4432441.637613,992,358.261751,340.0,18.26175148,1253.087574,0.02,False,,4468.0,28.6,27.1,1.5,0.03,False,,
pool1mg37s4w4uzsmw27nsnz2mwfll8sdawngvy3n657t7nd0yjcd77e,,1,4418819.057816,972,313.158586,313.158586,0.0,313.158586,0.02,False,,4546.0,100.0,100.0,0.0,0.03,False,,
pool1nffpy6r7l4ueeedzvvzsta2vty9g6mtet6huuhfzyvndkwd35dl,,1,4321230.842323,33,352.257685,340.0,12.25768522,1565.768522,0.01,False,,130946.0,22.5,21.7,0.8,0.03,False,,
pool15f9qklmaajysmwx9n3rkgc5s2g3rfffz4x8spnedtzdgq43tpe2,,1,4299754.875509,349,197.915245,170.0,27.915245180000003,1565.762259,0.02,False,,12320.0,12.6,10.9,1.8,0.03,False,,
pool165zu45p489lpuypt4fsuc5g8l9g9ha4dddlls84jlsp3k4vsw9p,,1,4273701.755099,9,401.288732,340.0,61.28873180000001,1565.774636,0.05,False,,474856.0,25.6,21.7,3.9,0.03,False,,
pool1fyp482ntshhm9zfz4nv7pmsaeakscf5mnuzcxuvtqf6t56fc7l0,,1,4254666.323014,1879,178.669782,170.0,8.669781946999999,626.304313,0.019,False,,2264.0,28.5,27.1,1.4,0.03,False,,
pool18j287g2sccele52hhxc0csk2ghfghwndqm9yahdqnhjks840wtq,,1,4232770.585795,1130,313.182848,313.182848,0.0,313.182848,0.025,False,,3746.0,100.0,100.0,0.0,0.03,False,,
pool19m547w9wkcqm5hcstz67fly4ucz0zsp3dqv4n956xyusy4dlpue,,1,4155914.995469,388,345.994577,340.0,5.99457672,939.457672,0.01,False,,10711.0,36.8,36.2,0.6,0.03,False,,
pool1les50pm26wpf8gym7cda470xgfswukzhyykvhyfsfl4dcu2ezj4,,1,4031909.569006,7,386.167667,340.0,46.16766723,1878.922241,0.03,False,,575987.0,20.6,18.1,2.5,0.03,False,,
pool1t9m69j5thv2ke9jt9hhsgxlag44z7erp2s2ukcpruwhwqarc9np,,1,4029249.492393,53,193.094456,170.0,23.09445594,939.815198,0.03,False,,76024.0,20.5,18.1,2.5,0.03,False,,
pool1j6dh3ynys827j38976q0q3s3c9hpzgx40kjcq4472h6m7d3t0hm,,1,4015591.469993,486,395.587056,340.0,55.58705586,2192.901862,0.03,False,,8263.0,18.0,15.5,2.5,0.03,False,,
pool1apupv5qtfp2aa2xlrzzjzx0uj686g3n695a329nq8j5jvvzumz0,,1,3959495.724125,19,177.69494,170.0,7.694940000000001,939.494,0.01,False,,208395.0,18.9,18.1,0.8,0.03,False,,
pool1pqm2cev326p2mrruzw9xru65uvt3r7f0rdf5gtx54zdskxqhmur,,1,3907992.13965,539,369.974687,340.0,29.97468725,939.493745,0.05,False,,7250.0,39.4,36.2,3.2,0.03,False,,
pool1gdgjzmp96kk0d0sj482655wqlq8jtc4t9xw8xzfwfx4tjyq73hw,,1,3852805.693276,29,383.350237,340.0,43.35023712,2507.511856,0.02,False,,132855.0,15.3,13.6,1.7,0.03,False,,
pool1jpz5m45ff4r6tnq7n5tw63fkhpmw3cyv8sn569w24x8lj3kl68c,,1,3826704.482507,349,177.694939,170.0,7.69493851,939.493851,0.01,False,,10965.0,18.9,18.1,0.8,0.03,False,,
pool1nhls8e9swnyshldgjknku4npreax075nw0ltrkmrarh4w3skxt9,,1,3784685.672505,582,354.995359,340.0,14.99535885,939.814354,0.025,False,,6503.0,37.8,36.2,1.6,0.03,False,,
pool1peayemzlkmcwn64c455mx8sxdaztq0xuv9hdxlp0kcsxz57up3z,,1,3774090.655904,41,345.996383,340.0,5.99638322,939.638322,0.01,False,,92051.0,36.8,36.2,0.6,0.03,False,,
pool10pd44d65586rldtdzuu88e7mn4sxjctvdksmt05nnqfzqu7g7hd,,1,3714380.097679,31,345.994611,340.0,5.994611089999999,939.461109,0.01,False,,119819.0,36.8,36.2,0.6,0.03,False,,
pool1429egqgv60r3nxlp6cvs08qcffv7duddjvyjd0pt6wzhj7akda8,,1,3587184.874677,204,342.864254,340.0,2.8642537500000005,626.425375,0.01,False,,17584.0,54.7,54.3,0.5,0.03,False,,
pool1mfgqn8n658vjdcvg3xgtr3qyet64fht0dzsukqeznxw36z8g2k6,,1,3531037.743971,141,363.16806,340.0,23.168059651800004,1565.823262,0.0189,False,,25043.0,23.2,21.7,1.5,0.03,False,,
pool136wr0g23dw9daekuyqtgk366vywms6meespgpm3hdguxqczaaug,,1,3516919.859998,1097,369.972865,340.0,29.972865100000003,939.457302,0.05,False,,3206.0,39.4,36.2,3.2,0.03,False,,
pool1kks6sgxvx7p6fe3hhnne68xzwa9jg8qgy50yt3w3lrelvns7390,,1,3457048.463706,297,227.316464,200.0,27.316463520000003,1565.823176,0.02,False,,11640.0,14.5,12.8,1.7,0.03,False,,
pool137j9xuzycq4jxfpsmjnc75w2wnpz68khlwvsh69kt5negg6ldhg,,1,3438214.560264,212,177.694575,170.0,7.69457549,939.457549,0.01,False,,16218.0,18.9,18.1,0.8,0.03,False,,
pool1n2yp66zk6m33sg8k20hsvmk9tw7xeeswzdcfxhnx9hm9jkxv5k4,,1,3411147.138284,917,345.997909,340.0,5.99790926,939.790926,0.01,False,,3720.0,36.8,36.2,0.6,0.03,False,,
pool1j8grqucdwwcr0cwzxrtw30vqcptg0jdlrmauq5w7ytvqx6nf5np,,1,3372957.190061,88,177.703085,170.0,7.70308455,940.308455,0.01,False,,38329.0,18.9,18.1,0.8,0.03,False,,
pool1druxd2syfrvqvepxh60fz0qhralcesruphh5atujuh0jktjy0ma,,1,3334276.376265,1053,172.848967,170.0,2.8489669830000004,313.16417,0.0199,False,,3166.0,55.2,54.3,0.9,0.03,False,,
pool14hhs6ruwnuaf4fzsmx89mvmjl2qhyy5jnzyk2le03886kj6z9yp,,1,3315655.998079,17,315.789222,300.0,15.789222380000002,1878.922238,0.01,False,,195039.0,16.8,16.0,0.8,0.03,False,,
pool1xtrwqwu6jn896szjwsyxxjczl6hc9sq4lh5ax68f7dt3gc0y9rx,,1,3279087.690477,1122,351.45242,340.0,11.45242008,626.310502,0.04,False,,2923.0,56.1,54.3,1.8,0.03,False,,
pool1m3h5p82m6v99nda37rmed8vrkqt43e2a8d89k76gw5ets0gdyag,,1,3079175.126799,1434,366.977197,340.0,26.977197015,939.493267,0.045,False,,2147.0,39.1,36.2,2.9,0.02,False,,
pool16e2x06wk8ufyakgrzq0c9p5tmfhl6w0c80raxr0xtg5g7aakhgh,,1,3046331.019981,497,358.528951,340.0,18.52895107,2192.895107,0.01,False,,6129.0,16.3,15.5,0.8,0.02,False,,
pool10qmnswfc22zm0fscg80gkwqz65ujwjkqmctv8g9l9l58wqtelgg,,1,2875797.750103,454,173.64357,170.0,3.643570184,625.446273,0.008,False,,6334.0,27.8,27.2,0.6,0.02,False,,
pool1df9rj4n0t3zlpak7xnh4ue6t3yh9zlw7a02w4l8askp77up25rt,,1,2864398.536012,1031,306.53081,300.0,6.530809999999999,626.5405,0.02,False,,2778.0,48.9,47.9,1.0,0.02,False,,
pool1g2y0j7rsv7dpu8p6jt2dva3rxfqjl2zu0ag9dd0cfm8guzg0lh0,,1,2851484.706361,20,313.152486,313.152486,0.0,313.152486,0.03,False,,142574.0,100.0,100.0,0.0,0.02,False,,
pool1s6x6kltycpxq82hyqhlqllqj3q5l2m8w499gvtu4xrfv29c0q2q,,1,2827102.963835,1956,351.9298,340.0,11.9298001356,939.487444,0.0199,False,,1445.0,37.5,36.2,1.3,0.02,False,,
pool1d76p7zfn2ydq577z4wsvmnl2lx4cxa3s5vplfuhvr8qfw8hd05j,,1,2806194.741312,202,196.518809,170.0,26.518809485,1565.726815,0.019,False,,13892.0,12.6,10.9,1.7,0.02,False,,
pool1jyutduy73e5u9877uns3k9rm0tf4r24j8lrn4xtkjpl3q5sn5mw,,1,2785386.306442,469,193.083772,170.0,23.0837718,939.45906,0.03,False,,5939.0,20.6,18.1,2.5,0.02,False,,
pool1w728ekz4fs2f33qmqf7047hvwsmarjrv5l575ncnh7hkc0zdhgz,,1,2736046.418868,31,205.657634,200.0,5.6576345,313.15269,0.05,False,,88260.0,65.7,63.9,1.8,0.02,False,,
pool15m78a3nfcepn8ekyzx6sa8yexg7cqseer2ktu26f7l9jjq0e502,,1,2565681.02769,12,369.972873,340.0,29.97287325,939.457465,0.05,False,,213807.0,39.4,36.2,3.2,0.02,False,,
pool1r8938r4ts8f4t8nsp9xl9dktzapt7f67jgpsp4wrju39xrdnaye,,1,2554037.044197,196,313.23571,313.23571,0.0,313.23571,0.0085,False,,13031.0,100.0,100.0,0.0,0.02,False,,
pool1py2uxkvuj926h42s40wxl26dh0ggaq882v4m0hkd99m86vzmwnz,,1,2529293.433279,43,369.990507,340.0,29.990507300000004,939.810146,0.05,False,,58821.0,39.4,36.2,3.2,0.02,False,,
pool1f6lnuxzw90mmd399nxqjvzyyxgmf4h3cp7j6pp5s7xmps86arct,,1,2509673.453774,212,177.695481,170.0,7.695480710000001,939.548071,0.01,False,,11838.0,18.9,18.1,0.8,0.02,False,,
pool1arsqn9w87wpqlm0sre66gs79dcs0jmwulytgke3vut7u62lttu7,,1,2495296.362743,468,195.129109,170.0,25.129108782,1566.061599,0.018,False,,5332.0,12.5,10.9,1.6,0.02,False,,
pool1hw3cgyx7tvxh2fpd46k9sqgruu5pfnzt4nxuyv2w7nlmusutda2,,1,2485956.997364,106,342.778532,333.0,9.778531549049998,626.385285,0.03333,False,,23452.0,54.7,53.2,1.6,0.02,False,,
pool1c2utlagkpht4zj0jetsf245c258geuxnjqp9kf4f2z9rutx9dz4,,1,2473015.741954,438,177.159125,170.0,7.1591254,313.182508,0.05,False,,5646.0,56.6,54.3,2.3,0.02,False,,
pool1hfn7yuwfyhmmqe4qpaxfewuly7cnemc6kqkv5npytj9vcrskh6j,,1,2472255.450401,236,347.160615,340.0,7.160614825,626.424593,0.025,False,,10476.0,55.4,54.3,1.1,0.02,False,,
pool1jsxk3ymqv2gdc6mhqk52544g2aun4zhq5wgx6n32l5s3jlne70n,,1,2455517.83014,48,174.287023,170.0,4.28702322,312.900774,0.03,False,,51157.0,55.7,54.3,1.4,0.02,False,,
pool1fkg3cr9en57ccsmnde20eevkaeu3elp0h4yyqk3udkkxzhl70ju,,1,2330608.553035,7,357.983834,340.0,17.983833540000003,939.461118,0.03,False,,332944.0,38.1,36.2,1.9,0.02,False,,
pool1dkww2vlysa8lsnuf5rca979zdsyr3zvt59hu7e420yxfunkka2z,,1,2285414.807083,136,313.200507,313.200507,0.0,313.200507,0.018,False,,16805.0,100.0,100.0,0.0,0.02,False,,
pool1j3umdcuxcewcxz98wm3sx5xqwgxx0v7z376xyjfq4jgejpvv8fz,,1,2275400.167914,496,313.164647,313.164647,0.0,313.164647,0.02,False,,4588.0,100.0,100.0,0.0,0.02,False,,
pool1qqq9tqyj69j9kygpxza3h82ynh8d0xlueucnu2yqum8nse8hj7y,,1,2198303.363501,339,197.067932,170.0,27.067931800000004,1252.717272,0.025,False,,6485.0,15.7,13.6,2.2,0.02,False,,
pool1n4fq4gw6snzqjep3pylj8dc6aaa4xgn78gl58k360dqdw6a58g8,,1,2192246.504497,45,313.202825,313.202825,0.0,313.202825,0.0369,False,,48717.0,100.0,100.0,0.0,0.02,False,,
pool1jmx55w5ydjkn4xd58gmr9xgt5t46ngs48aek779t92e7zcqfw97,,1,2186987.939211,413,345.995256,340.0,5.995256100000001,939.52561,0.01,False,,5295.0,36.8,36.2,0.6,0.02,False,,
pool1l5kwfudnqrhw3k4lwzcppu36nun9puvvr7xnanuz8a2zx4jaek5,,1,2142536.342047,267,313.152792,313.152792,0.0,313.152792,0.042,False,,8024.0,100.0,100.0,0.0,0.02,False,,
pool1ncg357pkgx29g6jrwunk94pwxe409ktxyrw8s0k66vwkc4qdgnu,,1,2094849.817502,49,313.182663,313.182663,0.0,313.182663,0.01,False,,42752.0,100.0,100.0,0.0,0.02,False,,
pool1lrnyqdlrj97d0ju5j6d9xa8prw0xeyumfd53rz5wk3gf7czqzjz,,1,2035173.714774,572,342.865373,340.0,2.8653726,626.53726,0.01,False,,3558.0,54.7,54.3,0.5,0.02,False,,
pool190a9js7lk9lvmrngre7w268z9tz9xs9yz77audvw8ag4jerfdhx,,1,2031898.328133,145,367.384861,340.0,27.38486112,1252.828704,0.03,False,,14013.0,29.3,27.1,2.2,0.02,False,,
pool1utqhj9g53a5cwg7tyd8neky7jvjlgzuf470adc0e69cp5uuquzx,,1,2018540.944429,88,342.864815,340.0,2.8648148900000003,626.481489,0.01,False,,22938.0,54.7,54.3,0.5,0.02,False,,
pool193rdch53x9c53rmftlqgzj22vmz6w8z8hhut2ckzd2zej45zpap,,1,2009089.459866,85,180.826585,170.0,10.82658515,1252.658515,0.01,False,,23636.0,14.4,13.6,0.9,0.02,False,,
pool1n6z7rf722heq35v2dxvstfwezgdt8cv0mftpv4r9jay3wjk2kkt,,1,2000171.992086,16,313.158578,313.158578,0.0,313.158578,0.01,False,,125011.0,100.0,100.0,0.0,0.02,False,,
pool1helzgcd9sjm9xtyh9mw2wy06gekh6r52s6mx987q0p8lvklwura,,1,1949263.930484,931,344.295704,340.0,4.29570357,626.380238,0.015,False,,2094.0,55.0,54.3,0.7,0.02,False,,
pool1030vz0wxheg0dvarr8hmeavelpszmp52qucs68c7wc9uga6n6e4,,1,1899854.093637,1534,313.211982,313.211982,0.0,313.211982,0.01,False,,1238.0,100.0,100.0,0.0,0.01,False,,
pool1pf6yhzdr9vpct5rc3dtwersl4lyuglp80l4jc67kf2qj29xjg2u,,1,1841455.448497,754,342.856135,340.0,2.8561350200000004,625.613502,0.01,False,,2442.0,54.8,54.3,0.5,0.01,False,,
pool150hft90uw7tzr9uvj7tqkjp4u98a9hl20llj3n9ew76kkfm768r,,1,1830995.85017,81,171.519523,170.0,1.5195225064500002,626.313065,0.00333,False,,22605.0,27.4,27.1,0.2,0.01,False,,
pool1nhd907krga9dh69kf0jg4tl0764rravepy337gptvsknxyyx94k,,1,1827781.128061,827,174.561475,170.0,4.56147482,626.147482,0.01,False,,2210.0,27.9,27.2,0.7,0.01,False,,
pool1je2n5smmnyn3lh92xrp8nepjyfp596ypga6pmdecwtcrcj9uvec,,1,1778552.177747,282,176.849615,170.0,6.849615405,626.641027,0.015,False,,6307.0,28.2,27.1,1.1,0.01,False,,
pool1zkdaju2rjefa52uh6yh6etsxla0x6aqs6p6wm245y5szk7k3msd,,1,1740861.240589,635,313.170651,313.170651,0.0,313.170651,0.025,False,,2742.0,100.0,100.0,0.0,0.01,False,,
pool1rj6apcqxcvavaxp22f75zs9upphena7ntsnut2efvq98g4404up,,1,1693296.268155,401,313.164628,313.164628,0.0,313.164628,0.01,False,,4223.0,100.0,100.0,0.0,0.01,False,,
pool1m83drqwlugdt9jn7jkz8hx3pne53acfkd539d9cj8yr92dr4k9y,,1,1683399.428997,124,345.994757,340.0,5.994756670000001,939.475667,0.01,False,,13576.0,36.8,36.2,0.6,0.01,False,,
pool1cpr59c88ps8499gtgegr3muhclr7dln35g9a3rqmv4dkxg9n3h8,,1,1632212.528752,231,171.432399,170.0,1.4323985099999998,313.239851,0.01,False,,7066.0,54.7,54.3,0.5,0.01,False,,
pool19v4jgpxxl72eaq8pefctatvts3gkhtyzd8nwvzskkm3mkdv2tpy,,1,1612714.299399,97,313.153707,313.153707,0.0,313.153707,0.02,False,,16626.0,100.0,100.0,0.0,0.01,False,,
pool1c30lqt59t8sjn5lg04r5wk5eucxa5h9cj05xs9gzc8lngl4cmta,,1,1579296.267552,172,178.670935,170.0,8.670935094999999,626.365005,0.019,False,,9182.0,28.5,27.1,1.4,0.01,False,,
pool1q7wrwstqkzhrffdzpw8ftfd4epmxywdjnp8384atjcnezchv242,,1,1560339.227489,305,177.694719,170.0,7.694719360000001,939.471936,0.01,False,,5116.0,18.9,18.1,0.8,0.01,False,,
pool1qqenhz258k5k9nyjull6gkzg7s4f3ae8v7qxwpegeef9v0nsy3e,,1,1524715.397314,236,204.264458,200.0,4.264457569999999,626.445757,0.01,False,,6461.0,32.6,31.9,0.7,0.01,False,,
pool1qqqqx69ztfvd83rtafs3mk4lwanehrglmp2vwkjpaguecs2t4c2,,1,1515917.908196,1252,347.129282,340.0,7.1292818709,626.316541,0.0249,False,,1211.0,55.4,54.3,1.1,0.01,False,,
pool1zwqrrwpr5zx7c3f4ukpu4r4fz5c2hkwx9vwqka5068urgqvpjzr,,1,1508690.131429,238,174.295999,170.0,4.295998739999999,313.199958,0.03,False,,6339.0,55.7,54.3,1.4,0.01,False,,
pool1j742gcsul7u8c05rsqmkgpkvj5qadj0pew69nctu6crqy9wjjn4,,1,1473366.335592,326,313.22508,313.22508,0.0,313.22508,0.01,False,,4520.0,100.0,100.0,0.0,0.01,False,,
pool1ezh8sewqgzy7267yvy0jssz8q7amce37x3dhmfl22j8lwz6wjrd,,1,1455424.342211,451,345.730651,340.0,5.730650680000001,626.532534,0.02,False,,3227.0,55.2,54.3,0.9,0.01,False,,
pool14qpadfdjzw6jkwxy67uhey6tjpyppsmwgz5awfsxwrtpsecslpc,,1,1455119.448132,197,179.130227,170.0,9.13022742,626.511371,0.02,False,,7386.0,28.6,27.1,1.5,0.01,False,,
pool19ut4284xy9p82dd0cglzxweddfqw73yennkjk6mmp650chnr6lz,,1,1424460.513459,69,172.722057,170.0,2.722057135,313.266165,0.019,False,,20644.0,55.1,54.3,0.9,0.01,False,,
pool17xh922cr9skc0fqk7sr8at6xx6eluh5qyv9p7ca2x0mtc3st0mz,,1,1423412.808958,852,179.127991,170.0,9.1279911,626.399555,0.02,False,,1671.0,28.6,27.1,1.5,0.01,False,,
pool1sf784g6eje8vzq9f5wu583eurhfq2ee9hzyhl46yezkuqqtmw07,,1,1381601.467681,326,313.153707,313.153707,0.0,313.153707,0.01,False,,4238.0,100.0,100.0,0.0,0.01,False,,
pool1yyv7vx5zhhsd60jp4tl72vpznwvpvjp35m4z7jr42ugkxmndyv5,,1,1379860.269037,205,351.989512,340.0,11.98951232,939.475616,0.02,False,,6731.0,37.5,36.2,1.3,0.01,False,,
pool1rqgf6qd0p3wyf9dxf2w7qcddvgg4vu56l35ez2xqemhqun2gn7y,,1,1285980.233251,57,183.96056,170.0,13.96056049,1566.056049,0.01,False,,22561.0,11.7,10.9,0.9,0.01,False,,
pool145ak0czqxe97ef38zjupk0pz5yk7pahcyrdfee2lrnsnwawj6dc,,1,1183483.132566,1113,313.164597,313.164597,0.0,313.164597,0.045,False,,1063.0,100.0,100.0,0.0,0.01,False,,
pool1a6wdglfp93m2z4nhptx9xhjazgyqusjpu387gdrp899cj98yuqq,,1,1152485.054012,5,313.163994,313.163994,0.0,313.163994,0.05,False,,230497.0,100.0,100.0,0.0,0.01,False,,
pool1vqjyjsp6dawkj8tzmfpu39hvgnkph99qzarw4dll6yq76gpaa4d,,1,1015332.410319,90,174.294592,170.0,4.29459159,313.153053,0.03,False,,11281.0,55.7,54.3,1.4,0.01,False,,
