pool_id,margin,fixed_cost,total_stake,delegator_count,saturation_pct,loyal_delegation_count,avg_tenure
pool1ywpt43nttzjd7883wafg255mh0hmjypwe65ercw6p2sxg5lt7ez,0.04,400000000,39456744065986,32226,0.06,41596,343.4
pool1ng3vqzrhn3z45yjdscv3q37n26g2pj3vp99rfkgv6225y8lqg8j,0.04,400000000,50276731452063,29542,0.07,38058,349.4
pool1uj4u73qgtprqre78q75fq2vkcrpfrcdreqcqkvn6u0m2k6nk2yp,0.04,400000000,55045470421419,26837,0.08,36248,343.6
pool13annzt9hjfc822f0ejvxjf7fsmxd6cc28whpk5kagec6ggfmm7u,0.1,345000000,17017543075162,35623,0.02,36053,326.2
pool1zgxvcqf0dvh0ze56ev2ayjvuex3zdd3hgxzdrcezkx497mv3l7s,0.04,400000000,59300505132558,31138,0.08,35673,341.7
pool1xmsdhync6k6grkkj7tuycskjpseykpr24luhlazl5nsngsy87gm,0.04,400000000,34907569742713,27426,0.05,32186,346.3
pool1g3ssnndd8e7lcmstkjl9ane9mup0eshv3aklg63u5tznwl4ch87,0.04,400000000,40462197862223,22885,0.06,31988,329.4
pool1ynxx88cq0y8vg8yrq3jrw6epm7rq9a8859v34sq9lzjy7ztg90u,0.04,400000000,45045030705112,26774,0.06,31954,332.8
pool19f6guwy97mmnxg9dz65rxyj8hq07qxud886hamyu4fgfz7dj9gl,0.015,340000000,32898865546788,22053,0.05,29322,290.4
pool1jst7rrhucnp93hepezv5yqy6fx982xs2v0udwfc5ea6my3kfak7,0.04,400000000,33383307272473,20836,0.05,26842,330.3
pool12l453n0jtxqq88cgwgr67z06ldyhqqvwxgkn0sgungjfvhtp2el,0.04,400000000,32647457560110,20434,0.05,25641,336.6
pool15wkxegrfflzcyhurrjxsm9ljqtz09xr5rtnqsarnp7hmsz5um3t,0.1,345000000,18188518106006,26696,0.03,23600,342.1
pool14enw2643rn9nn6yzv60jyz3hj4kxs0jvap87lkgsqykh508jxm6,0.1,345000000,12310424557682,21483,0.02,19919,362.2
pool14skj6e4rpjanzclx3fc880xnl8xafgg63tmw93t9xspvwx985qu,0.04,400000000,51904555619689,20469,0.07,17796,332.8
pool10akpqvczl93ep4rc59c0aqyn3dm0env2ydysuwmdm670wl24pd8,0.025,340000000,,,,16648,311.1
pool1vx9tzlkgafernd9vpjpxkenutx2gncj4yn88fpq69823qlwcqrt,0.02,340000000,72670077632052,12827,0.10,13855,294.0
pool1jt7d6ak3m8gnjyxtuxfswe258xzwda80ndl0a57vv5m2zv8h6at,0.029,340000000,12796996315513,10640,0.02,13498,319.0
pool12z39rkzfylvn9wfe8j6x9ucq6g2l4mw4azj70y0gd8ejczznyj3,0.015,340000000,57483825562039,10413,0.08,12421,317.3
pool17ahr5ygy48vpdfnatqn2z4wfu2te4quapk2yx3k50ce6kd7feg0,0.0199,170000000,59298415130518,10070,0.08,12194,318.3
pool138m7hevnvp664cmtralju857t5k7e4frpnaevtgpuykggr50kne,0.0399,340000000,34055684702519,8442,0.05,10046,332.6
pool1s6se64qce5rjjjhh6ufcdnc54p8qg78mlhjm38lymx99sqysvzx,0.03,340000000,58025195422185,8492,0.08,9913,337.6
pool128r8qqgl9zgy3ff4759a2qslyauu5takaec3nxx4a6mvj3ys8da,0,700000000,1512438396005,6880,0.00,9819,350.9
pool195gdnmj6smzuakm4etxsxw3fgh8asqc4awtcskpyfnkpcvh2v8t,0.02,340000000,34771241359405,7499,0.05,9809,305.6
pool1eqa7kxx4xg35cu4rqj4exkvzhenscgh8wxez0gl7hsagygp79kr,0,340000000,74059621331269,7115,0.10,9432,324.1
pool173mzegwuu0pjcrt60ekelzj5haqr8r5e4e0n45qh9jdz7xm5kh8,0.0199,340000000,60251068128029,8537,0.09,9302,344.9
pool15zrkyr0f80hxlt4scv72tej8l8zwrcphmrega9wutqchjekceal,0,340000000,38826663320833,6960,0.05,9046,321.6
pool16fyda57p3c8gp5r6gmcq5tvqsp6mnzwvkxswgznkuh8wztrp6vv,0.02,340000000,43769732108576,7570,0.06,8955,297.7
pool16agnvfan65ypnswgg6rml52lqtcqe5guxltexkn82sqgj2crqtx,0.01,340000000,74897482607648,9460,0.11,8702,324.6
pool1vquhv3kh6xkklckaenl8alyuhfsld57ef5573aqauueyqacx4ak,0.02,340000000,34075035964792,6631,0.05,8593,335.9
pool1uk2f28awascuhrhuwrp7x6y87x8ch33vwx8jtmrysp7l5ngq78j,0.0097,340000000,14369389876235,6223,0.02,8578,344.8
pool1mut4phum9hegtl8m2r68gpjh5x8w8t6zwf75zrphhp3qwwrrpgt,0.025,340000000,,,,8498,288.3
pool108zdflss3ayqlm5c7vr6mtqj2uwl99vk28ur8dv4zswdzt6yauc,0.02,340000000,47522277412939,6537,0.07,8403,334.3
pool1zmfpd5r5vfwjmwm4cgy53exe58h7plnecny3t4948yw7zumzp4c,0.025,340000000,17496738714291,6066,0.02,8212,352.5
pool14zdcvdec8qmqzsat5wg3a2h9f0u5yzrgjew534z8u3gs5durnjz,0.03,340000000,34756391065346,6579,0.05,7567,324.3
pool1tdsrw0n33gmy0mzh7cgtn9p0jy5xwjxaa2s26gn2ewf8kg4nrzx,0.01,340000000,68131207383660,6571,0.10,7035,279.3
pool1nudasuv0lljpe0tswcverqvlh0v4226vgnpsuxn0e9nkvnvcvne,0.015,340000000,37716018400251,5506,0.05,6759,335.1
pool1psk0c2p7pwactw00nkzjexdw0msn7g8nddc06eyvds6yswr3tjg,0.0399,340000000,22308574335847,5310,0.03,6716,317.4
pool1vev8z03vh7jwx3mfrgzrt9fltt97nupaxv8ffj4r5r8mgwts5ze,0.01,340000000,57039465319951,6129,0.08,6650,286.1
pool1qqqqdktl6pq46td0mwut0qn30g7nlue0sete9wxl0hwsq37wrw8,0.02,170000000,56346516629767,6448,0.08,6604,315.4
pool1qfxukshs4fkcrflzdnxa2fdza5lfvew3y6echg8ckaa4q8m5hyf,0.02,340000000,55024749619815,4948,0.08,6550,326.9
pool1sjwdmeme5zs042jzwmdvxshhv27kepxke0mr02f2yzacsyd4wtu,0.03,340000000,44584889420457,5656,0.06,6489,326.4
pool1w7c2j0px43jmudhf48ezp7dy8j7904c9l3wc7809lhh2z026hch,0.025,170000000,52132068233548,6095,0.07,6366,317.9
pool16ajaae2n5lsyr4f9k9uz5y8tpf0996tw640dzu7chwp2wdrnz6a,0,170000000,74937961343550,5479,0.11,6340,296.6
pool1qa6lqyu67ghpa0evxfu9nzqkj3h82qpfku82ec79zdwru4pd25m,0,495000000,47052644869377,5296,0.07,6325,337.3
pool1xlphlhnjvfeh40vcqf9fdewztsj6kyxq6604kaccpv00umjfu0d,0.05,340000000,12242064231904,5288,0.02,6214,321.3
pool16hs0jxw7h6pwg3ru7rcq3yvg4csj7lhmcpj68kqem2sh5nt8mwk,0.03,340000000,26106456379340,5689,0.04,6054,331.6
pool104avq7309gjm0fxms69yqusxy8zf888k4mamngg5vnc6vculpzq,0.03,340000000,25529389043115,5621,0.04,5961,327.1
pool1urgvu6zk422j4xwtxa45lzpd6dm25msfthpkezr042secrtuwzc,0.03,340000000,35097532778208,5103,0.05,5861,328.9
pool1qgmwcxs8d8qmr0vtvsqd9u8gugrventh5dcqukmu79e2sgfuu8t,0.05,170000000,8469042554573,5760,0.01,5698,281.6
pool1grgycym8cf0xmgjjr7gx7udmkpu93hqaygysy5myx6ghx8dvl5r,0.03,340000000,14713353121374,4217,0.02,5579,350.3
pool16kus5xvdysgmtjp0hhlwt72tsm0yn2zcn0a8wg9emc6c75lxvmc,0.01,340000000,31649697951540,5444,0.04,5569,327.8
pool1mh4ng2ldxk4sqfppzu6r4knxrk6e87e9c4wgrred84uy7xauzlh,0.03,340000000,36288141750103,4596,0.05,5558,322.9
pool16j3mvwws7zc9pjluyhddgea0tq647v0dh3y4nkcuckg9znjcun2,0.0399,340000000,20571623416441,4298,0.03,5533,304.5
pool1qqqqpanw9zc0rzh0yp247nzf2s35uvnsm7aaesfl2nnejaev0uc,0.01,170000000,73640334384862,5056,0.10,5506,313.2
pool1ukeqarukv9gxwy9pt8jkr4qvad2yf87758g3xzemmvmtk8lrynp,0.02,340000000,37182601361820,5267,0.05,5397,302.2
pool1m62sl6rauje9cknrkhwl39tc4hujudkd7gp478dpz7tagmjr8wm,0.0349,340000000,16366335146462,4176,0.02,5183,342.1
pool1gtphgrdj8sluxm9e7ca2spcwcq2p0dxj9zf5v0yv3gsagzq704n,0.015,170000000,55910968564850,5720,0.08,5143,346.2
pool19w5khsnmu27au0kprw0kjm8jr7knneysj7lfkqvnu66hyz0jxsx,0.01,340000000,61332445757527,4321,0.09,5072,315.2
pool1qnrqc7zpwye2r9wtkayh2dryvfqs7unp99f2039duljrsaffq5c,0.03,340000000,29809305453247,4982,0.04,5064,300.8
pool1jq7r3evstu2c040vlry8tgvpwf0mfvft86cxecwjpwcuvvqfu2r,0.03,340000000,32534202134504,4475,0.05,5044,322.5
pool1z5uqdk7dzdxaae5633fqfcu2eqzy3a3rgtuvy087fdld7yws0xt,0.009,340000000,63791335999464,5133,0.09,5025,308.9
pool12vs4c3cm0tr49c7alrevfs0xa5g3s4al4fn46h33e69uusat04v,0.04,340000000,36823132853804,3899,0.05,4966,325.4
pool12t3zmafwjqms7cuun86uwc8se4na07r3e5xswe86u37djr5f0lx,0,340000000,68348226298073,5306,0.10,4965,312.0
pool1u99x2rr6trfznwakv0959llmxmtgc2nvanc067uugl3ejuvvnc8,0.01,340000000,9518571068712,4324,0.01,4936,327.4
pool1m4enp55hp80tf6xl7k6f6593wnyu3pr83xfvef9x3ktdw9m0em5,0.02,340000000,21060611196357,3777,0.03,4886,322.2
pool1qqqyv9pn9typyqwcxqk5ewpxy5p27g5j2ms58hpp2c2kuzs5z77,0.025,170000000,26763172128090,3858,0.04,4753,327.7
pool1xytvsd9qnvqxpthh9p8k85e823trvn3npxeur8kr9zhkqz5uls9,0,340000000,77297506554903,5176,0.11,4715,336.7
pool1aqg6fvhcaulvss2ruvpx6ur9vj7pejvdcxv6xp0qlwuwx94evf0,0.02,340000000,17367540380863,3896,0.02,4708,345.0
pool1x0qm7xsyh2za3ltprxsgael544je4hg8tc3q3v5gv232z8jt4wp,0.035,340000000,11371319350892,3884,0.02,4279,350.5
pool1ekcsyzwexl7p2kwxxh34hy28l6772vrmff7jwmuxsa6u6fzty9z,0,170000000,75239095432611,5374,0.11,4253,328.5
pool1u6kpt8hgqcm596kukj97ghefmxn8ks2cgwg8qqe0gtgscnufk5p,0.008,340000000,42717701609192,3757,0.06,4162,295.6
pool1fqwnqk3phwa2s5thgym8dw34pv0z67m526uqprnjh93cvzxymef,0.03,340000000,24944411550264,4036,0.04,4145,332.2
pool1pshqcksxywy68lt04lw6uf35f4yssekh5dx2mxqmyrukke2z5y3,0.01,340000000,51854991652819,3535,0.07,4088,316.9
pool15yyxtkhz64p7a8cnax9l7u82s9t9hdhyxsa3tdm977qhgpnsuhq,0.03,170000000,64675441508264,3265,0.09,4046,319.2
pool1yt868wrp9s2x5pehe96del9m3nwasme62yw02vww3kg6zwzspcz,0.01,340000000,11053428206587,3169,0.02,3973,303.8
pool17rjst78s67lvellg8s586rf076jxa3wnsdz730f4xk2zwuhrtej,0,340000000,68548564242387,4571,0.10,3859,288.3
pool1j6490a90qefvsqxdurf99z9ld50rtthaz9ms6c8xh78s52veuq2,0.01,340000000,4027717027955,2844,0.01,3820,339.3
pool1zn9hjcmfddhcp2aj9xxuvz7z40rasyatkgavr8ryyz72qdfwtrj,0.01,340000000,18821941969016,2707,0.03,3796,333.4
pool18vej0s9gska8c847aj95g9v24duuxg2g63d5cuqngnxew643jw9,0,340000000,66784819875951,4300,0.09,3779,324.6
pool1hntu7agmt8u5j9c20ejen7dvq0jfkvkpnul3mrdd8tppqvwfvt2,0.04,340000000,30647244182524,3090,0.04,3741,328.4
pool1mkjtce8r8yeku0mmc9vpwl0scuwuwc8lz89ckpj3k0kwgvlunv5,0.05,340000000,12414281836266,4145,0.02,3731,252.5
pool1jk25l2pejpdzq8vdjlxrr05th49v9tgd78fqrtxvuw3rumpfc6t,0.049,340000000,12638530508105,2833,0.02,3704,310.4
pool1ddg6t2h9kj6lqlec4ncjs945lzj43m3ggrgdhf5sgzhtygpkznz,0.005,340000000,64122575900814,4152,0.09,3669,301.4
pool1a4qtpgce7cu6wzc79fx7qrc3938hkl2gf8c2h5jugvm2gnu86l7,0.0215,500000000,29954651196933,3424,0.04,3623,337.8
pool1c7jrfce3zxkk9s9enzpvwj8fuayvx3pdzc2k2es6mrw6gsfcjep,0.01,340000000,27831382625899,3387,0.04,3616,326.2
pool1yvf4nxph69ztm0tgj73ummxq45kfjhecyad26e3xc2002xgzalg,0.03,340000000,28457517012727,3278,0.04,3616,301.3
pool1xxhs2zw5xa4g54d5p62j46nlqzwp8jklqvuv2agjlapwjx9qkg9,0,2000000000,14619787383151,3215,0.02,3571,352.4
pool1yc6f3cqsc7jfh07hcns64v5cp8720mve870pgxf2wkr3u8l7tse,0.018,170000000,27903732454014,3409,0.04,3470,335.1
pool1wf7wk3802jxtkmek6uprm77cgqx53t4qep9kwkl078w3yw0ff69,0.05,340000000,18040030557275,3402,0.03,3467,327.2
pool19asxjgd6ah9ddzauwede4wpt9vsp6s4ax5nz297wt47evc9sn7z,0.0215,500000000,30790593259869,3328,0.04,3422,335.8
pool166dkk9kx5y6ug9tnvh0dnvxhwt2yca3g5pd5jaqa8t39cgyqqlr,0.009,170000000,48898866862190,3468,0.07,3371,323.6
pool1hkklrx9ac7w57d79mnv76rxlgq4acg5ecwhyep7k3zn0u5cz2k9,0.02,340000000,20055548999586,2534,0.03,3360,302.1
pool1jeu74g86ys4fekhykqcww99kdsq3nlym8a6kfw8s8ff3vskad70,0.025,340000000,24218823265522,2890,0.03,3356,348.6
pool13crd2ljx87988umk22er6ynwadfwdqupdpcq6prc6v59z62kxse,0.04,340000000,39659932925195,2654,0.06,3343,313.8
pool1rjxdqghfjw5rv6lxg8qhedkechvfgnsqhl8rrzwck9g45n43yql,0.01,340000000,16987998145880,2741,0.02,3295,308.1
pool1rvng7n968748udkc5rxy4h9zp9hms4s3jsfwuues76ft28uc056,0.02,340000000,60479865748536,3050,0.09,3288,325.6
pool1jdhjfcu34lq88rypdtslzwyf27uh0h3apcr9mjd68zhc69r29fy,0.03,340000000,18451025392698,3256,0.03,3285,340.7
pool1nwt6mxqus3tpzrshky5h5kykz9rjpxmacrvw0z6yak9uk5p5045,0.05,340000000,21114784519783,2929,0.03,3241,334.2
pool1nz9h4raywm6mu2v8l7htuaqvmn06l3mepuaxynpzlwljsf8txhy,0,340000000,69569743198640,3074,0.10,3237,297.0
pool1nkupy99hkqqqzdsenxrgenpf05auqa45e27tzlqqya70kjwjphn,0.04,340000000,,,,3224,310.8
pool1ntfxj2jgvhzen8e86ed679ctukar3vj538ywyyq8ryld66jj4sx,0.01,340000000,11512831310894,1755,0.02,3164,304.4
pool1lskcfz80qg2kr2p6776kl9emjn8ulkqsqse7um7skz4y2lwa0cu,0,340000000,21302663702316,2519,0.03,3138,321.4
pool1pnzwgsgzd6t4788sfr7dxjyusepyq9xaxnpyfcngewqf29t9ayd,0.0095,340000000,5723616423518,2616,0.01,3135,350.8
pool1qs6h0y7czzt605kptmrv6cr85kxd6tajr2hs0etvxphv7tr7nqu,0.035,340000000,,,,3120,280.0
pool1caulv7s08g0jnptzdc69qycptacu7fzahny2epzh7sh9vhqz6xz,0.03,340000000,16346708932210,3023,0.02,3117,327.9
pool1gr5pa4shzsyefw445qrpn5pxnuxa8tuev0jquz04acdx6efjpvg,0.039,340000000,,,,3087,309.8
pool147en6w8f9cplnn5x7qt4ese7fpacmmcwuffrtu0yqxpaz4agppr,0.015,340000000,15419136920562,2420,0.02,3077,323.4
pool1fm57fshvdlrgs5pnpk78tnxha0me28equyy96vj0xm85gy5chv0,0.009,340000000,14159356421828,2251,0.02,3062,332.4
pool1lhz4gsk5ezdl5s4mv2kxgrkhzzhad6me2v0xmwuyt845vensdlc,0,170000000,59390066504307,2940,0.08,3050,317.9
pool1helzgcd9sjm9xtyh9mw2wy06gekh6r52s6mx987q0p8lvklwura,0.015,340000000,1910664163413,933,0.00,3032,246.6
pool1k2qhlrrweu8fecd4hx4hn22lv00nrd3rjdxj6durax7m78q7ynu,0.99,340000000,17609339253851,3359,0.02,2986,264.8
pool1qqqqqdk4zhsjuxxd8jyvwncf5eucfskz0xjjj64fdmlgj735lr9,0.01,340000000,69500796993711,3263,0.10,2971,347.1
pool1uyvyxt9k9g038h567x8halej4x87j7m4r4zyz9lhv4dcv83husk,0.04,340000000,14415626504831,2332,0.02,2958,312.5
pool14wk2m2af7y4gk5uzlsmsunn7d9ppldvcxxa5an9r5ywek8330fg,0.0299,170000000,33711766909076,3825,0.05,2955,283.2
pool1lurfk0k0wwx54hlg8a7zp3jtstu57u59aeq7aketl55hknmmtu0,0.01,170000000,32748203790288,3319,0.05,2944,359.6
pool1a2nh3ktswllhwf07fjahpdg5mpqyq7j950pyftq9765r6t4cefl,0.039,500000000,35445862261627,2612,0.05,2894,353.0
pool1lqpymyzg9glc88r7urptuv0d8t2tu9ty7xtshvxmgpu0j4lp8p3,0.01,170000000,6556950855771,2090,0.01,2795,344.8
pool1ecvcst7k9eul4ggnljh0jw2s5nc2tyfmyzsx3xg3kmmz6ptgfwj,0.03,340000000,12932076436492,2717,0.02,2767,345.3
pool1xjhzgchsl2ccvc5pj3aqytv9hh0jnaz63wtfnw4th07tjypm46x,0.03,170000000,58708625717710,2717,0.08,2757,315.8
pool1ea568m9q882n0tx5d4vxff2dmz2n7rq5h62hx5ystq625m4tcfu,0.03,340000000,12293352237300,2710,0.02,2751,339.7
pool1s6x6kltycpxq82hyqhlqllqj3q5l2m8w499gvtu4xrfv29c0q2q,0.0199,340000000,2831727467416,1955,0.00,2731,353.3
pool1ahazpr2yz5gljk2m4q8g7wnmq7m2sr9unhdfmr5arhqrjnntwdz,0,340000000,74939876742698,2411,0.11,2634,283.0
pool1ewrm7y47s9hv6hxku9n5gfnsuspymp0qqpwgvgm9rvm37cek2h6,0.03,340000000,34872285577359,2940,0.05,2634,282.6
pool1fyp482ntshhm9zfz4nv7pmsaeakscf5mnuzcxuvtqf6t56fc7l0,0.019,170000000,4166950765568,1881,0.01,2613,345.2
pool19pyfv4xnln8x4l7auw0n0skk3hd97shun707hrw5d4s553ys74x,0.005,170000000,62245584262776,2404,0.09,2610,303.2
pool1ld9hkah2dkzh73pvh9tf6xr0x28us34msv3zcv2sase5vhvq962,0.008,340000000,13852575306064,1971,0.02,2605,330.4
pool1wz27a9pvd2jat98s375lxaaj7qxy405km4vzp83wn5vtwp59kvh,0,500000000,5637281033672,1957,0.01,2599,341.8
pool1qqqqzyqf8mlm70883zht60n4q6uqxg4a8x266sewv8ad2grkztl,0.04,340000000,5757664101541,1867,0.01,2596,310.2
pool1ksrg8a964464las0ymw88slrwxkychjz9lh09lqltu5m7nw3pq0,0.0069,300000000,55922998729369,2268,0.08,2578,335.2
pool17kew7rtakc7g6qzydntann5umw08xq3ll2j7spk7en4kvff69fa,0.04,340000000,14685841609753,2067,0.02,2564,318.4
pool1wt0pf4u2xktp0f7apveu242w6nkm4ltk3m8g039lvuhwq4zdtf3,0.025,340000000,49968468465507,3551,0.07,2559,285.8
pool1qwa8x4u4a2pff0xdv0haxpgk3tyrvl5adl2lpf3ztcftqruhea0,0,340000000,29432776401214,2374,0.04,2553,342.9
pool1jg3fmnmc9n52sgzslhhvhye5e3xeqmrwkekdhh82sma47r47zg0,0.03,340000000,11516908405509,2488,0.02,2549,339.8
pool1xn63858ej0gcs4tkjm2e3a2fgjrecfxtvzq3465ypl8ywkx7gcv,0.05,340000000,,,,2544,305.9
pool1dmpzsnuwxy44ky3dskuhmwpglumy6j0rc5wyfxlu3zym798f79g,0,340000000,,,,2436,292.0
pool1zz7x8ergn02chznayj9fjds2gk5q6prmpdr49faspd65kzqsrjs,0,170000000,66404410569532,2923,0.09,2430,284.7
pool1ekhy5xsgjaq38em75vevk8df0k0rljju77tljw288ys5kumqce5,0,340000000,1930904198040,1660,0.00,2405,315.2
pool17h6slydr6rd9vquqa38p5cf9xqnpc24w6a99rhllcjzljgugx6x,0.05,340000000,1435111725656,1426,0.00,2401,292.9
pool1u0mc9ywfxl529atxyajuz3pgqnwgnk6w7lejjmjg22ucvn7z9vh,0.04,340000000,9689547549971,1860,0.01,2383,311.7
pool1dxwgzj66pual956mnv9delkelg873yvgr2dd8s279m0hxqvr475,0.01,340000000,49749570839606,3191,0.07,2350,334.1
pool1cjz6kg9a8ug9uk0nc59q60a67c2628ms58rd98gq587jwa2x5qt,0,340000000,2209544003356,1710,0.00,2349,294.5
pool1nhlv5z2lsptzgcp9ype0mppc7zyndm66ypm4sw5hy27ewdchqx0,0.035,340000000,4721511115574,1998,0.01,2336,346.6
pool103455uc7a3477q8pdmzvny884qtlv9vhm2csxvqx2cadwuk36sq,0.01,340000000,58196942828226,2364,0.08,2330,339.1
pool17xextu09ghdfcmsq83whq0a45geg83jxe4qt94sevu087tzdzkl,0.01,170000000,13391777414592,1958,0.02,2326,356.1
pool1k0ucs0fau2vhr3p7qh7mnpfgrllwwda7petxjz2gzzaxkyp8f88,0.009,170000000,58227208727632,3299,0.08,2280,260.0
pool189lsf6c2upyhmrzddyvyfjxxkqnte9pw8aqx7f4cuf85sjxlm02,0.02,340000000,41592213485261,2435,0.06,2252,322.2
pool1m3gg43uhtetn4hmw79u8836dyq8qe4cex8qnn6mks5egza7n6tp,1,340000000,2175380433724,1963,0.00,2246,285.6
pool1030vz0wxheg0dvarr8hmeavelpszmp52qucs68c7wc9uga6n6e4,0.01,340000000,1887358434527,1533,0.00,2226,352.9
pool1uhy50u9y76nd6z2xmzt3mta0yc7g3gdssef8lheyyg7zzymgzm8,0.03,340000000,13424104420964,2236,0.02,2209,348.9
pool104gtn3hvp9lz5l6wevhjj98e45s7rfaa4zzvk9pex7nn786qncr,0,340000000,17781749967587,1923,0.03,2167,301.7
pool1cj8dxjjlyn9xmjavr98ytmvlpd4vwgqp36kq8rl6jjyt6k2adfh,1,345000000,354285072222,1702,0.00,2153,313.4
pool1ljlmfg7p37ysmea9ra5xqwccue203dpj40w6zlzn5r2cvjrf6tw,0.03,170000000,,,,2150,318.7
pool18zf8txwv8lmtpq2src8wrhz0pjut5qft8h5tfxnctwc95r7jvvj,0.03,340000000,18196804851474,1992,0.03,2115,290.9
pool1u7mqtde27swkarngjsn5mmw3sy20zavlafgqkmg8qv2n2nwga0l,0.019,340000000,17276962491794,1672,0.02,2102,345.5
pool106p2jjwuwagq2as7cdzx4y6cyc2pdj7a3h3vv5cvkvnskegff3w,0,340000000,6480188394211,1627,0.01,2051,350.3
pool1rvjj8cp3urh7de07pm0ceqha2x4lxws69lhd4429dm6djfjsy4l,0.01,340000000,27716959051993,2017,0.04,2035,292.7
pool1rpjjz68kmmetyxztmrstrwgz8lxf6v0d7vqgw98r5x8rc50jrdf,0.02,340000000,4626095939639,1472,0.01,2033,364.4
pool1cc76kmtcpf6vht32ya5ke9er74dnpy4jh5qpy4klqwp87ygdsu6,0.029,340000000,7603900162776,1466,0.01,1988,327.4
pool1xru6f3fflzwkptgm68pncrsncg9ngllv0jk8jnz40m7wusfhazk,0.01,340000000,22823934377573,1701,0.03,1951,290.8
pool17taqml487n9t4r9a6ppvf9qv0qlw2lu4zcrzwfdsfcv6xp7uqym,0.0169,240000000,19052352871299,1412,0.03,1935,288.4
pool15hx9hze8ulcsw6e7ceelz2pem2g3u9c29wqe4eszkhspj3wcdlx,0.05,340000000,277827024426,1181,0.00,1926,291.8
pool1g5gmej3cj67td4pmvmacnls8nuq0gjld2pwfeg3jwpxujdx6lmu,0.01,340000000,11040763804952,1683,0.02,1918,322.3
pool1gclysx2h7fndj0jdajlmwvqr8q9tzu3rurjknacu0ff954fsg9a,0.01,340000000,75078491396511,1970,0.11,1909,348.8
pool14u30jkg45xwd27kmznz43hxy596lvrrpj0wz8w9a9k97kmt4p2d,0.035,340000000,,,,1908,281.3
pool1pfprlfz0ywcnewjegazz05ghgcfkvu40v6edsz6yn8w362sdjr8,0.008,340000000,28060760219837,1765,0.04,1883,290.1
pool1qqq6qqa0hpzvumv5p87ynczfmdj557xuwlc3289ke42g72z7f74,0.01,380000000,12945755795757,1579,0.02,1838,319.3
pool1vh4y864hcq2r66ak37w4dsnkhnsfxaaacs0p5s4vj5676m6txwm,0.01,340000000,9299140958970,1489,0.01,1835,342.7
pool1853ffwhtuka742fq4av7s3ssdpvzhdkpw53th3es36zkwrllj9g,0,340000000,6684512540063,1334,0.01,1835,302.0
pool1qzlw7z5mutmd39ldyjnp8n650weqe55z5p8dl3fagac3ge0nx8l,0.02,340000000,20824599521714,1098,0.03,1819,319.2
pool1lhgjma5lejn65er7lxfsqxa0lgcv9r9wrntse9wjm834qp89chh,0.01,340000000,,,,1812,357.7
pool1jz5ljsnj4fzmk84j0wcw9ldy866dn07nzqg2ktyuyjvfvr3jgtq,0.02,340000000,33531965876831,1276,0.05,1805,315.6
pool1zfhcfw8c3lg0vh0fy8h4y8e25cm7ter9e6sxqskpq0lzyy2wzvm,0,340000000,,,,1802,300.7
pool1fys325gzr7kpcjclyy93sx97nm2y4n8raj3830cyez5pqagkfcg,0.5,340000000,,,,1802,329.3
pool1qzlwlpcsgflr9z3f24fg836tyq45p0kf5cnrp20s8v0psp6tdkx,0.02,340000000,21138805760985,836,0.03,1791,310.7
pool1lfvzgsrghmugvpym868mh29288ez0nncz680mamzjygu2jpuwcd,0,340000000,73744849074923,2569,0.10,1789,300.8
pool1qqqqrwzy7njvjq9wph7usj5gghm3py9c97688ek8pgc7uem9cfz,0.04,340000000,6413353480164,1343,0.01,1766,321.3
pool12rs385dd534g8gtdtmnvlhq63whdvc6vnuzxa5cpx843zdy73qy,0.01,340000000,12600110910081,1364,0.02,1763,326.4
pool1qqqqx69ztfvd83rtafs3mk4lwanehrglmp2vwkjpaguecs2t4c2,0.0249,340000000,1508732872051,1250,0.00,1739,305.1
pool15ccmgcc4k9t8auxw9v4dfjmrl2kqnuevawn8z6n7xv09utw9hh3,0.02,170000000,30230830769586,1488,0.04,1731,303.4
pool18wvrpuz4uftxs83gf39ynh7cy3nds8q0hs7u7yuelu4e78w237s,0.99,340000000,,,,1716,327.6
pool1wyfau3rlkckr3clr4mkyxn9vdlrkup0fj7uyyflfccmms24gm3a,0.01,340000000,17858493258193,1301,0.03,1657,321.5
pool185ev4czpm5hc9xud25xlcz5lhpnl2jztqas6mgxujqke7j5mdzc,0,340000000,2242343786682,1180,0.00,1653,310.4
pool1grz62pdyyakffeymsjxpkz4x9382y3zhfa8zu28tk2fpqxm6p5l,0.0095,340000000,412625200468,971,0.00,1612,312.4
pool145ak0czqxe97ef38zjupk0pz5yk7pahcyrdfee2lrnsnwawj6dc,0.045,340000000,1131916747172,1110,0.00,1611,332.9
pool1tpy5yawzpetcverves0h6xdycxgrstehfvrkygydt9jcqxwpw3j,0.0149,170000000,17660688284942,2120,0.02,1601,264.9
pool1pp7tn2w6ken4rpfcjwcdup3g4m5gcdhc9lgvrm3mnxz5stmrhq2,0.0399,340000000,50151151696262,2569,0.07,1593,323.0
pool1gsrcrjm6ctkquef6m8jsyvplv0j357hupn92uklqdcm7729ytv6,0.01,340000000,511538327249,1490,0.00,1590,280.1
pool19r8kcmqpajlm6h5q0lv8jye0q7evdur39wfsgs4z98fcqpz9lct,0.04,340000000,15690387236690,1335,0.02,1588,321.1
pool1a23gmvalpdams9d42t7fur8vmknzjv7wd3nsvuvrc7dv66lnau0,0.025,340000000,50084445636102,2418,0.07,1576,249.4
pool1qqqq4md2rfdt75qvh3x9cgmkrgkl74ctcj3fnxpu3ylcudl22ex,0.02,340000000,5403949947971,1178,0.01,1571,320.1
pool1fxmancs3dmc9l0s7u7zrj8334m9nvzam5t5hnuuf4c7cjr6867m,0.01,340000000,5534193946216,1218,0.01,1566,341.9
pool1swe9nsv8lzugakjkfv04dn38scmq48wzynmn0lxasupuzmqcgjm,0.0084,170000000,14036467781056,1399,0.02,1550,334.3
pool1lvsa8e0dw6z8g2fkw7prnfa7627wuy5jjexaadck6w5sxw5xkvm,0.02,340000000,33822862487504,1425,0.05,1548,326.7
pool1rtj8f2pjedcjh78ey2fc4wvatjyeudeam6lsv6snttwuvhn2vsq,0.03,340000000,,,,1545,300.2
pool1jjry6f6q0swaq457ft9eclaxaskvrxnpj0v3w8edsyfryml3vj6,0.02,340000000,11958710105080,1253,0.02,1543,315.5
pool1newmccddazerzanrdeeelvzk6vzh9stxn5n8ravshqa05n0t83u,0.05,340000000,,,,1541,203.2
pool1cn0dqtplwf67fds40hgkf0u5rm4q4azev5qutmgkw5hdyvue2ue,0.02,340000000,22096768884652,1191,0.03,1525,304.3
pool1xtrwqwu6jn896szjwsyxxjczl6hc9sq4lh5ax68f7dt3gc0y9rx,0.04,340000000,3216981333434,1120,0.00,1524,302.3
pool1tmt8thfaqeqv499l3s7k5kl64s84nycvnx55ll3ksm9hq50p0ks,0.02,340000000,31741696066549,1110,0.04,1519,296.1
pool14fjmlppz76667ws3jl5luejf2wgztuhpsftulvh3ucc65anqgve,0.037,340000000,42187591009740,1216,0.06,1519,309.0
