epoch_no,total_staked,total_pools,total_delegations,production_threshold,productive_pools,productive_stake,productive_delegations,subthreshold_pools,subthreshold_stake,subthreshold_delegations
210,6057875150904311,734,17305,280457182912,445,6037783953698223,16646,289,20091197206088,659
211,10177811974822904,890,24252,471194998834,524,10129639738059549,22801,366,48172236763355,1451
212,12106602864871837,984,30628,560490873374,554,12040969640377243,28698,430,65633224494594,1930
213,12758829109784350,1026,35360,590686532860,565,12683088751390174,33032,461,75740358394176,2328
214,13382718156097189,1070,38780,619570285004,553,13300426484825164,36321,517,82291671272025,2459
215,13864141914846088,1106,42261,641858421984,511,13775720791127218,39506,595,88421123718870,2755
216,14396547846613762,1119,46931,666506844751,498,14306578942351106,44178,621,89968904262656,2753
217,14776118270469741,1139,51091,684079549559,481,14679022291739132,48110,658,97095978730609,2981
218,14987431249067863,1133,53573,693862557827,485,14889878410104433,50584,648,97552838963430,2989
219,15657991508072959,1141,55449,724907014263,483,15557618542386812,52432,658,100372965686147,3017
220,15859988643309526,1150,57143,734258733487,481,15758696959178834,54068,669,101291684130692,3075
221,16064098678859669,1156,59049,743708272169,486,15965162330869542,55992,670,98936347990127,3057
222,16371244779824020,1163,60814,757927999066,481,16274128106313869,57778,682,97116673510151,3036
223,16743231852830277,1171,62342,775149622816,479,16641997280591863,59247,692,101234572238414,3095
224,16980957495734679,1180,63824,786155439617,478,16883473398012740,60688,702,97484097721939,3136
225,17096070009862836,1182,65164,791484722679,487,17000431416620358,62060,695,95638593242478,3104
226,17208683641999022,1181,66524,796698316759,484,17110822608356680,63327,697,97861033642342,3197
227,17260167504454385,1185,67676,799081828910,487,17165103999794124,64487,698,95063504660261,3189
228,17348591975630940,1187,68771,803175554427,475,17249544940925067,65490,712,99047034705873,3281
229,19510155416091834,1221,70572,903247935930,481,19397375642802749,67126,740,112779773289085,3446
230,19636382936670747,1264,74936,909091802624,494,19521172207443388,71464,770,115210729227359,3472
231,19907907769885462,1296,77602,921662396754,519,19791546329588062,74115,777,116361440297400,3487
232,19977393570330784,1297,81044,924879331960,534,19856363869940824,77549,763,121029700389960,3495
233,19917513128733841,1309,85164,922107089293,557,19802952292556816,81740,752,114560836177025,3424
234,20094293921511214,1343,90104,930291385255,601,19986441700596314,86900,742,107852220914900,3204
235,20218109006931644,1370,94409,936023565136,613,20103355871864968,91083,757,114753135066676,3326
236,20387817635424648,1414,98331,943880446084,669,20278818926580575,95085,745,108998708844073,3246
237,20478038471514498,1437,102020,948057336644,673,20369193288353959,98685,764,108845183160539,3335
238,20598560072620853,1446,105662,953637040399,678,20487708331796180,102236,768,110851740824673,3426
239,21356205100359588,1442,108517,988713199091,694,21236128456004284,105058,748,120076644355304,3459
240,21440591255207756,1457,113824,992619965519,698,21320750550061994,110163,759,119840705145762,3661
241,21632982170761197,1465,120806,1001526952350,705,21516526922562631,117334,760,116455248198566,3472
242,21755094259019945,1490,131613,1007180289769,730,21640300800118032,128068,760,114793458901913,3545
243,21849089085260375,1505,140178,1011531902095,731,21731202146153414,136474,774,117886939106961,3704
244,21956206748623667,1531,150785,1016491053177,736,21837112979981302,146915,795,119093768642365,3870
245,22086904770458818,1570,158270,1022541887521,742,21962336348595545,154364,828,124568421863273,3906
246,22190441040634090,1581,165252,1027335233363,744,22059379756744651,161186,837,131061283889439,4066
247,22275517879395323,1639,176740,1031273975898,793,22157491266368473,172773,846,118026613026850,3967
248,22376311335660823,1657,197331,1035940339614,804,22257134886381184,193078,853,119176449279639,4253
249,22369166376492895,1700,220596,1035609554467,797,22239617961582955,216012,903,129548414909940,4584
250,23034831199285830,1785,243779,1066427370337,824,22896832405578777,238795,961,137998793707053,4984
251,23028427838128765,1882,269770,1066130918432,832,22882872400299321,264053,1050,145555437829444,5717
252,22675992136326807,1952,295232,1049814450756,838,22519453783198067,288850,1114,156538353128740,6382
253,22807568628326603,2055,320343,1055905955015,851,22647291207920608,313234,1204,160277420405995,7109
254,22929461287895664,2153,338671,1061549133699,854,22760299940672321,330928,1299,169161347223343,7743
255,22753958467474959,2231,354525,1053424003124,855,22568915659008404,346105,1376,185042808466555,8420
256,22488877070796904,2293,373373,1041151716241,862,22302354633684666,364394,1431,186522437112238,8979
257,22670949084364797,2331,386847,1049580976128,878,22483284098743793,377612,1453,187664985621004,9235
258,22760955541834538,2378,400259,1053747941752,881,22566631930695913,390761,1497,194323611138625,9498
259,22791959380285638,2424,413862,1055183304643,892,22597331001055884,404083,1532,194628379229754,9779
260,22796009141134396,2450,424918,1055370793571,890,22593051979170376,414725,1560,202957161964020,10193
261,22716225550169723,2471,438987,1051677108804,897,22514845695875835,428360,1574,201379854293888,10627
262,22755688720340301,2492,452155,1053504107423,904,22555815482453341,441055,1588,199873237886960,11100
263,22726917708873365,2511,464095,1052172116152,906,22524274488288091,452575,1605,202643220585274,11520
264,22955953661896809,2538,477026,1062775632495,915,22754844428049851,465151,1623,201109233846958,11875
265,23026399223411517,2558,490637,1066037001084,918,22824439925525998,478591,1640,201959297885519,12046
266,23083634214117687,2581,509587,1068686769172,929,22884940425145670,497215,1652,198693788972017,12372
267,23021654510419471,2599,532760,1065817338445,934,22823552144192952,519967,1665,198102366226519,12793
268,22843314790026736,2590,557805,1057560869909,953,22651817585494731,545364,1637,191497204532005,12441
269,22786770256604950,2611,577352,1054943067435,947,22590964916556336,564042,1664,195805340048614,13310
270,22893778548073522,2641,595592,1059897155003,947,22693142820121728,581672,1694,200635727951794,13920
271,22970909569111347,2671,613706,1063468035607,953,22771228908634194,599376,1718,199680660477153,14330
272,23020000415780615,2688,628263,1065740759990,950,22817506697293442,613666,1738,202493718487173,14597
273,23075664958746578,2703,639185,1068317822164,952,22868606176184142,624570,1751,207058782562436,14615
274,23094302016775953,2740,649148,1069180648925,956,22891376492804305,634323,1784,202925523971648,14825
275,23006172979540278,2761,658299,1065100600905,959,22803101015453442,643409,1802,203071964086836,14890
276,23092420021153886,2774,667460,1069093519498,963,22885376692280768,652193,1811,207043328873118,15267
277,23196615273348567,2794,678019,1073917373766,965,22984012645649300,662170,1829,212602627699267,15849
278,23196379717228316,2818,688224,1073906468390,967,22984576950418097,671959,1851,211802766810219,16265
279,23210733595257321,2822,696652,1074570999780,988,22999591769066106,680486,1834,211141826191215,16166
280,23230827525683631,2836,703888,1075501274337,999,23019573130966126,687582,1837,211254394717505,16306
281,23254470605645231,2843,710785,1076595861372,1002,23037300136538502,694093,1841,217170469106729,16692
282,23244660857359753,2866,717713,1076141706359,1005,23029726311310271,700923,1861,214934546049482,16790
283,23277148789435534,2878,725789,1077645777289,1006,23060698308765823,708542,1872,216450480669711,17247
284,23275724668511213,2904,734064,1077579845764,1007,23055514421769618,715947,1897,220210246741595,18117
285,23159940155010115,2922,743824,1072219451621,1008,22937094861644322,724824,1914,222845293365793,19000
286,23141094607453731,2934,756429,1071346972567,1017,22921714725762991,737567,1917,219379881690740,18862
287,23041097075076811,2946,772259,1066717457179,1026,22819908095962578,752999,1920,221188979114233,19260
288,23136223153988390,2944,787340,1071121442314,1028,22922153475436885,768484,1916,214069678551505,18856
289,23311196777534712,2945,801247,1079222073034,1031,23098150632049331,781687,1914,213046145485381,19560
290,23253494675755279,2961,814673,1076550679433,1028,23039195910197359,794732,1933,214298765557920,19941
291,23219858534473043,2984,827585,1074993450670,1025,23007962946387846,806795,1959,211895588085197,20790
292,23325839206372436,2987,842057,1079899963258,1028,23109279850226366,820678,1959,216559356146070,21379
293,23395112387185878,2990,856004,1083107054962,1027,23179331388269642,834611,1963,215780998916236,21393
294,23382668673546580,3007,867502,1082530957109,1028,23165901906582904,846367,1979,216766766963676,21135
295,23411124422164299,3024,877382,1083848352878,1029,23194542059891211,855978,1995,216582362273088,21404
296,23445774697795279,3036,887839,1085452532305,1027,23226532633351329,866029,2009,219242064443950,21810
297,23478023193513019,3040,896871,1086945518218,1028,23247908903366845,872623,2012,230114290146174,24248
298,23511990337865722,3055,905063,1088518071197,1016,23279992941009844,879843,2039,231997396855878,25220
299,23564534162883159,3050,913114,1090950655689,1018,23332436465682211,886984,2032,232097697200948,26130
300,23882888816746304,3041,920846,1105689297072,1025,23651702754320267,895303,2016,231186062426037,25543
301,23857504839454979,3050,928654,1104514112938,1031,23631543864278630,903010,2019,225960975176349,25644
302,23848572589189307,3045,936068,1104100582833,1031,23609150671958217,910170,2014,239421917231090,25898
303,23849267970809683,3045,945054,1104132776426,1031,23611979539991369,919092,2014,237288430818314,25962
304,23856125875170714,3059,956412,1104450271999,1033,23621788144726722,930153,2026,234337730443992,26259
305,23854747611964258,3078,968097,1104386463517,1030,23621994448537335,941557,2048,232753163426923,26540
306,23836977371261268,3071,979156,1103563767188,1021,23594600143402250,951233,2050,242377227859018,27923
307,23854464200396318,3094,989066,1104373342611,1021,23612640755918710,961048,2073,241823444477608,28018
308,23828103259412320,3089,1000058,1103152928676,1021,23587001926941092,971162,2068,241101332471228,28896
309,23765024934948158,3082,1010063,1100232635877,1016,23521613419326117,980170,2066,243411515622041,29893
310,23777625558169828,3090,1017022,1100815998063,1016,23536705644528378,986941,2074,240919913641450,30081
311,23732237106487225,3086,1008484,1098714680856,1009,23496005319737815,978745,2077,236231786749410,29739
312,23741900713307325,3092,1015715,1099162070061,1010,23505842545143042,985832,2082,236058168164283,29883
313,23726880119033853,3094,1022743,1098466672177,1010,23490764300512246,992657,2084,236115818521607,30086
314,23604987896132501,3086,1032531,1092823513710,1009,23375324011878962,1001556,2077,229663884253539,30975
315,23537012833083860,3084,1047244,1089676520050,1013,23317317215144024,1016647,2071,219695617939836,30597
316,23549369658121787,3079,1059536,1090248595283,1008,23323618229273688,1027596,2071,225751428848099,31940
317,23582836244979864,3085,1100964,1091797974305,978,23351243380016013,1066830,2107,231592864963851,34134
318,23583277486361153,3087,1126340,1091818402146,953,23348943889489082,1088747,2134,234333596872071,37593
319,23565309681268636,3088,1138269,1090986559318,951,23331189698763672,1100723,2137,234119982504964,37546
320,23561047526582598,3088,1146245,1090789237342,959,23331846710502741,1109592,2129,229200816079857,36653
321,23537719498083358,3088,1152905,1089709236022,964,23312337946908968,1116718,2124,225381551174390,36187
322,23504746248174263,3096,1158573,1088182696675,966,23277550703107101,1121748,2130,227195545067162,36825
323,23487356050894396,3104,1164585,1087377594949,1027,23263923803583244,1130461,2077,223432247311152,34124
324,23354498909628269,3107,1167620,1081226801372,1033,23131371436775778,1134797,2074,223127472852491,32823
325,23417671451022013,3112,1170621,1084151456066,1040,23190263170400580,1137695,2072,227408280621433,32926
326,23301004853802289,3123,1169492,1078750224713,1008,23060007491257637,1134007,2115,240997362544652,35485
327,23258804977034064,3125,1171672,1076796526715,1013,23021507789387002,1135967,2112,237297187647062,35705
328,23216173396125970,3126,1171948,1074822842413,1019,22985356858885634,1137026,2107,230816537240336,34922
329,24598636428762437,3145,1173939,1138825760591,1029,24353927537865173,1136844,2116,244708890897264,37095
330,24587384093653744,3154,1176081,1138304819151,1024,24340792692571448,1139184,2130,246591401082296,36897
331,24665771640296284,3160,1178546,1141933872236,1026,24423513893256650,1141178,2134,242257747039634,37368
332,24727842768797003,3156,1180504,1144807535592,1027,24488568729504320,1142655,2129,239274039292683,37849
333,24714063915931440,3147,1182605,1144169625738,1024,24472298864878414,1144425,2123,241765051053026,38180
334,24776127551439804,3156,1184977,1147042942196,1019,24530044029343881,1146240,2137,246083522095923,38737
335,24769119181729635,3149,1187140,1146718480636,1019,24522382979384834,1147762,2130,246736202344801,39378
336,24767062828320552,3149,1190619,1146623279089,1015,24518017919824542,1150824,2134,249044908496010,39795
337,24753443176758479,3152,1192770,1145992739665,1014,24504362685818336,1152595,2138,249080490940143,40175
338,24621517986831382,3148,1193666,1139885091983,1015,24376831684559520,1153603,2133,244686302271862,40063
339,24682659914204521,3147,1190779,1142715736769,1021,24442503345896274,1152528,2126,240156568308247,38251
340,24476700813527397,3141,1191165,1133180593219,1017,24234884482649743,1152534,2124,241816330877654,38631
341,24555840771807746,3142,1193227,1136844480176,1022,24315994197580542,1154640,2120,239846574227204,38587
342,24660991673767486,3129,1195415,1141712577489,1020,24420250514584769,1156765,2109,240741159182717,38650
343,24538091587045780,3122,1194688,1136022758660,1021,24304189600288504,1156743,2101,233901986757276,37945
344,24602095926151255,3114,1194545,1138985922507,1022,24368370605646826,1156238,2092,233725320504429,38307
345,24677704327308250,3116,1196068,1142486311449,1028,24443276363951267,1157167,2088,234427963356983,38901
346,24637590261789712,3112,1197390,1140629178787,1028,24400565040333349,1158022,2084,237025221456363,39368
347,24669825450454874,3112,1199735,1142121548632,1031,24433761294464330,1159377,2081,236064155990544,40358
348,24670614381381442,3110,1201632,1142158073212,1029,24433094123567891,1161149,2081,237520257813551,40483
349,24435357519567074,3101,1203261,1131266551832,1028,24201089778408825,1162797,2073,234267741158249,40464
350,24444238585047094,3098,1204892,1131677712271,1030,24209760045143739,1164419,2068,234478539903355,40473
351,24456415918186222,3098,1206529,1132241477694,1029,24220594018143846,1165591,2069,235821900042376,40938
352,24441961174746539,3099,1207965,1131572276609,1032,24206490276289853,1166657,2067,235470898456686,41308
353,24453012636354912,3097,1208939,1132083918350,1038,24221416979150423,1167881,2059,231595657204489,41058
354,24463445965412728,3093,1205847,1132566942843,1031,24230150235387163,1164035,2062,233295730025565,41812
355,24525857119151547,3101,1206784,1135456348109,1032,24293584498346438,1164805,2069,232272620805109,41979
356,24492895353990404,3101,1208080,1133930340463,1037,24263331153088728,1166329,2064,229564200901676,41751
357,24507422389303698,3103,1209380,1134602888394,1036,24275502136882412,1167827,2067,231920252421286,41553
358,24552945219532238,3105,1210548,1136710426830,1038,24319177636362742,1168037,2067,233767583169496,42511
359,24623552540372334,3105,1211655,1139979284276,1034,24385174499138236,1168791,2071,238378041234098,42864
360,24636399918286027,3114,1213836,1140574070291,1037,24399414746462573,1171284,2077,236985171823454,42552
361,24732308831147809,3120,1215098,1145014297738,1036,24491989993949769,1172207,2084,240318837198040,42891
362,24724295922908154,3122,1215933,1144643329764,1039,24481791823536441,1172585,2083,242504099371713,43348
363,24782466023480092,3120,1217041,1147336389976,1040,24540650413542110,1173678,2080,241815609937982,43363
364,25054390221573067,3122,1217987,1159925473221,1045,24814111473576961,1174223,2077,240278747996106,43764
365,25043681533090900,3123,1219047,1159429700606,1046,24807573858289070,1175655,2077,236107674801830,43392
366,25028585125722443,3116,1219774,1158730792858,1049,24794102895760181,1176400,2067,234482229962262,43374
367,25065995673156592,3117,1220117,1160462762646,1048,24825675399196311,1176804,2069,240320273960281,43313
368,25069171797357765,3121,1221011,1160609805433,1053,24830349132852493,1177897,2068,238822664505272,43114
369,25153834365108788,3119,1221252,1164529368755,1056,24917571126543432,1178948,2063,236263238565356,42304
370,25170337993638844,3123,1221920,1165293425631,1054,24930149193393753,1179384,2069,240188800245091,42536
371,25107902330817417,3114,1222311,1162402885686,1053,24864344791778718,1179401,2061,243557539038699,42910
372,25087226705234193,3112,1223338,1161445680798,1060,24850432158962974,1180711,2052,236794546271219,42627
373,25090663550263367,3115,1224300,1161604793994,1058,24853095490106876,1181818,2057,237568060156491,42482
374,25097784395987465,3126,1225107,1161934462777,1058,24860348245858117,1181983,2068,237436150129348,43124
375,25174903471204236,3145,1226013,1165504790334,1064,24940417352346659,1183478,2081,234486118857577,42535
376,25272403210023564,3150,1227364,1170018667131,1060,25036969036620574,1183859,2090,235434173402990,43505
377,25197315592272395,3145,1230026,1166542388531,1057,24962668440089049,1186484,2088,234647152183346,43542
378,25116738054461618,3147,1232556,1162811946966,1058,24880963028691689,1188967,2089,235775025769929,43589
379,25058875481572529,3145,1234120,1160133124147,1054,24818194330888347,1189511,2091,240681150684182,44609
380,25065309972207037,3148,1236145,1160431017232,1054,24821519507606835,1190950,2094,243790464600202,45195
381,25090595813788584,3147,1237853,1161601658046,1059,24851617951980847,1192963,2088,238977861807737,44890
382,25079111896910089,3144,1239210,1161069995227,1060,24841559799431659,1194286,2084,237552097478430,44924
383,25226159003727233,3147,1243778,1167877731654,1063,24988738342284729,1196898,2084,237420661442504,46880
384,25363740356767789,3128,1246471,1174247238739,1061,25122046485049937,1199264,2067,241693871717852,47207
385,25388654503848140,3128,1248673,1175400671474,1063,25149282004749998,1201517,2065,239372499098142,47156
386,25107872285168544,3128,1251099,1162401494684,1055,24869770361411240,1203967,2073,238101923757304,47132
387,25418973672435766,3123,1253253,1176804336687,1060,25179829239366506,1208339,2063,239144433069260,44914
388,25427056571856294,3126,1255284,1177178544993,1062,25189132235632787,1210423,2064,237924336223507,44861
389,25480925138421432,3142,1257356,1179672460112,1063,25241025298013373,1212598,2079,239899840408059,44758
390,25522388224360752,3136,1258922,1181592047424,1066,25282606999073980,1214068,2070,239781225286772,44854
391,25528807081252267,3133,1260366,1181889216725,1066,25289944869680588,1215517,2067,238862211571679,44849
392,25527915779761335,3134,1261971,1181847952767,1066,25285693751402698,1216637,2068,242222028358637,45334
393,25470229362739641,3131,1263403,1179177285312,1074,25231907810718669,1219792,2057,238321552020972,43611
394,25488557413704016,3122,1265212,1180025806190,1079,25252649703411592,1221028,2043,235907710292424,44184
395,25227525931327401,3123,1267017,1167941015339,1090,25005443744387501,1224204,2033,222082186939900,42813
396,25227033187950770,3121,1268283,1167918203146,1087,25001223144294593,1225189,2034,225810043656177,43094
397,25226742158734294,3122,1270006,1167904729571,1084,24999790450649790,1224672,2038,226951708084504,45334
398,25191424718540849,3124,1270666,1166269662895,1080,24962298460765984,1224262,2044,229126257774865,46404
399,24933592431810198,3118,1271525,1154332982954,1083,24709034700044945,1225441,2035,224557731765253,46084
400,24723813844048216,3120,1272453,1144621011299,1081,24498613831491591,1226349,2039,225200012556625,46104
401,24624938957043127,3113,1273534,1140043470233,1073,24392299352530326,1225962,2040,232639604512801,47572
402,24636696730207271,3107,1274135,1140587811584,1069,24403775039443383,1227274,2038,232921690763888,46861
403,24548497878810241,3104,1275287,1136504531426,1070,24311946389178929,1227563,2034,236551489631312,47724
404,24344075637969878,3092,1276605,1127040538795,1067,24112338475844022,1229386,2025,231737162125856,47219
405,24343646388238238,3082,1272575,1127020666122,1057,24109430290441138,1224603,2025,234216097797100,47972
406,23852951996364236,3084,1274100,1104303333165,1055,23620071860404268,1227429,2029,232880135959968,46671
407,23803294025774958,3082,1275910,1102004353045,1056,23573557886497864,1229286,2026,229736139277094,46624
408,23823562870111690,3083,1275085,1102942725468,1057,23597797842778030,1229815,2026,225765027333660,45270
409,23308171278006083,3091,1276296,1079082003611,1072,23088727944320784,1229577,2019,219443333685299,46719
410,23407071901315784,3087,1277313,1083660736172,1070,23185215711185748,1230069,2017,221856190130036,47244
411,23152102274859085,3086,1277714,1071856586799,1071,22937670788167144,1231882,2015,214431486691941,45832
412,23113327351010090,3082,1278735,1070061451436,1068,22896199838765952,1232673,2014,217127512244138,46062
413,23094499841875988,3079,1279834,1069189807494,1067,22878956581942018,1233454,2012,215543259933970,46380
414,22295045136549650,3076,1279807,1032178015581,1047,22094874239386809,1233587,2029,200170897162841,46220
415,22038246193166985,3106,1280782,1020289175610,1049,21842449992133690,1234963,2057,195796201033295,45819
416,22759595184076732,3103,1281505,1053684962226,1068,22557131101973271,1236412,2035,202464082103461,45093
417,22842302638514721,3104,1282885,1057514011042,1073,22641893656785216,1238956,2031,200408981729505,43929
418,22760011177229524,3093,1283965,1053704221168,1070,22557442784402293,1238857,2023,202568392827231,45108
419,22729170693675721,3097,1285466,1052276421004,1073,22527884049778817,1239671,2024,201286643896904,45795
420,22735339826891192,3092,1286487,1052562029023,1070,22532517248182057,1240368,2022,202822578709135,46119
421,22754191715164150,3091,1287395,1053434801628,1076,22552951308533894,1241617,2015,201240406630256,45778
422,22738857806901471,3096,1287854,1052724898468,1078,22537231390841662,1242544,2018,201626416059809,45310
423,22773418178320278,3093,1288794,1054324915663,1082,22573038869982613,1243345,2011,200379308337665,45449
424,22711253346600455,3095,1289962,1051446914194,1082,22509625960953575,1244257,2013,201627385646880,45705
425,22676707531012130,3095,1290700,1049847570880,1083,22474064817172003,1245006,2012,202642713840127,45694
426,22732516900656160,3095,1291373,1052431337993,1087,22532842474476228,1246696,2008,199674426179932,44677
427,22579357645295976,3099,1292159,1045340631727,1091,22380081247088108,1246337,2008,199276398207868,45822
428,22632865782292962,3093,1293363,1047817860291,1091,22431070595726697,1247463,2002,201795186566265,45900
429,22662176862965439,3103,1294582,1049174854767,1091,22463045345646667,1248230,2012,199131517318772,46352
430,22686201305546085,3104,1295429,1050287097479,1090,22484818244105727,1249064,2014,201383061440358,46365
431,22674711468934312,3105,1296252,1049755160599,1086,22474562191217413,1249926,2019,200149277716899,46326
432,22695615637522079,3103,1297340,1050722946182,1081,22493183840653247,1250591,2022,202431796868832,46749
433,22739705233017050,3097,1299073,1052764131158,1083,22538146006361794,1252355,2014,201559226655256,46718
434,22870877219041007,3099,1300878,1058836908289,1083,22666815336535600,1254151,2016,204061882505407,46727
435,22726035890487094,3099,1302169,1052131291226,1082,22523596968231861,1255135,2017,202438922255233,47034
436,22679217241348026,3088,1302889,1049963761174,1084,22480718206696540,1257500,2004,198499034651486,45389
437,22701589918366356,3081,1303859,1050999533258,1091,22504183318216161,1258302,1990,197406600150195,45557
438,22737914126995122,3080,1305056,1052681209583,1091,22542197299842282,1259436,1989,195716827152840,45620
439,22801871441552063,3079,1306661,1055642196368,1092,22606119232690793,1261094,1987,195752208861270,45567
440,22514867910780042,3076,1307467,1042354995869,1065,22317312676785463,1261340,2011,197555233994579,46127
441,22955109945068621,3074,1308308,1062736571531,1060,22752736081757202,1261985,2014,202373863311419,46323
442,22940355522696339,3073,1309082,1062053496421,1056,22740704109604281,1264059,2017,199651413092058,45023
443,22988928834088224,3069,1309631,1064302260837,1055,22790373144441962,1263686,2014,198555689646262,45945
444,23004649208045949,3040,1310469,1065030055928,1056,22807441055127166,1264734,1984,197208152918783,45735
445,23045467808136013,3040,1311395,1066919805932,1056,22848793508626986,1266586,1984,196674299509027,44809
446,23036424585723136,3045,1312928,1066501138228,1058,22842755026382479,1268475,1987,193669559340657,44453
447,23015951543513577,3043,1313993,1065553312200,1048,22816992902296572,1268887,1995,198958641217005,45106
448,22973647281453944,3045,1315034,1063594781549,1051,22776070322692257,1270583,1994,197576958761687,44451
449,22913589651850692,3044,1316566,1060814335734,1039,22710953243449969,1270850,2005,202636408400723,45716
450,22933912927653027,3043,1317529,1061755228132,1039,22726592029293317,1270780,2004,207320898359710,46749
451,22972937519833023,3039,1318503,1063561922214,1040,22768525704735587,1272366,1999,204411815097436,46137
452,22998890880631860,3034,1319469,1064763466696,1043,22796113889513544,1273416,1991,202776991118316,46053
453,22994869891768396,3031,1320782,1064577309804,1041,22788679976009318,1274716,1990,206189915759078,46066
454,22984219844001210,3031,1322107,1064084252037,1040,22778049385582179,1275787,1991,206170458419031,46320
455,22942860543017489,3029,1323297,1062169469584,1042,22735133911999825,1275050,1987,207726631017664,48247
456,22770454070974905,3025,1324788,1054187688471,1041,22568087946592799,1276579,1984,202366124382106,48209
457,22779501708183156,3032,1326184,1054606560564,1039,22575767435082503,1277841,1993,203734273100653,48343
458,22765662149259078,3031,1327342,1053965840243,1042,22564755711996097,1279484,1989,200906437262981,47858
459,22738105605272210,3029,1328663,1052690074318,1039,22533454362995186,1279497,1990,204651242277024,49166
460,22775568090705115,3025,1330033,1054424448644,1041,22570875943290399,1281108,1984,204692147414716,48925
461,22777537504728683,3027,1330729,1054515625219,1041,22573789770112018,1281842,1986,203747734616665,48887
462,22803301466429253,3027,1331762,1055708401224,1036,22597454988422679,1282929,1991,205846478006574,48833
463,22790065923096244,3032,1332390,1055095644588,1035,22578523718139042,1283870,1997,211542204957202,48520
464,22806091554047574,3034,1333193,1055837571947,1039,22598815529742342,1284405,1995,207276024305232,48788
465,22819400151950538,3036,1334518,1056453710738,1033,22608114067776932,1285236,2003,211286084173606,49282
466,22806500155574553,3037,1335577,1055856488684,1034,22600229544192487,1286556,2003,206270611382066,49021
467,22879836956660107,3035,1336611,1059251710956,1023,22664939414321786,1286177,2012,214897542338321,50434
468,22882223369631738,3030,1336303,1059362193039,1019,22664550727234424,1285647,2011,217672642397314,50656
469,22839587170009953,3029,1337390,1057388294908,1022,22626278110250357,1286794,2007,213309059759596,50596
470,22861134936826292,3025,1338696,1058385876705,1019,22645126230754411,1288010,2006,216008706071881,50686
471,22860653065403081,3023,1339065,1058363567843,1016,22646492286129890,1288321,2007,214160779273191,50744
472,22761022830643560,3019,1338937,1053751056974,1017,22551174486417657,1287966,2002,209848344225903,50971
473,22735428098786274,3021,1339204,1052566115685,1018,22525952797079173,1288167,2003,209475301707101,51037
474,22719453098782785,3025,1339125,1051826532351,1021,22509953669448009,1288817,2004,209499429334776,50308
475,22715556235537756,3020,1339631,1051646122016,1023,22507673519382602,1288875,1997,207882716155154,50756
476,22705372932636708,3022,1340422,1051174672807,1023,22495833478458326,1289256,1999,209539454178382,51166
477,22697968340213296,3012,1340361,1050831867602,1017,22483287024028661,1287358,1995,214681316184635,53003
478,22639199712419476,3011,1340997,1048111097797,1014,22422228523522530,1286159,1997,216971188896946,54838
479,22641739799139393,3012,1341417,1048228694405,1016,22425762255590771,1287426,1996,215977543548622,53991
480,22661310740997364,3019,1341999,1049134756528,1015,22444330379772069,1286333,2004,216980361225295,55666
481,22654534217562355,3022,1342389,1048821028591,1015,22441278384414836,1287005,2007,213255833147519,55384
482,22653275811843579,3023,1342987,1048762769067,1020,22443031656179841,1289207,2003,210244155663738,53780
483,22681562360727143,3028,1343482,1050072331515,1017,22467613193548297,1289453,2011,213949167178846,54029
484,22686138659428115,3038,1343968,1050284197196,1021,22477038680425125,1291817,2017,209099979002990,52151
485,22695629742500528,3040,1344320,1050723599190,1021,22487253592439882,1292194,2019,208376150060646,52126
486,22706311003437400,3047,1344347,1051218102011,1021,22497953299592500,1292328,2026,208357703844900,52019
487,22710321196091239,3048,1344475,1051403759078,1023,22503648370448642,1291435,2025,206672825642597,53040
488,22700671337272854,3048,1344666,1050957006355,1025,22494657799047651,1291810,2023,206013538225203,52856
489,22705703216591345,3047,1344997,1051189963731,1024,22499684988424904,1290414,2023,206018228166441,54583
490,22734331818384852,3044,1345286,1052515361962,1030,22531803734122898,1292767,2014,202528084261954,52519
491,22736272601621351,3041,1345644,1052605213038,1030,22534108167903916,1293167,2011,202164433717435,52477
492,22732567937784555,3041,1346023,1052433700823,1031,22531302301942062,1293302,2010,201265635842493,52721
493,22744116768308459,3040,1346201,1052968368903,1033,22544306247835517,1293720,2007,199810520472942,52481
494,22756607315444624,3038,1346627,1053546634974,1033,22556475977336905,1294302,2005,200131338107719,52325
495,22771232974796474,3035,1346982,1054223748833,1029,22569731005172675,1293930,2006,201501969623799,53052
496,22789583284062206,3036,1347382,1055073300188,1029,22583782171339941,1294167,2007,205801112722265,53215
497,22801813336374511,3036,1346235,1055639506314,1028,22594188787603443,1293628,2008,207624548771068,52607
498,22830844849203451,3038,1346582,1056983557833,1028,22622346247576805,1293627,2010,208498601626646,52955
499,22873579013689561,3039,1346748,1058961991375,1030,22667919985993348,1294109,2009,205659027696213,52639
500,22852658455110977,3041,1347061,1057993446996,1032,22650707537722611,1294435,2009,201950917388366,52626
501,22794903139974785,3040,1347330,1055319589814,1030,22591082828119226,1295011,2010,203820311855559,52319
502,22810377476386927,3037,1347472,1056035994277,1029,22609211655339448,1295254,2008,201165821047479,52218
503,22745376906060619,3035,1333314,1053026708614,1031,22545148388188822,1282319,2004,200228517871797,50995
504,22781672667239782,3030,1333448,1054707067928,1028,22581807777938139,1281335,2002,199864889301643,52113
505,22600556855956102,3031,1333761,1046322076665,1025,22402598122745802,1281571,2006,197958733210300,52190
506,22600232613963850,3028,1334209,1046307065461,1026,22402288513729397,1282064,2002,197944100234453,52145
507,22567839323083531,3027,1334566,1044807376069,1028,22371038107381842,1282501,1999,196801215701689,52065
508,22586623335121436,3023,1334122,1045677006256,1027,22390863348755318,1282652,1996,195759986366118,51470
509,22610003947264705,3024,1334785,1046759442003,1024,22412219352001190,1282718,2000,197784595263515,52067
510,22588758523424195,3022,1335280,1045775857566,1025,22393101097418086,1282355,1997,195657426006109,52925
511,22637728145881961,3023,1335673,1048042969717,1027,22443379219572052,1282883,1996,194348926309909,52790
512,22656152037291989,3021,1335522,1048895927652,1022,22460786256434746,1283618,1999,195365780857243,51904
513,22686595602651204,3021,1335700,1050305351975,1023,22492502899912104,1284526,1998,194092702739100,51174
514,22671216420970964,3021,1335893,1049593352823,1021,22475074299743660,1283456,2000,196142121227304,52437
515,22476173550896677,3012,1319147,1040563590319,1017,22281937729660497,1266320,1995,194235821236180,52827
516,22493985848363256,3010,1319265,1041388233721,1018,22300886206672695,1266963,1992,193099641690561,52302
517,22481238040040453,3008,1316892,1040798057409,1020,22289162084196774,1264307,1988,192075955843679,52585
518,22380307136018118,3010,1317152,1036125330371,1020,22188723828858948,1265555,1990,191583307159170,51597
519,22355453996921236,3008,1317146,1034974722080,1014,22161990475024290,1264343,1994,193463521896946,52803
520,22411934449129259,3009,1317281,1037589557830,1010,22215361997859399,1263581,1999,196572451269860,53700
521,22423816005469061,3009,1317334,1038139629883,1005,22223440320403754,1262009,2004,200375685065307,55325
522,22331739656036658,3004,1316443,1033876835928,1004,22134343775872851,1261332,2000,197395880163807,55111
523,22226152478286832,3001,1314425,1028988540661,999,22027226524336708,1257233,2002,198925953950124,57192
524,22138381507576587,2999,1314033,1024925069795,996,21936798808256621,1257286,2003,201582699319966,56747
525,21944929264932197,2994,1312405,1015968947451,997,21749521814364829,1255265,1997,195407450567368,57140
526,21924175535465161,2991,1312746,1015008126642,997,21732602467641602,1254800,1994,191573067823559,57946
527,21802449607298101,2987,1311404,1009372667005,999,21613287989339433,1254186,1988,189161617958668,57218
528,21737769803656856,2976,1311823,1006378231651,993,21549467344146946,1255618,1983,188302459509910,56205
529,21717339085152952,2976,1312816,1005432365053,992,21531385568900125,1256800,1984,185953516252827,56016
530,21697209082962923,2963,1313221,1004500420508,992,21512579680286398,1257534,1971,184629402676525,55687
531,21804749802154928,2964,1314109,1009479157507,992,21617390873626266,1257991,1972,187358928528662,56118
532,21817460645661093,2967,1315072,1010067622484,991,21629721738966191,1259011,1976,187738906694902,56061
533,21783994147298654,2944,1314815,1008518247560,992,21599148765473485,1258946,1952,184845381825169,55869
534,21814492372711965,2937,1315759,1009930202440,994,21630454267554709,1260099,1943,184038105157256,55660
535,21798903569417910,2937,1316628,1009208498584,993,21615112994488449,1260659,1944,183790574929461,55969
536,21765141117698004,2934,1316715,1007645422116,986,21580020791655866,1260043,1948,185120326042138,56672
537,21731394373885401,2934,1317575,1006083072865,990,21549276202265930,1261086,1944,182118171619471,56489
538,21732597322645825,2931,1318604,1006138764937,989,21550685918344293,1262198,1942,181911404301532,56406
539,21755527964838129,2930,1319956,1007200368743,988,21571382728722612,1262429,1942,184145236115517,57527
540,21837205631437933,2929,1321125,1010981742196,988,21653043894917483,1263275,1941,184161736520450,57850
541,21854080344758402,2931,1322506,1011762978924,989,21670211983511540,1265219,1942,183868361246862,57287
542,21872113567830103,2932,1323081,1012597850363,987,21685834231856667,1265498,1945,186279335973436,57583
543,21796340953635208,2932,1324035,1009089858965,988,21610157954462699,1267520,1944,186182999172509,56515
544,21823502285947055,2931,1324918,1010347328053,983,21633419182572103,1266101,1948,190083103374952,58817
545,21673243447482263,2931,1325950,1003390900346,987,21488181023324333,1267136,1944,185062424157930,58814
546,21637834989759867,2929,1326910,1001751619896,984,21451521630555692,1267218,1945,186313359204175,59692
547,21655503103340812,2930,1327873,1002569588118,986,21468505774046790,1268267,1944,186997329294022,59606
548,21726082507638521,2931,1328723,1005837153131,987,21538752455755265,1268967,1944,187330051883256,59756
549,21766071182100255,2929,1328824,1007688480653,987,21579949600281625,1269885,1942,186121581818630,58939
550,21812491878436515,2934,1328718,1009837586965,986,21625580957532813,1269935,1948,186910920903702,58783
551,21839712488768927,2935,1329369,1011097800406,983,21655196506866239,1270979,1952,184515981902688,58390
552,21832860292651210,2936,1330134,1010780569104,980,21644774183350966,1271288,1956,188086109300244,58846
553,21769745271314169,2935,1330855,1007858577376,982,21583581693010908,1272232,1953,186163578303261,58623
554,21825006603826781,2935,1331212,1010416972399,987,21636672774474631,1272769,1948,188333829352150,58443
555,22049432187784738,2937,1331903,1020807045731,989,21859554996423445,1273521,1948,189877191361293,58382
556,22054102090672863,2933,1331835,1021023244939,989,21865310115646849,1274252,1944,188791975026014,57583
557,22081183126929265,2928,1332778,1022276996617,992,21892201671610158,1275385,1936,188981455319107,57393
558,22085192251000900,2928,1333528,1022462604213,990,21894243556244818,1274913,1938,190948694756082,58615
559,22080315873734355,2927,1333069,1022236846006,987,21888790973162396,1274410,1940,191524900571959,58659
560,22086101194918576,2927,1333813,1022504684950,987,21897793549785937,1275383,1940,188307645132639,58430
561,22109408030981126,2924,1334269,1023583705138,985,21919116315466777,1275766,1939,190291715514349,58503
562,22055740205171748,2922,1333978,1021099083573,980,21862037403294824,1274162,1942,193702801876924,59816
563,21959294096131465,2920,1334087,1016633985932,974,21762016115536914,1273956,1946,197277980594551,60131
564,21922356837245120,2922,1334508,1014923927650,976,21725895519572747,1274670,1946,196461317672373,59838
565,21958011810684761,2927,1335040,1016574620865,972,21756557580759640,1274689,1955,201454229925121,60351
566,21909218295498912,2925,1335616,1014315661829,972,21708040981197215,1275345,1953,201177314301697,60271
567,21911352429418808,2921,1335910,1014414464325,971,21713115225885010,1276085,1950,198237203533798,59825
568,22022928316834548,2921,1336417,1019580014668,967,21822504882901921,1276423,1954,200423433932627,59994
569,22035038886516172,2921,1336951,1020140689191,966,21835521285667485,1276933,1955,199517600848687,60018
570,22056635838406806,2923,1337356,1021140548074,962,21854080670082339,1276808,1961,202555168324467,60548
571,22028539050854703,2922,1337726,1019839770873,963,21826903703987106,1277335,1959,201635346867597,60391
572,21928035208025158,2921,1337886,1015186815186,965,21727810875596099,1277645,1956,200224332429059,60241
573,21889641633435155,2918,1338115,1013409334881,969,21693345916927253,1278242,1949,196295716507902,59873
574,21898643146872253,2919,1338595,1013826071614,966,21699646084670863,1276804,1953,198997062201390,61791
575,21895552138158468,2919,1339052,1013682969359,965,21695135553238035,1277246,1954,200416584920433,61806
576,21879134170304901,2920,1340022,1012922878255,964,21680149439056218,1278120,1956,198984731248683,61902
577,21897320121806599,2919,1340841,1013764820454,966,21698376339574382,1279161,1953,198943782232217,61680
578,21857567223311737,2920,1341361,1011924408487,965,21657268431070333,1279462,1955,200298792241404,61899
579,21898391706924883,2912,1341068,1013814430876,962,21697722502342077,1278053,1950,200669204582806,63015
580,21887150568893730,2915,1341689,1013294007819,964,21688750648493346,1278950,1951,198399920400384,62739
581,21887105805085033,2917,1342227,1013291935421,967,21692479877405381,1279729,1950,194625927679652,62498
582,21932976973704571,2874,1342523,1015415600634,967,21738834753998716,1280390,1907,194142219705855,62133
583,21822469474536029,2871,1342924,1010299512710,969,21630360791331481,1280983,1902,192108683204548,61941
584,21798391155204639,2872,1343077,1009184775704,968,21606883579475539,1280641,1904,191507575729100,62436
585,21808768736065718,2874,1343410,1009665219262,971,21618622730207396,1279505,1903,190146005858322,63905
586,21732932915137046,2874,1342905,1006154301627,964,21545400980807894,1279706,1910,187531934329152,63199
587,21741130576696239,2878,1343462,1006533822995,964,21553236003118767,1280789,1914,187894573577472,62673
588,21752023558942310,2879,1343849,1007038127729,963,21561095063428997,1281018,1916,190928495513313,62831
589,21766293850806113,2880,1344271,1007698789389,960,21575728577381732,1281693,1920,190565273424381,62578
590,21834289199208843,2879,1342784,1010846722186,957,21641323993106744,1279937,1922,192965206102099,62847
591,21737104837933660,2874,1340426,1006347446201,955,21547820651337269,1280350,1919,189284186596391,60076
592,21768154434483376,2875,1340786,1007784927522,956,21578547228057550,1280455,1919,189607206425826,60331
593,21884432047703240,2874,1341196,1013168150357,955,21692211453341270,1280726,1919,192220594361970,60470
594,21796543431606323,2871,1341308,1009099232945,953,21604358532711100,1280770,1918,192184898895223,60538
595,21775051520898840,2869,1341205,1008104237079,951,21583074961931962,1280799,1918,191976558966878,60406
596,21773369871355612,2878,1341589,1008026382933,950,21582639876202256,1281105,1928,190729995153356,60484
597,21430486660512638,2880,1341749,992152160209,947,21243683532132572,1281410,1933,186803128380066,60339
598,21343208608377632,2880,1342107,988111509647,949,21156834877824009,1281787,1931,186373730553623,60320
599,21480447664888182,2880,1340659,994465169671,947,21295364206608075,1280264,1933,185083458280107,60395
600,21398446571510616,2884,1341233,990668822755,950,21209895659694175,1281005,1934,188550911816441,60228
601,21341397816188452,2882,1341831,988027676675,949,21154309219299193,1280973,1933,187088596889259,60858
602,21451565514021817,2880,1342558,993128033057,948,21265095882063326,1281602,1932,186469631958491,60956
603,21475204604420372,2878,1343325,994222435390,948,21287632683143354,1282311,1930,187571921277018,61014
604,21380792173008964,2876,1344683,989851489491,946,21194979995329340,1283987,1930,185812177679624,60696
605,21393258962888843,2879,1346086,990428655689,947,21209720349806655,1285352,1932,183538613082188,60734
606,21385329421986636,2881,1349248,990061547314,945,21202069172149350,1288453,1936,183260249837286,60795
607,21404991557393012,2880,1349755,990971831361,941,21221330845029396,1288623,1939,183660712363616,61132
608,21452877819651593,2864,1349810,993188787947,941,21270260048632222,1289203,1923,182617771019371,60607
609,21514024128616719,2866,1350222,996019635584,939,21328835966800683,1289278,1927,185188161816036,60944
610,21570932611491566,2866,1350711,998654287569,943,21385924495047145,1289798,1923,185008116444421,60913
611,21556514440366017,2875,1351194,997986779647,950,21372429594920994,1290299,1925,184084845445023,60895
612,21333861050004229,2874,1351344,987678752315,945,21151382766390777,1290776,1929,182478283613452,60568
613,21331595884016358,2872,1351965,987573883519,944,21148025473506662,1291394,1928,183570410509696,60571
614,21513392623540974,2870,1352522,995990399238,950,21330919549990714,1291596,1920,182473073550260,60926
615,21523562757696971,2871,1353079,996461238782,949,21338259351230339,1291399,1922,185303406466632,61680
616,21571947707756785,2871,1353539,998701282767,951,21388075154128207,1292042,1920,183872553628578,61497
617,21750394647282169,2870,1353461,1006962715152,948,21561287634476153,1291481,1922,189107012806016,61980
618,21787927325337212,2875,1353648,1008700339136,948,21600561675198566,1291706,1927,187365650138646,61942
619,21849668855036690,2877,1354069,1011558743289,947,21662576646293599,1292609,1930,187092208743091,61460
620,21839820414776830,2877,1354467,1011102796980,951,21654097333772723,1294448,1926,185723081004107,60019
621,21726675466814412,2878,1354531,1005864604945,952,21540376847540605,1294559,1926,186298619273807,59972
622,21693633140195333,2876,1354717,1004334867602,952,21508412358185952,1294768,1924,185220782009381,59949
623,21754686921728843,2877,1355035,1007161431562,951,21566509195728629,1295095,1926,188177726000214,59940
