epoch_no,reserve,treasury,circulating,utxo,unclaimed_rewards,deposits
209,13286160713028443,8332813711755,31705506473259802,31111517964861148,593536826186446,441012000000
210,13278197552770393,16306644182013,31705495803047594,31427038405450971,277915861250199,533870000000
211,13270236767315870,24275595982960,31705487636701170,31539966264042924,164918966125973,594636000000
212,13262280841681299,32239292149804,31705479866168897,31556964153057144,147882943225525,626252000000
213,13247093198353459,40198464232058,31712708337414483,31578940375911744,133110645284460,651738000000
214,13230232787944838,48148335794725,31721618876260437,31599599756081623,121337581585558,674438000000
215,13212986170770203,55876297807656,31731137531422141,31612774463528795,117660526059600,695040000000
216,13195031638588164,63707722011028,31741260639400808,31618386634872973,122159720478561,706174000000
217,13176528835451373,71629614335572,31751841550213055,31623386398075064,127730158329564,719058000000
218,13157936081322000,79429791062499,31762634127615501,31627219255406326,134680552513121,729244000000
219,13139088245733216,87229346231023,31773682408035761,31630183215083879,142759607883409,735038000000
220,13120582265809833,94812346026398,31784605388163769,31632848506081886,151012138061367,739774000000
221,13101550250680254,102526032953120,31795923716366626,31635508458477371,159661581954467,748540000000
222,13082116350342059,110388072013679,31807495577644262,31638704635807180,168031500315224,755528000000
223,13062655956639744,118208699416236,31819135343944020,31643231839089441,175136507314474,762498000000
224,13042967905529920,125940338514332,31831091755955748,31645683072175046,184638095949416,766164000000
225,13023198387000242,133613085475447,31843188527524311,31649159822457807,193254696557488,769884000000
226,13003168356561692,141320961489871,31855510681948437,31686947704577447,167787052058796,771722000000
227,12983158507901822,148966611367094,31867874880731084,31690281489452333,176804987557861,784010000000
228,12963125292915959,156672155969216,31880202551114825,31693168373016631,186224573379227,804642000000
229,12943288527645190,164146740314244,31892564732040566,31697652762515540,194073823790087,831368000000
230,12923287136043547,171650774380874,31905062089575579,31700304312439254,203907240317601,845220000000
231,12901374614727880,179282860001401,31919342525270719,31704997390333919,213480340281597,857626000000
232,12879420804989068,186903589285290,31933675605725642,31713139770800358,219649376783607,875348000000
233,12857569396931762,194427116830134,31948003486238104,31727370177354236,219718299243523,904328000000
234,12835708801543869,201938554280313,31962352644175818,31739256932742600,222159622355272,927916000000
235,12813555587125201,209567887755185,31976876525119614,31767870175918315,208042607131917,955736000000
236,13112607631777589,217021605777163,31670370762445248,31461432543838109,207948933086316,981170000000
237,13092064399031575,224755310169411,31683180290799014,31465901346220928,216290650502519,980456000000
238,13070468429326735,232303490719413,31697228079953852,31482519231625372,213704761536850,995120000000
239,13047906930168382,240110310231353,31711982759600265,31493208255930256,217754207790812,1008602000000
240,13025619519514576,247808783829569,31726571696655855,31502217300614781,223313216927949,1027018000000
241,13001889545532991,255497935879168,31742612518587841,31517758609836731,223770797690214,1063042000000
242,12977832637176786,261254564022929,31760912798800285,31525316489999635,234492886119567,1088732000000
243,12953750797382735,268861912841117,31777387289776148,31534623877545530,241624641170201,1121866000000
244,12929566121367277,276588875846127,31793845002786596,31540628778085188,252049566508032,1153290000000
245,12905245994461083,284352137586764,31810401867952153,31554431181456119,254780855703113,1176314000000
246,12880948865137767,292077855298344,31826973279563889,31563439010704400,262287981940979,1226242000000
247,12856514256368052,299811858331381,31843673885300567,31574888508747727,267480497727263,1273350000000
248,12832265659375334,307469331873040,31860265008751626,31592654254984197,266226327908742,1345858000000
249,12807979499513648,315149768885434,31876870731600918,31602933412885413,272470858170227,1433774000000
250,12783925491495810,322747474373585,31893327034130605,31617822285490637,273932987876825,1531256000000
251,12759915292888389,330358411585833,31909726295525778,31631163897685934,276901946283570,1618620000000
252,12736017185934876,337791818166627,31926190995898497,31640636356906711,283800249459270,1719888000000
253,12711785646200955,345342263589600,31942872090209445,31649353451366522,291682768201370,1805112000000
254,12688276934220030,352786796113777,31958936269666193,31668786812697733,288238036950248,1878940000000
255,12665043040299013,360161954760303,31974795004940684,31677462379706748,295345314193904,1943702000000
256,12641992243076681,367449804338663,31990557952584656,31683353428327480,305176413337669,1991750000000
257,12618536190581649,374930989230241,32006532820188110,31691929261944983,312525818331043,2047106000000
258,12595569991053045,382322104327451,32022107904619504,31699132694103150,320845649955180,2090390000000
259,12572853459591508,389627105010745,32037519435397747,31706291030556906,329061893734412,2128532000000
260,12549908795306837,396980740382998,32053110464310165,31717532013429028,333362938064396,2171730000000
261,12527064254027631,404243604632007,32068692141340362,31724617701282376,341822380133072,2205152000000
262,12503994895122529,411581611048417,32084423493829054,31729889179826256,352250315639181,2242608000000
263,12480979868875769,418916130935065,32100104000189166,31738198714623483,359582982733370,2284322000000
264,12457884526305649,426275062812584,32115840410881767,31744108687951515,369361834535039,2321018000000
265,12434957914838905,433592879391282,32131449205769813,31757623627259552,371397334915641,2370466000000
266,12411854285907938,440912464520623,32147233249571439,31781565846818725,363190541797875,2410892000000
267,12388414463130348,448318487744510,32163267049125142,31792309288747596,368417514721276,2471828000000
268,12365028524445435,455707939470671,32179263536083894,31801995103340125,374694769865253,2520964000000
269,12341518728137774,463139474652805,32195341797209421,31811284167858547,381442799438746,2570670000000
270,12318321891398929,470491973129948,32211186135471123,31820879266630190,387643103650563,2621948000000
271,12295113815583721,477865672126854,32227020512289425,31828268077676599,396054789434909,2661156000000
272,12270780512858536,485181573455503,32244037913685961,31834612441637934,406702419605118,2692250000000
273,12247689462766311,492487924250431,32259822612983258,31839445638804325,417614162968429,2733218000000
274,12224475923697967,499813627216983,32275710449085050,31861992306530435,410924510193712,2761062000000
275,12201340389910655,507109701568970,32291549908520375,31867912617438822,420825192181002,2783448000000
276,12178189995478896,514411351908730,32307398652612374,31880547303984234,424004916157406,2817344000000
277,12155122184954568,521694330279703,32323183484765729,31888968903887947,431339681377097,2844760000000
278,12132264814197796,528893184223406,32338842001578798,31904072523812193,431874775609844,2866194000000
279,12109284816700841,530611692658077,32360103490641082,31913279231815416,443904928595174,2891206000000
280,12086332559356592,537801015045532,32375866425597876,31924159313781213,448770430587799,2909030000000
281,12063362662818908,544993458360858,32391643878820234,31932848624793595,455829281351971,2934402000000
282,12040662411646400,552109061206815,32407228527146785,31942238456558944,462002294483888,2957578000000
283,12017762412942030,559301273768095,32422936313289875,31952349092464954,467566741535995,2986618000000
284,11994919913555265,566496518637485,32438583567807250,31967363547858851,468159498336102,3012146000000
285,11972182166198574,573642248264697,32454175585536729,31980647658924759,470432892222573,3041920000000
286,11949345585782632,580813475958128,32469840938259240,31993740078301897,472950701847062,3080674000000
287,11927003666950877,587866685636543,32485129647412580,32004737520411539,477204074586022,3107936000000
288,11904389292477517,595010655786398,32500600051736085,32022916175235567,474456503718649,3140836000000
289,11882381119547453,601999673290515,32515619207162032,32032565537426451,479778868880803,3174808000000
290,11860319467481270,609002817835001,32530677714683729,32040161506419571,487198477771061,3212648000000
291,11838146881718587,616008493107142,32545844625174271,32052486634262243,490023549659931,3246248000000
292,11815842837779699,623039919820396,32561117242399905,32059581576137843,498168881775072,3278276000000
293,11793690427914625,630037263793143,32576272308292232,32071955171537486,500909737447627,3312824000000
294,11771504387608670,637024173474141,32591471438917189,32081169476222408,506871250479840,3338702000000
295,11749349764763643,643991464810237,32606658770426120,32092240169107272,510970937927276,3362142000000
296,11727557414227650,650852643461256,32621589942311094,32099476313461364,518656595482706,3378738000000
297,11705653358398389,657738963676591,32636607677925020,32109362856255445,523763589297134,3404652000000
298,11684019538729705,664536270685807,32651444190584488,32116786911233328,531168570641408,3410326000000
299,11343887069673499,671319247451273,32984793682875228,32124291439414792,856974682075971,3428972000000
300,11323054368200473,677910511293920,32999035120505607,32453404576940498,542059489797401,3446712000000
301,11302106993169046,684275367847493,33013617638983461,32459090459736224,550977747051997,3461226000000
302,11280717436923376,690958635875788,33028323927200836,32472031367061130,552712467185803,3483056000000
303,11259657628761195,697557178525050,33042785192713755,32488129471284809,550941493931422,3511948000000
304,11238469926202349,704231212591513,33057298861206138,32496268001919300,557390353430420,3537110000000
305,11217568742767163,710796083937713,33071635173295124,32509401283239684,558359890224618,3565706000000
306,11196633067737696,717435151480773,33085931780781531,32520899716101619,561282257909023,3593542000000
307,11175759253425611,724010388331415,33100230358242974,32528780025278042,567722755268490,3613138000000
308,11154816240369338,730601615685965,33114582143944697,32538902663187591,571916869341651,3634964000000
309,11134121506196268,737110558232480,33128767935571252,32549773970345357,575244073683806,3646080000000
310,11113347476573099,743638101982934,33143014421443967,32561299999240069,577913891528102,3665746000000
311,11092893736994628,750091385613797,33157014877391575,32570532887873216,582685200027829,3680564000000
312,11072246017826610,756609425944090,33171144556229300,32590321104585069,577024431377266,3691378000000
313,11051631533654672,763121537857734,33185246928487594,32601567115275256,579836462782960,3707828000000
314,11031385419250644,769551576595698,33199063004153658,32616900037333978,578245335178653,3735054000000
315,11011700944995489,775800361280391,33212498693724120,32642139577093760,566407246971783,3759742000000
316,10992003609815988,782079043389156,33225917346794856,32657820788799533,563985677172027,3841010000000
317,10972584901107006,788297676230791,33239117422662203,32672588710054451,562382857445601,3893092000000
318,10953227838823001,794490731721927,33252281429455072,32681602193624646,566512050278324,3915062000000
319,10933650872361432,800775096758125,33265574030880443,32689654871836478,571754896867156,3930392000000
320,10914331394835612,806985387511233,33278683217653155,32696853358637129,577641621267691,3946080000000
321,10894905349913180,805605092526580,33299489557560240,32704874454434833,590419673650405,3961876000000
322,10875612782714797,811794260532363,33312592956752840,32716201634562781,592167821131710,3979552000000
323,10856555549633463,816782078123190,33326662372243347,32724392239827130,598042421478257,3986056000000
324,10837286615744764,822987529535214,33339725854720022,32731876011176488,603629305680682,3994438000000
325,10817894577514127,829237846580369,33352867575905504,32759281322025844,589369717457730,3998420000000
326,10798756714539428,835407607356681,33365835678103891,32768450205518457,593184262602320,4004206000000
327,10779457383188418,841610183661313,33378932433150269,32780739088941136,593960367287969,4006228000000
328,10760324733104603,847806215028479,33391869051866918,32785792975348335,601827825137762,4018634000000
329,10741397939952327,853941152115025,33404660907932648,32796014502241801,604388768988260,4030428000000
330,10722297918395194,860166383169807,33417535698434999,32804235595392307,609032481481789,4035164000000
331,10702736716126709,866276896064357,33430986387808934,32812593237680692,614139456648623,4037702000000
332,10682871684482153,872471870892203,33444656444625644,32827704099081302,612735924683037,4039940000000
333,10662954751304020,878653307632686,33458391941063294,32837574562549516,616559980225352,4045582000000
334,10643350776202190,884736526609247,33471912697188563,32844755848985308,622896940125234,4050532000000
335,10623895506123552,890778684245517,33485325809630931,32851166289141579,629909087326996,4057512000000
336,10604486697782318,896790999922300,33498722302295382,32859998950871315,634456643369628,4060880000000
337,10584926320452051,902856542906841,33512217136641108,33029849139877684,478112823971922,4063148000000
338,10565374767957279,908925569281222,33525699662761499,33036876403214478,484594632729414,4055378000000
339,10545586696000514,915064913598237,33539348390401249,33049183983459762,485934577003674,4057408000000
340,10526055083287405,921148142062990,33552796774649605,33057322845997466,491248043339324,4057604000000
341,10506491829002854,927231126863356,33566277044133790,33064119556618594,497940254652940,4057230000000
342,10487149571006994,900379780082021,33612470648910985,33071477029117253,536768018195898,4056594000000
343,10467739665223957,906447014546351,33625813320229692,33080410342405149,541185425012681,4053856000000
344,10448049960041700,912584295685928,33639365744272372,33087098160032188,548046449458004,4058794000000
345,10428470110767403,918713205275544,33652816683957053,33123689789929054,524924606265896,4063368000000
346,10409105745481118,924761379220192,33666132875298690,33133875758453299,528068104528885,4067926000000
347,10389506871116964,930867659133409,33679625469749627,33140794655699543,534639975778029,4074622000000
348,10370377949854532,936834108750911,33692787941394557,33147484850058440,541108006653482,4072364000000
349,10352411929782702,942432272103687,33705155798113611,33154441147681908,546514582153953,4076276000000
350,10333899043124872,948203440354410,33717897516520718,33159884972435104,553806216406914,4080786000000
351,10314641202700475,954249374293574,33731109423005951,33172428054798808,554482656901505,4083576000000
352,10295428286983073,960277877068492,33744293835948435,33179737022473358,560332039059345,4082982000000
353,10276330879384622,966281863995315,33757387256620063,33185128017540923,568037531654514,4087096000000
354,10257589126504652,972182782671244,33770228090824104,33192389381696623,573627045952540,4090350000000
355,10239288792981608,977973384876487,33782737822141905,33203028574401872,575471834768357,4091296000000
356,10220679892460660,983837643868650,33795482463670690,33208223860441128,583035915923488,4095378000000
357,10201748722980993,989776809984523,33808474467034484,33215004893769643,589255323401602,4098212000000
358,10182918483065564,995690025485814,33821391491448622,33225269669349986,591894462287336,4102220000000
359,10164188969499216,1001568454234009,33834242576266775,33230273473072343,599735768605563,4110912000000
360,10145052424519948,1007570211324963,33847377364155089,33245976003772544,597172632000462,4114884000000
361,10126038387141609,1013519055278692,33860442557579699,33258487979337955,597720909846704,4117024000000
362,10106899741240898,1019513669653941,33873586589105161,33263558832387151,605793313516475,4118198000000
363,10087736962737259,1025501175173226,33886761862089515,33279886966613503,602648250801255,4121012000000
364,10068593369607165,1031482492741569,33899924137651266,33287545787967832,608161240787447,4120706000000
365,10049419651037034,1037476762140256,33913103586822710,33295446299555708,613424966332129,4123762000000
366,10030500598819482,1043351943571270,33926147457609248,33300894343365012,621023593038122,4125370000000
367,10011568005046602,1049235663440299,33939196331513099,33309449336251819,625502011419313,4126586000000
368,9992648700658977,1055149630369187,33952201668971836,33315124311811680,632833972536806,4134642000000
369,9973897045344554,1060989482938007,33965113471717439,33322864493675894,638007176109012,4133918000000
370,9954979169676611,1066870216358458,33978150613964931,33374750285617657,599141508317189,4130750000000
371,9936114349742976,1072721304252673,33991164346004351,33384258032629075,602619013995115,4134376000000
372,9917197168085496,1078611968858093,34004190863056411,33393802525615785,606094941443093,4136728000000
373,9898528859081034,1084442000419800,34017029140499166,33400935216834372,611809805180207,4148936000000
374,9879803953263264,1090284059434660,34029911987302076,33406278152949967,619347811548199,4153180000000
375,9861116544907807,1056673748569830,34082209706522363,33419510489045019,658427428551322,4157814000000
376,9842652064089820,1062423482265345,34094924453644835,33466554151945907,624097964883269,4163860000000
377,9824321019586905,1068123742127903,34107555238285192,33474087547520017,629186126629104,4168372000000
378,9806194893505457,1073761279310734,34120043827183809,33487372087377590,628369193327282,4171748000000
379,9787739043117847,1079524909809257,34132736047072896,33496379749101994,632074217484110,4175764000000
380,9769359542724410,1085266054287657,34145374402987933,33505907717061874,635180192555825,4176642000000
381,9751099859203471,1090977794605066,34157922346191463,33512218654140727,641415210346716,4182808000000
382,9732579730335267,1096769891327182,34170650378337551,33523449865417497,642894835185471,4180354000000
383,9714372537673880,1102477860882235,34183149601443885,33529795332299442,649052109402814,4183238000000
384,9696062028066324,1108231313584225,34195706658349451,33536184114140786,655223446821574,4190816000000
385,9677898230050332,1113894699593937,34208207070355731,33551411252233746,652486666440219,4194146000000
386,9659613006525152,1119569090557032,34220817902917816,33560555952474531,655936708111568,4197676000000
387,9641213380131503,1125283441597315,34233503178271182,33570418157822016,658738025437713,4202968000000
388,9623238621042507,1130915186538430,34245846192419063,33584688782930504,656815928019637,4214576000000
389,9605003170159443,1136579323491238,34258417506349319,33592014077457498,662071590852133,4214182000000
390,9586693644501587,1142264335933469,34271042019564944,33599254785187046,667453171506539,4218064000000
391,9568737675719031,1147834888160445,34283427436120524,33606499679542485,672588603327888,4220870000000
392,9550707326420076,1153424016337181,34295868657242743,33618527325407058,672976450969596,4218486000000
393,9532573493585434,1159053622658953,34308372883755613,33627263753977906,676750611949337,4223998000000
394,9514934935216517,1164535619945030,34320529444838453,33634301136627138,681890667847012,4227436000000
395,9497133409472783,1170067020486250,34332799570040967,33640189711444263,688283111430759,4228366000000
396,9479585689711008,1175513742012425,34344900568276567,33647412771989295,693163096227947,4231834000000
397,9461815546187508,1181075985373286,34357108468439206,33658215572077947,694562898427056,4234062000000
398,9443972566840349,1186758136337642,34369269296822009,33673874155441038,691064539317477,4236090000000
399,9426301009576749,1192381615518303,34381317374904948,33682669062516419,694320911464803,4235794000000
400,9408537858242252,1198058432944920,34393403708812828,33690158980579934,698908549163762,4236122000000
401,9391113276049044,1203571262060792,34405315461890164,33697118996954581,703851954995814,4236772000000
402,9373759520550477,1209099799354716,34417140680094807,33703002119574904,709807852272109,4232288000000
403,9356641772388785,1214559938325861,34428798289285354,33713843561214350,710642462755130,4230422000000
404,9339311033457902,1220072850270466,34440616116271632,33722352281672112,713940296500773,4234378000000
405,9322254273087787,1225541030930729,34452204695981484,33733157243754737,714726123245960,4239488000000
406,9305382922879304,1230997735876222,34463619341244474,33741381308268176,717900140896171,4242162000000
407,9288701770557405,1236437634639208,34474860594803387,33747540893108137,722987844537229,4242294000000
408,9272157715492362,1241944161023134,34485898123484504,33755739949175513,725820617483464,4247654000000
409,9255427816188677,1247455873909450,34497116309901873,33762192588293198,730593733025194,4248382000000
410,9238655017642055,1244154789634220,34517190192723725,33771729943983666,741097012098321,4250266000000
411,9222302989055674,1249688145781837,34528008865162489,33777719510186451,745894935187904,4249888000000
412,9206053137433248,1255205718727929,34538741143838823,33787356736889162,747019048930631,4251392000000
413,9189561743422242,1261091761016337,34549346495561421,33824169984682835,720807062041199,4251704000000
414,9173472878616637,1266965539860820,34559561581522543,33835943610173095,719198692043734,4269310000000
415,9157220397160138,1272798631646023,34569980971193839,33850180850445830,715366209741892,4269412000000
416,9141408669939478,1278342807280510,34580248522780012,33858755658036556,717048886833687,4265286000000
417,9126046644944245,1283676763623901,34590276591431854,33869651579547968,716184680048110,4270772000000
418,9110127202404423,1289082659079958,34600790138515619,33882308828257569,714074379147980,4272688000000
419,9094338748570024,1294423169897744,34611238081532232,33886765663260257,720079183899033,4272966000000
420,9078521499110565,1299778626218859,34621699874670576,33897828287845375,719471402811532,4271304000000
421,9063032557660485,1305029315722194,34631938126617321,33902564402828984,724956778887855,4275542000000
422,9047622199764891,1310263863997300,34642113936237809,33911031122569219,726668516530792,4278692000000
423,9032034292857262,1315551035659310,34652414671483428,33915922601875258,732064172223830,4281878000000
424,9016392244472160,1320864396635145,34662743358892695,33922399913381200,735901607550139,4283294000000
425,9000866603128574,1326160702195945,34672972694675481,33932731394564719,735829490515168,4285226000000
426,8985278126640115,1331451253889835,34683270619470050,33957047033464340,721803999948302,4287198000000
427,8969722014329330,1336737020880096,34693540964790574,33964147522732010,724979117681396,4287416000000
428,8954215876954027,1341996676328651,34703787446717322,33978693689230199,720685691731242,4296688000000
429,8938829163644506,1347267485402985,34713903350952509,33999888473456667,709591874829182,4299530000000
430,8923448699710227,1352522451375734,34724028848914039,34010452336700104,709181554711831,4299046000000
431,8908035374574998,1357779071669941,34734185553755061,34034760485648736,695031905723102,4300254000000
432,8892643599428594,1363023110216084,34744333290355322,34040865669079504,699079769024380,4302652000000
433,8877370345904236,1368214253632528,34754415400463236,34045487533293680,704540450568292,4306320000000
434,8862589414115358,1373239820320665,34764170765563977,34054059823306728,705711056657378,4302704000000
435,8847342747476447,1378419161023568,34774238091499985,34058596957671238,711256823188711,4303460000000
436,8832022058874836,1383599670487649,34784378270637515,34072813077697104,707179780375370,4304686000000
437,8816766950673503,1388777091806873,34794455957519624,34078376518182954,711695883285378,4306844000000
438,8801415188576255,1394003371321239,34804581440102506,34083197663906953,716999880852604,4308054000000
439,8786093762361533,1399218565292671,34814687672345796,34090129514559568,720153557521201,4310106000000
440,8770985210124101,1404363573077985,34824651216797914,34097659293677618,722576907615876,4310798000000
441,8755712247133776,1409557056505625,34834730696360599,34159403574608510,670920981047727,4310814000000
442,8740627073337488,1364721053361805,34894651873300707,34164085040082744,726175665178006,4297000000000
443,8725270759466564,1369908624960600,34904820615572836,34218320790103902,682098483442312,4298926000000
444,8710191636492473,1375019903319223,34914788460188304,34223304340599574,687093120154623,4301324000000
445,8694963287980163,1380197545352859,34924839166666978,34235272143558732,685157370433093,4304792000000
446,8679810673091783,1385334935731313,34934854391176904,34249867357167071,680584286328292,4307228000000
447,8664777302912097,1390422658558876,34944800038529027,34266384158476678,674002579077458,4309924000000
448,8649726897692243,1395516870297212,34954756232010545,34273550074676470,676791261999428,4310784000000
449,8634608907096306,1400647065598924,34964744027304770,34283261806753057,677067795594002,4312398000000
450,8619584135017586,1405748420583942,34974667444398472,34289935729502340,680322964605939,4310940000000
451,8604731076564123,1410808637386707,34984460286049170,34296909335078653,683149171568695,4312718000000
452,8589957179575095,1415822553230528,34994220267194377,34306289847263896,683515230904598,4314842000000
453,8575057374648348,1420889749919979,35004052875431673,34313652665578623,685963960109758,4314824000000
454,8560024968913102,1426000643140040,35013974387946858,34328509344910226,680977601904906,4318142000000
455,8545305926326569,1431025090491411,35023668983182020,34337206255850805,681975904907014,4320424000000
456,8530456126418253,1436093215624403,35033450657957344,34346039151594405,682921291971352,4326066000000
457,8515623736425579,1441157257090799,35043219006483622,34353472533025172,685272596110779,4327234000000
458,8501083191092514,1446160832567429,35052755976340057,34368890926478105,679371976322369,4327834000000
459,8486301514701735,1451242730302673,35062455754995592,34376332357365855,681642238380763,4330556000000
460,8471762024474669,1456239280414863,35071998695110468,34382480981578894,685035779353430,4332432000000
461,8457302540309566,1461210460215224,35081486999475210,34391865220427194,685137367252925,4334490000000
462,8442920926434661,1466149536674751,35090929536890588,34397745722512003,688714385036524,4338650000000
463,8428636511768877,1471045157553368,35100318330677755,34409353644156539,686499980421397,4339376000000
464,8414256054893475,1475975213267045,35109768731839480,34415611940562496,689703958031529,4341926000000
465,8400262854415407,1480770938730322,35118966206854271,34424690912023161,689816390408407,4341992000000
466,8386071088078952,1485636514586773,35128292397334275,34440303385251755,683527775935055,4343424000000
467,8371794055621580,1490528575180145,35137677369198275,34447233362418051,685977787347698,4344300000000
468,8357522743470265,1495424475832556,35147052780697179,34457885925838642,684705431025300,4345440000000
469,8343083956124781,1500366891487428,35156549152387791,34463774233630959,688313147260771,4345570000000
470,8328570503552617,1505337916378058,35166091580069325,34473239886896908,688386887191499,4343286000000
471,8314145263148908,1510300484886250,35175554251964842,34488195086632664,682883290751239,4342466000000
472,8299712464198532,1463134694007783,35237152841793685,34500038690414558,732634335292084,4343810000000
473,8285364056959992,1468083519808458,35246552423231550,34561445954334874,680638346387599,4344488000000
474,8271283701035530,1472947334083940,35255768964880530,34569285201873229,682032894932847,4344896000000
475,8257181621486334,1477802105663126,35265016272850540,34575916444407339,684674384838601,4342424000000
476,8243160250015058,1482630527975380,35274209222009562,34582181611237674,687587202243246,4342358000000
477,8228975392411645,1487521974453746,35283502633134609,34589346619749309,689710393923998,4343538000000
478,8214994323137691,1492348596544412,35292657080317897,34594893991416140,693324154219022,4344806000000
479,8201129718611947,1497165313551009,35301704967837044,34600155389094060,697101679396184,4349418000000
480,8187070476979147,1502038291741991,35310891231278862,34608125375296776,698324508860194,4352816000000
481,8172897979043621,1506941118966234,35320160901990145,34613168878569303,702553539247968,4354472000000
482,8158797579880842,1511816216675332,35329386203443826,34618588753051309,706363650564170,4357910000000
483,8144675912835745,1516694508210497,35338629578953758,34623906306518042,710284252189705,4363494000000
484,8130526817894675,1521584234785002,35347888947320323,34627686791125735,715763346247127,4363692000000
485,8116368193817815,1526471044644533,35357160761537652,34635048622947455,717665051660078,4368316000000
486,8102288065038969,1531331315641697,35366380619319334,34640951147104094,720976427118057,4369878000000
487,8088437919200592,1536114019459084,35375448061340324,34647930578792391,723065213792168,4370430000000
488,8074565826556158,1540899754794546,35384534418649296,34655929052652481,724168259489564,4368600000000
489,8060828529222149,1545637399983834,35393534070794017,34662746129127353,726349705816707,4368728000000
490,8047010081468560,1550401607761749,35402588310769691,34670031476329898,728109366663018,4368460000000
491,8033172145504738,1555176058996221,35411651795499041,34685681893313969,721530777975748,4368708000000
492,8019423454847030,1559918119894833,35420658425258137,34694866605453306,721350664098996,4369076000000
493,8005883735416310,1564590697784215,35429525566799475,34699204535120961,725809206236798,4368902000000
494,7992233702329513,1569327676418076,35438438621252411,34704862175319786,729063878111897,4371130000000
495,7978730256074581,1574019542289399,35447250201636020,34712244332217889,730537672817308,4370532000000
496,7965004592410008,1476619445875690,35558375961714302,34717984737143991,835937554125739,4371646000000
497,7951386216629221,1481317014105581,35567296769265198,34823801321080772,739032145292249,4373812000000
498,7937815230851221,1486007059665745,35576177709483034,34830004888343396,741719774637370,4374584000000
499,7924170545862647,1490725021530841,35585104432606512,34835924249386237,744737949024087,4375222000000
500,7910589154077874,1495403947921756,35594006898000370,34840305882765328,749264597077332,4374202000000
501,7897001506315015,1500074612179231,35602923881505754,34848077512616517,750405012835506,4373828000000
502,7883390526253263,1504763227266060,35611846246480677,34852706699159620,754700016353249,4371308000000
503,7869740167788845,1509473319875466,35620786512335689,34858274848558305,758083573017604,4372838000000
504,7856412006012711,1514131702485276,35629456291502013,34869371209408670,755662374854538,4372242000000
505,7842889284966704,1518869032724501,35638241682308795,34898387366801994,735432583821728,4371596000000
506,7829573342038784,1523532096285944,35646894561675272,34903866917785253,738598721284158,4371222000000
507,7816251180544575,1528154947846618,35655593871608807,34914088331252698,737075132152558,4370916000000
508,7802782712972544,1532828945705969,35664388341321487,34920087054112781,739573454897792,4611738000000
509,7789809997399209,1537376975934454,35672813026666337,34928082918614374,739980852519560,4656148000000
510,7776682557725743,1541947683854337,35681369758419920,34934284640363525,742343134920726,4672322000000
511,7763466534897369,1546537960700287,35689995504402344,34939946172635956,745131679115843,4785496000000
512,7750347819157560,1551120138892345,35698532041950095,34949383758068676,744291087879606,4791220000000
513,7737238847635656,1555688467465569,35707072684898775,34956414642003962,745796852461755,4792958000000
514,7724114066210540,1560274087294584,35715611846494876,34961093448080664,749671152803877,4794548000000
515,7710840811535124,1564893381140133,35724265807324743,34967190801543885,752217614709019,4798824000000
516,7697681960525046,1569476292253072,35732841747221882,34974248103681820,753731870913347,4802134000000
517,7684715051166790,1574027226901630,35741257721931580,34980974699724316,755404880594765,4812434000000
518,7671724883246433,1578692757476585,35749582359276982,34986894172872854,757902857024590,4715864000000
519,7658581735905745,1583319123795732,35758099140298523,34995041871644768,758163741328133,4820934000000
520,7645768723008280,1587845138859041,35766386138132679,35002992145926655,758393097072992,4928194000000
521,7633094000777687,1592331641228984,35774574357993329,35018528521677057,750986743957242,4933744000000
522,7620302863773952,1596870443401439,35782826692824609,35033776787310195,744087709124872,4836090000000
523,7607610747076201,1601367031103590,35791022221820209,35052930435626512,732971954435332,4939218000000
524,7595003223306721,1605867363924094,35799129412769185,35073778164292411,720202556380216,4947906000000
525,7582597266023565,1610327841943309,35807074892033126,35085884197246362,716059158123988,4952940000000
526,7570016745300604,1614845026268105,35815138228431291,35102215549811489,707962983972354,4748236000000
527,7557630419439671,1619326627836757,35823042952723572,35112728715277787,705371594371509,4752622000000
528,7545301818317184,1623777941276573,35830920240406243,35119317307650753,706692635722719,4751886000000
529,7533008055566611,1628218659074146,35838773285359243,35126169612193782,707711491856568,4760094000000
530,7520543391434932,1632716817250127,35846739791314941,35131891445179655,709962325535426,4772190000000
531,7508122101528199,1637199823678645,35854678074793156,35139781273913494,710026718212986,4766432000000
532,7495773911585373,1641656329184830,35862569759229797,35151153812590654,706535415874895,4773144000000
533,7483332054370326,1646135439887110,35870532505742564,35158211529300041,707444102244278,4784806000000
534,7470819003002992,1650631985932748,35878549011064260,35164286308839218,709375961402344,4788906000000
535,7458430104616144,1655096893563009,35886473001820847,35171343597715164,710200653040365,4793608000000
536,7445967855869507,1659589823833183,35894442320297310,35180226133471308,709311059521156,4802186000000
537,7433694305914142,1664007113173757,35902298580912101,35185844017058276,711652597103589,4708582000000
538,7421230710104429,1668494670404460,35910274619491111,35193500774442306,711827827653839,4828176000000
539,7408926927280507,1672936804237521,35918136268481972,35197202831964372,716016143204693,4840824000000
540,7396826608934598,1677291581661325,35925881809404077,35201193525868751,719663384255653,4956984000000
541,7384491692705295,1681719994417422,35933788312877283,35204786637286954,723957598516741,4967574000000
542,7372161971923491,1686145488917895,35941692539158614,35207580215769005,729161267206108,4876982000000
543,7360009982247106,1690501545334536,35949488472418358,35212423444401982,732008042656330,4983230000000
544,7347811044701520,1694874110569621,35957314844728859,35224212741266934,728013859587158,4989130000000
545,7335771117346353,1699217928890605,35965010953763042,35230631106539980,729318345470160,4994558000000
546,7323776141502598,1703528717038308,35972695141459094,35234797228450885,732834079540938,5000416000000
547,7311783103862433,1707859322622122,35980357573515445,35238941062750438,736357078827739,5006054000000
548,7299564319473914,1712261860261038,35988173820265048,35242104181189725,740907463523334,5107302000000
549,7287372980420867,1716669382767858,35995957636811275,35268011575203435,722782058835234,5110866000000
550,7275303870393836,1721027451020579,36003668678585585,35274323538582421,724274619557193,5014196000000
551,7263297721984758,1726047077836483,36010655200178759,35281021301536092,724551797138658,5014670000000
552,7251344361797924,1730343069063130,36018312569138946,35287114426692333,726125844985468,5019280000000
553,7239343896065115,1734673185491213,36025982918443672,35290300162927531,730610100443298,5021728000000
554,7227379990267374,1739008615838196,36033611393894430,35298485421751079,730138837906644,4922574000000
555,7215372882539040,1743348402076197,36041278715384763,35302796703743889,733483410442768,4930160000000
556,7203284394203835,1747689209080869,36049026396715296,35308636904394899,735394881255916,4934776000000
557,7191306922028738,1751960844921027,36056732233050235,35312950699404732,738379582604964,5335242000000
558,7179190548389205,1756292565163609,36064516886447186,35320106571102851,738902178520159,5436288000000
559,7167304151917849,1760542592099957,36072153255982194,35324161322982795,742489562719187,5436692000000
560,7155310770495321,1764858484971318,36079830744533361,35334514487467261,739811559380606,5439148000000
561,7143512059809197,1769070988271220,36087416951919583,35337743183176508,744175596930813,5439386000000
562,7131582407880455,1773324623715012,36095092968404533,35342129025248560,747557549936835,5343922000000
563,7119603164653180,1777598306850688,36102798528496132,35346979015393979,750416320209568,5345500000000
564,7107661935971911,1781861638625568,36110476425402521,35356538084557689,748928005518913,4945976000000
565,7095848084245357,1786094570568060,36118057345186583,35364662596805385,748489699790725,4849958000000
566,7084099836750283,1790306195001816,36125593968247901,35372023764019448,748658570295980,4852638000000
567,7072264095076784,1794545873391900,36133190031531316,35376156272842367,752026368554644,4952582000000
568,7060557087817263,1798748405131101,36140694507051636,35384048918141699,751527406674628,5054608000000
569,7048808450033904,1802968321266151,36148223228699945,35388198743398587,754927332797093,5055070000000
570,7036998224247014,1807198754088108,36155803021664878,35395351625884919,755230899597709,5156780000000
571,7025299385648516,1809902011480628,36164798602870856,35398491999091376,757282172871321,8955976000000
572,7013758119416311,1814040155030734,36172201725552955,35408492715290124,754686553033204,8958980000000
573,7002095664211091,1818223498763715,36179680837025194,35412895644518199,757772093289571,8959870000000
574,6990408282261570,1822441339817833,36187150377920597,35418267108580059,759559639697454,9261692000000
575,6978937917905659,1658127995342197,36362934086752144,35427329007833823,926576270545605,8966006000000
576,6967366713405925,1584160945084072,36448472341510003,35609095291321356,833041501940846,6269016000000
577,6955875027747416,1570300038420910,36473824933831674,35698219657725714,769563934213561,5965426000000
578,6944275078910457,1568521696870591,36487203224218952,35724891762859820,756986140757532,5269992000000
579,6932775766859839,1572662239592268,36494561993547893,35731844808464892,757399046791429,5271128000000
580,6921352511879335,1576779031967241,36501868456153424,35740930890560293,755535929120247,5355224000000
581,6909811396835559,1580938084556391,36509250518608050,35767053299791840,736982885133367,5156006000000
582,6898408690919458,1585153252330499,36516438056750043,35780279479683788,731045005211916,5056034000000
583,6887049749971417,1589258269071762,36523691980956821,35791993628261576,726479806309216,5160812000000
584,6875794228237686,1593319661824370,36530886109937944,35800453490387692,725120202189621,5263694000000
585,6864609755300307,1597361049317631,36538029195382062,35813736846860604,718872832136761,5368268000000
586,6853355358464402,1601435552954989,36545209088580609,35818890118106610,720903545964294,5370806000000
587,6842045700214541,1605524807540221,36552429492245238,35827299997723116,719711381030043,5372558000000
588,6830769984642149,1609611091065392,36559618924292459,35834505705157918,719786327065176,5272006000000
589,6819500412179338,1613712038041234,36566787549779428,35841169112957719,720296288954602,5272490000000
590,6808177356585720,1617815369453905,36574007273960375,35850699609683960,717989073157181,5272138000000
591,6797156811614725,1621814226835782,36581028961549493,35854459397418887,721048080900992,5474878000000
592,6785833745559701,1625906547283052,36588259707157247,35860558784347504,722276763355236,5372762000000
593,6774679983151336,1629946261639508,36595373755209156,35866283823407633,723656578998541,5372420000000
594,6763629579954891,1633953924325727,36602416495719382,35871059005020647,726035533181273,5274304000000
595,6752442686173343,1638001269522620,36609556044304037,35877707945188378,726525533427215,5278110000000
596,6741353528228937,1642011576610350,36616634895160713,35889744277180849,721553880227144,5278910000000
597,6730183426842362,1646055929530671,36623760643626967,35893941446258789,724590209013601,5180700000000
598,6720091665402933,1644709422087102,36635198912509965,35898690325611028,731383001895137,5083782000000
599,6709188390345296,1648689008692576,36642122600962128,35902711180547042,734279288579806,5084458000000
600,6698238053792185,1652701177062556,36649060769145259,35910312071293029,733396975305797,5286200000000
601,6687334717040563,1656699207778460,36655966075180977,35921121858128281,729374118235961,5387260000000
602,6676530725861594,1660661823173382,36662807450965024,35925947464895371,731293973439584,5489518000000
603,6665779427112521,1664603073764194,36669617499123285,35932600980305726,731447169633438,5492278000000
604,6654841029684078,1668608510843424,36676550459472498,35943276887330575,727621835985013,5597704000000
605,6643984742362112,1672567635217344,36683447622420544,35951226975064921,726761913794780,5404964000000
606,6633151875460114,1606528228348564,36760319896191322,35957655322079403,797215579805132,5398964000000
607,6622348091463240,1610475230004340,36767176678532420,35961056222100735,800482254877178,5599858000000
608,6611432787256889,1614459422162537,36774107790580574,36035240284477897,733225009829408,5603478000000
609,6600707555277212,1618388733585222,36780903711137566,36040029487185240,735430105530402,5404020000000
610,6590161148227806,1622244173305394,36787594678466800,36046116263330968,736028298338697,5410066000000
611,6579581543161096,1626107444545662,36794311012293242,36057347728051289,731585655499510,5312780000000
612,6569080555680022,1629946048932851,36800973395387127,36062130319136730,733366692339825,5412034000000
613,6558529838561357,1634730620078057,36806739541360586,36066145196643968,735134164871148,5415740000000
614,6548040565209483,1638585447047618,36813373987742899,36069809187333429,738409768091674,5117322000000
615,6537512840870917,1642455038482875,36820032120646208,36074136490462854,740738910472093,5118346000000
616,6526859579650478,1646349604150946,36826790816198576,36078864112215472,742765126182113,5119298000000
617,6516240756454205,1650231853481439,36833527390064356,36084984315230324,743283461155987,5222636000000
618,6505611847068713,1654111958490226,36840276194441061,36087496074637195,747323502597053,5424956000000
619,6495142906218314,1657910753868450,36846946339913236,36090735750897061,750744770293136,5424284000000
620,6484531378542127,1661779429619056,36853689191838817,36096440525578679,751688662182025,5522892000000
621,6474009732049017,1655471610662910,36870518657288073,36099543042350043,765516567210038,5423004000000
622,6463482213905105,1659308022573986,36877209763520909,36104403019314200,767246321044980,5521514000000
623,6452821150596250,1663540424788905,36883638424614845,36110020282057263,768053755105919,5522864000000
