epoch_no,total_tx,script_tx,simple_tx,script_pct,total_fee_ada,script_fee_ada,script_fee_pct
208,53708,0,53708,0.00,10670.212208,0.000000,0.00
209,36916,0,36916,0.00,7666.346424,0.000000,0.00
210,36267,0,36267,0.00,7770.532273,0.000000,0.00
211,29083,0,29083,0.00,6517.886228,0.000000,0.00
212,24691,0,24691,0.00,5578.218279,0.000000,0.00
213,29348,0,29348,0.00,7100.593256,0.000000,0.00
214,32374,0,32374,0.00,7501.833746,0.000000,0.00
215,32538,0,32538,0.00,8110.049274,0.000000,0.00
216,23374,0,23374,0.00,5935.808427,0.000000,0.00
217,20379,0,20379,0.00,5075.696054,0.000000,0.00
218,18439,0,18439,0.00,4547.068473,0.000000,0.00
219,20239,0,20239,0.00,4970.020516,0.000000,0.00
220,19534,0,19534,0.00,5135.934788,0.000000,0.00
221,16365,0,16365,0.00,3913.521858,0.000000,0.00
222,19298,0,19298,0.00,4499.540105,0.000000,0.00
223,18098,0,18098,0.00,4423.831286,0.000000,0.00
224,17527,0,17527,0.00,4124.509016,0.000000,0.00
225,17856,0,17856,0.00,4203.312194,0.000000,0.00
226,19122,0,19122,0.00,4393.720890,0.000000,0.00
227,22103,0,22103,0.00,4962.718967,0.000000,0.00
228,31103,0,31103,0.00,6777.734939,0.000000,0.00
229,23712,0,23712,0.00,5316.818724,0.000000,0.00
230,31432,0,31432,0.00,7168.655203,0.000000,0.00
231,48347,0,48347,0.00,11110.141677,0.000000,0.00
232,45940,0,45940,0.00,10681.640345,0.000000,0.00
233,35641,0,35641,0.00,8173.077946,0.000000,0.00
234,33953,0,33953,0.00,8006.069382,0.000000,0.00
235,34170,0,34170,0.00,8115.520823,0.000000,0.00
236,32737,0,32737,0.00,7838.075567,0.000000,0.00
237,38103,0,38103,0.00,8966.791630,0.000000,0.00
238,49613,0,49613,0.00,11693.879197,0.000000,0.00
239,59712,0,59712,0.00,14161.113125,0.000000,0.00
240,85930,0,85930,0.00,20069.060896,0.000000,0.00
241,64234,0,64234,0.00,14690.681083,0.000000,0.00
242,74057,0,74057,0.00,16905.060417,0.000000,0.00
243,58682,0,58682,0.00,13368.193376,0.000000,0.00
244,59591,0,59591,0.00,13516.792921,0.000000,0.00
245,88703,0,88703,0.00,20044.918510,0.000000,0.00
246,142367,0,142367,0.00,31528.825577,0.000000,0.00
247,176490,0,176490,0.00,38567.858687,0.000000,0.00
248,151466,0,151466,0.00,32686.545278,0.000000,0.00
249,185379,0,185379,0.00,40504.763143,0.000000,0.00
250,192598,0,192598,0.00,41831.556274,0.000000,0.00
251,157658,0,157658,0.00,34501.532516,0.000000,0.00
252,139593,0,139593,0.00,30758.641553,0.000000,0.00
253,145874,0,145874,0.00,32480.018212,0.000000,0.00
254,195957,0,195957,0.00,43609.040032,0.000000,0.00
255,168880,0,168880,0.00,36360.919507,0.000000,0.00
256,143164,0,143164,0.00,30633.912084,0.000000,0.00
257,183620,0,183620,0.00,39170.561174,0.000000,0.00
258,172429,0,172429,0.00,37979.106429,0.000000,0.00
259,201504,0,201504,0.00,43782.816741,0.000000,0.00
260,216117,0,216117,0.00,46907.924914,0.000000,0.00
261,194471,0,194471,0.00,41390.363617,0.000000,0.00
262,178588,0,178588,0.00,37980.832313,0.000000,0.00
263,227361,0,227361,0.00,48870.395213,0.000000,0.00
264,269945,0,269945,0.00,57777.594620,0.000000,0.00
265,309042,0,309042,0.00,65968.954839,0.000000,0.00
266,317020,0,317020,0.00,68417.656270,0.000000,0.00
267,243673,0,243673,0.00,52698.878516,0.000000,0.00
268,208164,0,208164,0.00,44159.912128,0.000000,0.00
269,197254,0,197254,0.00,41817.190370,0.000000,0.00
270,174334,0,174334,0.00,36489.177917,0.000000,0.00
271,145244,0,145244,0.00,30802.442909,0.000000,0.00
272,135373,0,135373,0.00,29593.210504,0.000000,0.00
273,150752,0,150752,0.00,32570.360903,0.000000,0.00
274,133041,0,133041,0.00,28650.900551,0.000000,0.00
275,136339,0,136339,0.00,29088.470734,0.000000,0.00
276,144737,0,144737,0.00,30139.500685,0.000000,0.00
277,135191,0,135191,0.00,28508.156761,0.000000,0.00
278,133567,0,133567,0.00,28124.230492,0.000000,0.00
279,131829,0,131829,0.00,27651.228864,0.000000,0.00
280,137225,0,137225,0.00,31570.674668,0.000000,0.00
281,141713,0,141713,0.00,30198.103953,0.000000,0.00
282,157622,0,157622,0.00,33861.288926,0.000000,0.00
283,224809,0,224809,0.00,48375.612297,0.000000,0.00
284,243991,0,243991,0.00,53114.389397,0.000000,0.00
285,325005,0,325005,0.00,69484.110281,0.000000,0.00
286,363721,0,363721,0.00,80116.415019,0.000000,0.00
287,401343,0,401343,0.00,86536.781869,0.000000,0.00
288,475383,0,475383,0.00,99992.854778,0.000000,0.00
289,501443,0,501443,0.00,105082.493097,0.000000,0.00
290,423156,369,422787,0.09,88193.252097,277.576881,0.31
291,415399,184,415215,0.04,88508.486990,135.044433,0.15
292,448774,170,448604,0.04,94575.307119,128.971841,0.14
293,449404,35,449369,0.01,92010.214941,21.717385,0.02
294,411754,30,411724,0.01,85521.391572,19.301988,0.02
295,366276,532,365744,0.15,78295.367024,536.153254,0.68
296,355932,1411,354521,0.40,76580.372441,1363.147033,1.78
297,355992,1696,354296,0.48,78382.709752,1538.887272,1.96
298,467116,1109,466007,0.24,98589.384465,1080.216823,1.10
299,589639,1379,588260,0.23,124341.767708,1103.815671,0.89
300,391299,2572,388727,0.66,88206.195240,2017.656934,2.29
301,451157,2227,448930,0.49,97036.953903,1711.154217,1.76
302,1033931,1926,1032005,0.19,202279.497524,1500.919843,0.74
303,488235,2181,486054,0.45,103395.856418,1881.692662,1.82
304,1566974,2880,1564094,0.18,308293.830822,2667.914286,0.87
305,769219,4921,764298,0.64,156264.770889,4033.774166,2.58
306,531293,5924,525369,1.12,114439.696442,5085.754379,4.44
307,604359,7709,596650,1.28,127647.415455,6957.822444,5.45
308,427399,19499,407900,4.56,103811.542089,18763.310623,18.07
309,553388,26474,526914,4.78,134784.675796,24395.030517,18.10
310,475918,22216,453702,4.67,116225.490530,19906.852325,17.13
311,452652,18425,434227,4.07,107642.266965,16907.354851,15.71
312,501383,41955,459428,8.37,135522.429378,38011.941204,28.05
313,643762,63782,579980,9.91,182577.641027,61325.445790,33.59
314,643632,74825,568807,11.63,192127.658577,71687.410408,37.31
315,906299,107086,799213,11.82,269870.823296,102860.635669,38.11
316,841394,127162,714232,15.11,252763.162151,102264.938440,40.46
317,756297,119486,636811,15.80,252123.552102,115946.217488,45.99
318,655198,117266,537932,17.90,233870.176809,117520.922031,50.25
319,650534,117971,532563,18.13,242157.748335,127350.424378,52.59
320,601903,111040,490863,18.45,233553.475002,126501.087835,54.16
321,643509,108683,534826,16.89,243949.058349,128607.786402,52.72
322,627687,107164,520523,17.07,241654.937960,129798.852118,53.71
323,559393,102916,456477,18.40,226099.862852,126408.495515,55.91
324,557373,96129,461244,17.25,218116.421930,118243.972190,54.21
325,460050,98371,361679,21.38,197003.983114,115858.876361,58.81
326,592413,101190,491223,17.08,226748.921164,117913.802191,52.00
327,568933,125046,443887,21.98,229617.380821,130921.872540,57.02
328,550807,119422,431385,21.68,227208.702587,131495.246958,57.87
329,546489,131896,414593,24.14,232457.560903,140514.243865,60.45
330,499577,128537,371040,25.73,215991.479619,133289.298734,61.71
331,450346,114707,335639,25.47,176480.861305,101910.195895,57.75
332,584705,141955,442750,24.28,211816.288426,116379.905720,54.94
333,573296,151515,421781,26.43,209376.078021,117390.971366,56.07
334,515610,149611,365999,29.02,192921.162356,111855.407255,57.98
335,584346,149475,434871,25.58,205828.054439,109140.616890,53.03
336,529384,149009,380375,28.15,192024.791502,108425.541860,56.46
337,478517,133818,344699,27.97,173248.817607,96996.591161,55.99
338,542058,110726,431332,20.43,172421.937813,80789.752144,46.86
339,488198,126853,361345,25.98,168281.312815,89869.686611,53.40
340,435077,126799,308278,29.14,160002.862256,89354.692083,55.85
341,477842,133513,344329,27.94,169007.597834,93310.565146,55.21
342,470464,124963,345501,26.56,163696.811862,87628.817256,53.53
343,463239,125535,337704,27.10,162340.782180,88406.643221,54.46
344,394771,104229,290542,26.40,138919.762103,73828.408159,53.14
345,339988,89206,250782,26.24,121086.316506,64679.593770,53.42
346,319881,84061,235820,26.28,116216.272055,61902.099394,53.26
347,346770,88911,257859,25.64,122720.682635,64169.174015,52.29
348,335679,90972,244707,27.10,123792.277750,67685.122928,54.68
349,358347,87021,271326,24.28,125541.678700,63630.070295,50.68
350,315748,84941,230807,26.90,115135.305638,62852.314443,54.59
351,389952,105284,284668,27.00,141792.415732,76520.575358,53.97
352,380463,93413,287050,24.55,134611.424626,68013.156032,50.53
353,333919,89086,244833,26.68,121313.174941,65716.479624,54.17
354,397134,111333,285801,28.03,146116.971676,80663.945010,55.21
355,340089,99263,240826,29.19,127309.306074,71903.852428,56.48
356,323867,84721,239146,26.16,116037.863239,62017.229552,53.45
357,342561,91853,250708,26.81,125139.811300,67258.256170,53.75
358,341618,88859,252759,26.01,122422.588869,64342.198798,52.56
359,320500,81730,238770,25.50,113844.382083,59427.975936,52.20
360,319465,83722,235743,26.21,116644.395040,62338.220630,53.44
361,326137,80233,245904,24.60,116245.201535,59476.173052,51.16
362,297134,73095,224039,24.60,105632.674757,53396.534631,50.55
363,271609,67417,204192,24.82,96402.895987,48215.076270,50.01
364,310613,73777,236836,23.75,108558.934873,52426.831426,48.29
365,295792,74362,221430,25.14,104151.206114,52645.997120,50.55
366,348994,76573,272421,21.94,118397.841967,52535.094820,44.37
367,316483,63862,252621,20.18,108742.623350,46499.394085,42.76
368,324010,51195,272815,15.80,107883.932533,39670.615429,36.77
369,385470,56138,329332,14.56,128070.030085,43473.518854,33.95
370,457692,63627,394065,13.90,152923.380161,49439.413704,32.33
371,482453,54630,427823,11.32,156667.997533,42959.518107,27.42
372,428636,44302,384334,10.34,135182.484587,35094.883954,25.96
373,417406,41907,375499,10.04,132842.803910,34357.330146,25.86
374,363881,36069,327812,9.91,113974.926022,29234.676575,25.65
375,367258,32153,335105,8.75,108476.815659,25588.325868,23.59
376,394766,31181,363585,7.90,113192.136071,24585.260274,21.72
377,427507,44607,382900,10.43,130798.478937,34404.364986,26.30
378,341268,34477,306791,10.10,106316.486792,27068.214822,25.46
379,338491,35373,303118,10.45,109851.370234,27605.353849,25.13
380,331323,37751,293572,11.39,105673.704020,29551.475524,27.96
381,418468,37168,381300,8.88,125323.734583,29032.744800,23.17
382,364530,37621,326909,10.32,118921.741629,35070.334134,29.49
383,315814,37418,278396,11.85,108281.387091,36997.944914,34.17
384,330287,41079,289208,12.44,115005.681766,39685.937904,34.51
385,360365,48557,311808,13.47,127566.331717,45989.323449,36.05
386,428509,51805,376704,12.09,144027.011453,46634.822806,32.38
387,389223,49499,339724,12.72,126905.468922,39639.211346,31.24
388,346785,49832,296953,14.37,117656.039688,38814.875289,32.99
389,338858,50929,287929,15.03,115998.871359,40401.285546,34.83
390,351917,45815,306102,13.02,118283.250151,37065.117578,31.34
391,441211,56207,385004,12.74,146394.866089,44348.073995,30.29
392,403692,59605,344087,14.76,134519.828370,42676.398303,31.72
393,342053,47216,294837,13.80,110204.364303,31922.627717,28.97
394,300303,43951,256352,14.64,98381.165945,31626.297406,32.15
395,289491,40605,248886,14.03,92866.059325,27930.834243,30.08
396,308357,39080,269277,12.67,95935.934203,25466.341056,26.55
397,287849,39295,248554,13.65,94512.063494,27291.462876,28.88
398,277507,38009,239498,13.70,91606.923726,27170.201855,29.66
399,306486,42037,264449,13.72,100057.069132,29266.274387,29.25
400,335752,38689,297063,11.52,107737.939769,26902.779733,24.97
401,302002,34414,267588,11.40,98420.247794,24064.453877,24.45
402,253864,30599,223265,12.05,81843.315874,21111.848130,25.80
403,276814,31641,245173,11.43,89160.098747,21722.695447,24.36
404,242851,32822,210029,13.52,81840.980787,23388.022379,28.58
405,288208,36897,251311,12.80,95730.080127,27215.013693,28.43
406,268036,34938,233098,13.03,89563.158021,25818.532673,28.83
407,266509,36363,230146,13.64,89902.825527,26591.517772,29.58
408,247207,31428,215779,12.71,81606.583481,23510.692838,28.81
409,308718,58442,250276,18.93,112970.641738,46231.924634,40.92
410,393568,94494,299074,24.01,144531.788134,68915.813561,47.68
411,320430,62508,257922,19.51,113966.019030,46647.118295,40.93
412,327949,67660,260289,20.63,117744.837387,50346.397357,42.76
413,405070,91919,313151,22.69,149969.305714,69025.929942,46.03
414,444338,111725,332613,25.14,164499.006117,80947.834021,49.21
415,490273,115515,374758,23.56,178691.909769,84228.238496,47.14
416,459276,106304,352972,23.15,169559.835776,78866.275851,46.51
417,375738,72858,302880,19.39,134243.110070,53167.883315,39.61
418,328689,65418,263271,19.90,120268.372942,48917.447964,40.67
419,358311,70995,287316,19.81,128880.013669,51854.956488,40.24
420,381428,82607,298821,21.66,141402.900482,60087.491320,42.49
421,369999,80866,289133,21.86,135605.137798,56764.983118,41.86
422,393560,84690,308870,21.52,146019.384340,61882.908422,42.38
423,440283,88218,352065,20.04,158543.961356,61663.737605,38.89
424,357976,66586,291390,18.60,126583.595594,45727.842880,36.12
425,363198,74662,288536,20.56,132388.057408,51735.267408,39.08
426,354148,66727,287421,18.84,126908.377168,44993.050306,35.45
427,324427,52838,271589,16.29,111377.755881,34962.618838,31.39
428,343684,62056,281628,18.06,123472.666660,43060.320813,34.87
429,268374,44987,223387,16.76,95911.502104,32013.290296,33.38
430,267744,43027,224717,16.07,92908.383223,30031.504555,32.32
431,249407,38443,210964,15.41,85200.251438,25749.157459,30.22
432,231353,37366,193987,16.15,81096.601264,25999.255922,32.06
433,291722,36025,255697,12.35,97181.599871,25173.352718,25.90
434,235503,32874,202629,13.96,80850.640036,22871.961136,28.29
435,243515,29710,213805,12.20,80726.565041,20269.268881,25.11
436,226919,29852,197067,13.16,76712.051292,20382.081397,26.57
437,223934,28174,195760,12.58,75841.342949,19285.941361,25.43
438,279913,40427,239486,14.44,94494.265027,25862.477841,27.37
439,297109,51064,246045,17.19,104217.504420,34872.675287,33.46
440,277367,44711,232656,16.12,95326.704362,30322.407895,31.81
441,269273,44463,224810,16.51,94168.039957,30536.818429,32.43
442,291448,53596,237852,18.39,102416.026622,35844.613900,35.00
443,253478,48158,205320,19.00,89675.434107,30992.576863,34.56
444,303107,53374,249733,17.61,104860.675153,35614.203510,33.96
445,274087,42751,231336,15.60,95519.681541,29067.543555,30.43
446,297377,47719,249658,16.05,103376.974891,33261.156736,32.17
447,302829,44926,257903,14.84,104111.334647,31396.642601,30.16
448,293835,40115,253720,13.65,102026.957711,28009.401192,27.45
449,284057,38500,245557,13.55,97810.290193,26477.346060,27.07
450,261868,34428,227440,13.15,89061.401822,24172.691706,27.14
451,306235,38694,267541,12.64,100347.025883,27388.577238,27.29
452,345563,58909,286654,17.05,121425.743292,41026.054071,33.79
453,473615,88204,385411,18.62,169299.131726,63539.050129,37.53
454,459281,84882,374399,18.48,166398.424201,60562.329610,36.40
455,453454,90665,362789,19.99,164148.391587,63711.393556,38.81
456,416022,70062,345960,16.84,146643.347671,49915.712896,34.04
457,464626,82693,381933,17.80,165239.539583,58709.241270,35.53
458,427089,65042,362047,15.23,150603.248974,46723.471739,31.02
459,421387,68842,352545,16.34,149502.178144,46372.443461,31.02
460,420768,74181,346587,17.63,149921.795091,52006.840661,34.69
461,374017,64267,309750,17.18,130779.342061,46396.782827,35.48
462,352162,66467,285695,18.87,125330.099819,47843.506222,38.17
463,315429,54187,261242,17.18,110907.245455,38959.604598,35.13
464,340234,52028,288206,15.29,116912.422703,36952.656105,31.61
465,342914,54722,288192,15.96,117812.147465,38393.908168,32.59
466,347241,60016,287225,17.28,121919.432526,40575.606499,33.28
467,337319,56363,280956,16.71,115983.833237,39500.307041,34.06
468,339236,53352,285884,15.73,116201.496061,37967.072593,32.67
469,365139,53895,311244,14.76,121519.980918,38459.216381,31.65
470,403952,61738,342214,15.28,133408.580939,43275.665477,32.44
471,388963,72184,316779,18.56,136006.087043,52597.378399,38.67
472,371308,54010,317298,14.55,123634.509077,39225.903849,31.73
473,311957,51512,260445,16.51,105972.074454,36470.604684,34.42
474,247259,37533,209726,15.18,83019.604600,27023.290706,32.55
475,287074,46601,240473,16.23,98050.528642,33940.197299,34.62
476,296447,52443,244004,17.69,102081.461302,38289.092082,37.51
477,275822,49066,226756,17.79,94128.682735,35930.561089,38.17
478,276916,51633,225283,18.65,98481.346800,38638.184997,39.23
479,262660,42885,219775,16.33,88531.121892,31397.667133,35.47
480,240963,43489,197474,18.05,84012.172874,31233.776025,37.18
481,217547,40705,176842,18.71,75889.828347,29358.302857,38.69
482,223524,36595,186929,16.37,75526.246011,26390.574702,34.94
483,216815,38824,177991,17.91,75117.947461,28466.939979,37.90
484,224270,44954,179316,20.04,78770.930119,31802.259083,40.37
485,244981,41692,203289,17.02,83167.097183,29855.466824,35.90
486,244729,40768,203961,16.66,81838.755765,28700.838498,35.07
487,202648,34058,168590,16.81,68506.507251,23550.168450,34.38
488,211969,31691,180278,14.95,69507.849957,22163.555119,31.89
489,240957,34988,205969,14.52,79007.776775,24274.636655,30.72
490,211484,33608,177876,15.89,70416.209324,23544.233582,33.44
491,216630,38253,178377,17.66,72079.705835,25684.807784,35.63
492,403855,113219,290636,28.03,142923.441716,69299.009818,48.49
493,398226,104410,293816,26.22,141437.820728,64249.620349,45.43
494,293756,60628,233128,20.64,97664.600823,36789.285446,37.67
495,242938,51518,191420,21.21,82024.444572,31739.674378,38.70
496,272484,48285,224199,17.72,89490.892177,29517.822755,32.98
497,246173,36006,210167,14.63,78462.502268,21785.079736,27.76
498,217778,26522,191256,12.18,67012.196188,15649.128685,23.35
499,201669,25525,176144,12.66,62216.157710,15112.710672,24.29
500,216886,27102,189784,12.50,67528.053731,15419.851633,22.83
501,216520,28999,187521,13.39,68222.967808,17301.033412,25.36
502,177945,20297,157648,11.41,55252.759780,12515.504569,22.65
503,163965,17509,146456,10.68,50465.238805,11005.066453,21.81
504,163553,15843,147710,9.69,50135.685073,10358.175916,20.66
505,187207,18400,168807,9.83,57700.605861,11681.986746,20.25
506,193373,17963,175410,9.29,59492.203551,10921.911389,18.36
507,349397,19146,330251,5.48,116094.310914,12923.624568,11.13
508,275085,16568,258517,6.02,93107.532403,10289.873548,11.05
509,203346,16071,187275,7.90,69661.135669,10309.477851,14.80
510,178413,14423,163990,8.08,132156.650545,9255.683704,7.00
511,177834,15906,161928,8.94,65976.001813,10125.077764,15.35
512,196397,19412,176985,9.88,68232.433058,12260.985279,17.97
513,155526,13340,142186,8.58,52697.610335,7963.788757,15.11
514,172108,17415,154693,10.12,58567.071839,10063.788464,17.18
515,174897,16804,158093,9.61,59638.626715,10067.098836,16.88
516,200786,18543,182243,9.24,65707.612499,10888.883845,16.57
517,195379,18970,176409,9.71,69465.379538,13462.343911,19.38
518,206251,16888,189363,8.19,72593.325622,11200.187640,15.43
519,211528,16687,194841,7.89,72701.133032,10832.524498,14.90
520,362224,36213,326011,10.00,125348.359030,23952.561331,19.11
521,376080,31902,344178,8.48,126106.389542,20629.548348,16.36
522,529151,38119,491032,7.20,180613.758365,24505.585995,13.57
523,613398,39616,573782,6.46,200786.096558,25160.114844,12.53
524,518431,34728,483703,6.70,178596.662776,23925.765784,13.40
525,624145,50031,574114,8.02,211458.647448,33657.702449,15.92
526,553866,34724,519142,6.27,190021.074276,22871.832466,12.04
527,469514,25647,443867,5.46,158411.032771,16383.762745,10.34
528,394232,22709,371523,5.76,132087.308893,13990.208393,10.59
529,408033,15216,392817,3.73,113830.599860,9620.277113,8.45
530,310115,12646,297469,4.08,103650.666676,7681.475678,7.41
531,313591,19778,293813,6.31,107386.764248,15504.841940,14.44
532,266633,17509,249124,6.57,92068.198245,14097.868924,15.31
533,284715,14460,270255,5.08,97834.822698,8910.193121,9.11
534,388506,22307,366199,5.74,135143.065318,15867.444483,11.74
535,304984,18908,286076,6.20,102941.304846,11744.926882,11.41
536,275701,17410,258291,6.31,93384.750236,10550.294833,11.30
537,343437,22012,321425,6.41,117841.394966,13786.546794,11.70
538,228593,13589,215004,5.94,76469.312907,8399.685842,10.98
539,208373,11540,196833,5.54,67915.279673,7084.624142,10.43
540,226056,12363,213693,5.47,76503.073588,7616.801049,9.96
541,218271,10866,207405,4.98,74074.183501,6877.012353,9.28
542,219645,13759,205886,6.26,73755.360046,8522.391364,11.55
543,313588,18810,294778,6.00,99113.874767,11494.727225,11.60
544,206166,12699,193467,6.16,66943.752902,7987.575875,11.93
545,165083,10509,154574,6.37,63417.467271,6393.684903,10.08
546,139396,8854,130542,6.35,53377.937268,5585.696184,10.46
547,151359,8074,143285,5.33,54873.551989,4746.159169,8.65
548,139625,6882,132743,4.93,53136.772606,4083.921605,7.69
549,147850,8288,139562,5.61,56324.445971,4961.384307,8.81
550,174358,11065,163293,6.35,67431.504009,6747.695511,10.01
551,140488,8145,132343,5.80,53017.461145,4831.952155,9.11
552,132481,7365,125116,5.56,50927.072843,4546.750458,8.93
553,170385,8539,161846,5.01,64560.236707,5269.370866,8.16
554,178635,11055,167580,6.19,68441.198106,7082.836428,10.35
555,158950,7834,151116,4.93,59835.064481,4813.422599,8.04
556,177849,9877,167972,5.55,66709.040539,6055.571524,9.08
557,200198,11575,188623,5.78,71848.824176,6916.520880,9.63
558,172848,11870,160978,6.87,65678.280212,7094.953737,10.80
559,179408,10258,169150,5.72,65549.685494,6162.682217,9.40
560,159524,10458,149066,6.56,58785.812262,6376.653193,10.85
561,164677,12442,152235,7.56,62471.219138,7520.239168,12.04
562,152205,11731,140474,7.71,57692.892585,6896.267204,11.95
563,169718,12196,157522,7.19,64359.325919,7243.544647,11.25
564,143408,12808,130600,8.93,55090.590473,8678.378690,15.75
565,152083,15677,136406,10.31,58995.932473,8805.001633,14.92
566,144965,12246,132719,8.45,54808.134305,7056.307501,12.87
567,168672,15060,153612,8.93,63574.235309,8745.956791,13.76
568,130770,11374,119396,8.70,42082.504265,6329.467599,15.04
569,197266,17428,179838,8.83,63716.182250,9812.107520,15.40
570,220818,12944,207874,5.86,68454.908159,7686.251829,11.23
571,205775,14504,191271,7.05,63477.229627,8375.394277,13.19
572,170031,15023,155008,8.84,53229.217424,7739.992655,14.54
573,193803,15834,177969,8.17,61937.643084,8205.144264,13.25
574,196073,13610,182463,6.94,62802.372716,7812.835320,12.44
575,211687,15669,196018,7.40,66532.247801,9201.216877,13.83
576,245317,18219,227098,7.43,75915.892399,10638.159022,14.01
577,176663,13703,162960,7.76,55328.601600,7914.261240,14.30
578,153372,11638,141734,7.59,47010.291572,6796.096719,14.46
579,149791,11683,138108,7.80,46412.472884,7095.122169,15.29
580,177067,13712,163355,7.74,58327.682843,8331.280631,14.28
581,177472,10999,166473,6.20,57537.854339,6631.457038,11.53
582,181836,12276,169560,6.75,57734.386029,7322.100798,12.68
583,157928,13070,144858,8.28,48723.360631,7192.802293,14.76
584,162382,14572,147810,8.97,51248.384697,7780.892810,15.18
585,144745,13290,131455,9.18,44618.509705,6918.777195,15.51
586,151826,12201,139625,8.04,45555.492079,6388.725150,14.02
587,168428,18758,149670,11.14,54886.069365,11092.758013,20.21
588,155278,18083,137195,11.65,49657.867107,9651.473518,19.44
589,143078,15957,127121,11.15,46453.119234,8782.014934,18.91
590,144612,15355,129257,10.62,46605.229614,8595.784992,18.44
591,166389,20865,145524,12.54,51397.454507,10113.032536,19.68
592,187191,18591,168600,9.93,60932.802982,10160.840157,16.68
593,152713,14144,138569,9.26,47653.517462,7727.655636,16.22
594,141790,16699,125091,11.78,44455.688444,8929.247424,20.09
595,175629,18543,157086,10.56,57827.752720,10335.069749,17.87
596,142892,14829,128063,10.38,48288.354577,7878.722901,16.32
597,136228,10734,125494,7.88,41803.003800,5788.459885,13.85
598,151371,13643,137728,9.01,47673.835280,7288.219094,15.29
599,196418,19616,176802,9.99,65522.546433,11017.328807,16.81
600,233095,26325,206770,11.29,82838.816735,15134.825657,18.27
601,221414,25762,195652,11.64,76494.630069,13430.035071,17.56
602,221788,23498,198290,10.59,77071.184121,12635.754429,16.39
603,163321,16730,146591,10.24,54032.156910,8537.987217,15.80
604,170795,17304,153491,10.13,53769.560843,8406.723793,15.63
605,153207,17647,135560,11.52,50030.306787,8468.959901,16.93
606,118453,10491,107962,8.86,38343.554507,5817.525306,15.17
607,121153,10835,110318,8.94,39018.273269,5758.903771,14.76
608,124736,12905,111831,10.35,40098.421924,6149.275333,15.34
609,124639,11054,113585,8.87,40050.797135,5855.622196,14.62
610,187728,20410,167318,10.87,64848.742443,11947.959956,18.42
611,189187,18695,170492,9.88,64349.910572,9834.586230,15.28
612,139138,11442,127696,8.22,44439.845470,5936.379772,13.36
613,119712,9527,110185,7.96,37710.317796,4734.389520,12.55
614,118981,9625,109356,8.09,38373.711261,4865.920564,12.68
615,134210,11044,123166,8.23,42279.800991,5757.872202,13.62
616,118058,12406,105652,10.51,36977.678045,6003.450989,16.24
617,100464,9234,91230,9.19,31661.206813,4654.675525,14.70
618,126117,13196,112921,10.46,41534.723039,6809.546841,16.39
619,118539,12877,105662,10.86,37112.078113,6372.774395,17.17
620,113057,11864,101193,10.49,36043.727992,6040.693590,16.76
621,120358,10910,109448,9.06,38909.161729,5764.019968,14.81
622,129608,11981,117627,9.24,41523.451663,6117.746822,14.73
623,105851,12384,93467,11.70,32892.246911,5311.039002,16.15
