eff_entity_id,display_name,n_pools,total_stake,total_owner_stake,total_rewards,total_op_take,total_deleg_pot,dominant_strategy,n_strategies,owner_ratio,op_take_pct
COINBASE_BISON,Coinbase / bison.run,41,2444178497.066642,258030.494822,735759.64909,48198.862104,687560.786986,hollow,1,0.00010556941529911703,6.5508977236809836
CHUCK_BUX,CHUCK BUX,12,771752563.090085,771752563.090085,302779.007973,302779.007973,0.0,private,1,1.0,100.0
KILN,Kiln,10,750466470.016846,38967.883038,218509.549615,13052.88271,205456.666905,hollow,1,5.1924882183111094e-05,5.973598285749229
FIGMENT,Figment,20,699508381.780126,172.11738599999998,212612.658254,16926.594505,195686.063749,hollow,1,2.460547871663689e-07,7.961235536963403
BINANCE,Binance,17,592305953.130971,263031.504644,186951.967898,18184.78205,168767.185848,hollow,1,0.00044408046762588985,9.726980814623744
EVERSTAKE,Everstake,13,562654583.427931,13520.11527,169254.49961,9920.241935,159334.257675,hollow,1,2.4029156907653198e-05,5.861139265342099
BLOCKDAEMON,Blockdaemon,12,536566962.955604,77292.443623,163778.847851,11755.352141,152023.49571000002,hollow,1,0.00014404994895184263,7.177576527888747
UPBIT,Upbit,15,516798691.25980604,516797954.329681,167666.840571,167666.840571,0.0,private,1,0.9999985740480045,100.0
ETORO,eToro,11,506369778.637959,0.0,157202.54846,157202.54846,0.0,hollow,1,0.0,100.0
WAVE,Wave / Wavepool,13,505275488.331326,331456255.279429,180249.266225,13810.360556,166438.905669,balanced,3,0.6559911631060205,7.6618123586483415
YUTA,YUTA,25,466862592.203047,1629159.568327,152216.433037,25435.186709,126781.246328,hollow,1,0.0034895911463783524,16.70988223907293
CARDANO_FOUNDATION,Cardano Foundation,6,456219294.043941,456206007.397543,192591.64302299998,192591.64302299998,0.0,private,1,0.9999708766232128,100.0
NORTH,NORTH,5,361724384.800547,55036.616651,112022.54487499999,1700.0,110322.54487499999,hollow,1,0.0001521506952906891,1.517551669529504
NUFI,NuFi,17,313904092.491893,17095.960707,94554.262989,8443.227891,86111.035098,hollow,1,5.446236960877318e-05,8.929505264064346
ONE_PERCENT,1PCT,21,269624092.65232503,1345405.993819,81119.274053,7826.754584,73292.519469,hollow,1,0.004989932392851386,9.648452449027491
EMURGO,Emurgo,8,258825047.396589,86247.145314,84114.28710399999,2811.484267,81302.802837,hollow,1,0.00033322565254608594,3.3424574632890183
ADV,ADV,4,257611037.821788,1027039.1959930001,82743.786287,1360.0,81383.786287,hollow,1,0.003986782572195111,1.643627952052844
SECUR,SECUR,5,233367182.431311,666866.0675550001,79848.042703,2609.809178,77238.233525,hollow,1,0.0028575828897933605,3.2684698204905978
CRDNS,,8,230008396.17632902,683630.424729,88960.583795,4259.116703,84701.467092,hollow,1,0.002972197694056852,4.787644731305576
BLOOM,Bloom,7,219746689.952398,78088001.885033,80776.189765,41522.14873,39254.041035,hollow,3,0.35535462173263493,51.40394570578195
OCEAN,AdaOcean,7,192865026.9048,131123.76388800002,61689.037381,5589.138498,56099.898883,hollow,1,0.0006798732045531715,9.0601810877364
CCV,CCV,5,177381884.930471,42675.75581,58230.677648,3395.920329,54834.757319,hollow,1,0.0002405868887159913,5.831840648546251
DIGI,DIGI,6,171697454.227423,1200147.96348,47187.924939,2688.158499,44499.76644,hollow,1,0.006989899581681252,5.696708432241919
EDEN,EDEN,5,170641183.951124,6264.395318,46971.481797,2152.714818,44818.766979,hollow,1,3.671092272656924e-05,4.5830251370470725
MS,MS4,4,160971817.219178,340860.846529,45232.377294,2456.809433,42775.567861,hollow,1,0.00211751878320965,5.431528431573044
ADALITE_PLATFORM,Adalite platform cluster,3,157764712.826733,157764705.34682,49851.844522,49851.844522,0.0,private,1,0.9999999525881748,100.0
DAPP,DAPP,5,141245225.46691298,4901061.572402,43261.869653,2565.621166,40696.248487000004,hollow,2,0.03469895393773919,5.930444492063431
STAKEBOWL,StakeBowl,2,140075642.503973,19.23706,51983.312837000005,51983.312837000005,0.0,hollow,1,1.37333369714541e-07,100.0
TITAN,TITAN,2,135220201.310917,500004.053686,24427.456033000002,503.362594,23924.093439,hollow,1,0.003697702331741997,2.060642718259273
ATADA,ATADA,4,129833545.010749,2942864.282952,41519.803382,1555.533463,39964.269919,hollow,2,0.022666440192389097,3.7464856196172827
BIGLAZYCAT,BigLazyCat,3,125878386.42592901,10287.680866,40077.110366,1203.261123,38873.849243000004,hollow,1,8.172714282490117e-05,3.002364970955601
AICHI,AICHI,2,124790252.216058,258264.025821,35086.748686,852.033743,34234.714943,hollow,1,0.002069584933395676,2.4283633420271022
NEDS,NEDS1,4,118276632.360156,1029138.182883,41689.488036999996,1295.142321,40394.345715999996,hollow,1,0.008701111642655182,3.106640023620687
SIPO,SIPO,3,114991300.925891,163763.58695199998,41970.609415,2043.7652360000002,39926.84417900001,hollow,1,0.0014241389186260402,4.869515273870608
5BINARIES,,6,107936085.825368,360055.137986,33823.366463,30875.951188,2947.4152749999985,hollow,1,0.0033358180003723735,91.28586068384342
SPS,SPS,5,104047840.30764,94106.180229,34447.445585,3337.372279,31110.073306,hollow,1,0.0009044510674200894,9.688301185540576
P2P,P2P,5,95740717.909487,44910.612012,32844.159446,2395.234475,30448.924971,hollow,1,0.00046908580792613615,7.292725755207931
AUTOSTAKE,AutoStake,3,94900891.159196,4817.8991829999995,29738.060738,510.0,29228.060738,hollow,1,5.0767691684980976e-05,1.714973967177052
SPIRE,Spire,3,93443287.653153,1350705.519505,28895.858591,1864.410844,27031.447747000002,hollow,1,0.014454815893449827,6.452173200282394
PILOT,PILOT,2,92704602.536439,1375100.0,27654.893199000002,680.0,26974.893199000002,hollow,1,0.014833136245414517,2.458877693386242
PAUL,PAUL1,2,91014699.242136,200393.534328,30071.453934,1561.743618,28509.710316000004,hollow,1,0.002201771098477972,5.193442330482829
FIMI,FIDA,5,84997624.651874,353034.895148,23801.720187000003,1846.397555,21955.322632000003,hollow,1,0.004153467777410605,7.757412239508906
WEP,ISP,6,84548850.980775,209468.147069,28812.457828,14559.447976,14253.009852,hollow,1,0.0024774807065873618,50.531780603080314
ACL,ACL,3,84264745.418782,2023220.7120049999,25694.733314,1266.747333,24427.985981,hollow,1,0.02401028688747499,4.9299882490307905
COOL,COOL,6,81671243.16168,613542.772793,26001.722051,1507.237228,24494.484823,hollow,1,0.007512347664139306,5.796682331438249
CAFE,CAFE,3,81447131.384564,331056.90245,26000.437111,1224.807797,24775.629313999998,hollow,1,0.004064684622063221,4.710720022786927
JOY,HOPE,8,79790651.401928,414864.502537,23179.304612,2733.584229,20445.720383,hollow,1,0.0051994124029293935,11.793210688403546
ITC,FREE,3,78445145.787694,300023.167835,23787.102322,1928.407383,21858.694938999997,hollow,1,0.003824623752335046,8.106945339098626
pool1uy07qyf0gzzua2glqspyvyevwpe8tamajnqj6c7mjzy4v3m4kne,,1,76324507.892945,76324507.892945,30348.449514,30348.449514,0.0,private,1,1.0,100.0
pool14cq4fchmmqjygwjw4zexmqqd6a7caxptjnvseyu6wanjuppv4vk,,1,76211487.087706,5066574.428589,24394.749498,170.0,24224.749498,hollow,1,0.06648045619104985,0.6968712673763566
pool16ajaae2n5lsyr4f9k9uz5y8tpf0996tw640dzu7chwp2wdrnz6a,,1,75699278.183573,569310.297272,20707.731318,170.0,20537.731318,hollow,1,0.007520683300194827,0.8209494192742839
pool13l9qxpuzd70h7hkjr4ec3pf50w4x6tst5pxc7w33l5lyj4lpmtv,,1,75631086.392258,75631086.392258,31093.350179,31093.350179,0.0,private,1,1.0,100.0
pool1rkm8rplkafvllxjuddrkqc3u3lgd9uf327tvmvfdyygsv7lkhm8,,1,75500009.831419,75500009.831419,27044.54604,27044.54604,0.0,private,1,1.0,100.0
SASA,SASA,2,74589205.58485,5958.996822,21275.284886,1366.606382,19908.678504000003,hollow,1,7.98908739579115e-05,6.423445746192017
BMTXS_GITHUB_IO,RETIR,1,73261882.02739,1007538.626057,24131.543897,170.0,23961.543897,hollow,1,0.013752562699390077,0.7044721246415326
pool1nqheyct9a0mxn80cwp9pd5guncfu3rzwqtmru0l94accz7gjcgl,,1,73066604.268269,73005256.0,30633.465433,30633.465433,0.0,private,1,0.9991603788230837,100.0
pool18ufrgfgmslekdxnk9v9345qvhrr7vfgzkvneqtwm7unnwaht6ww,,1,72460103.675803,533039.6359169999,24159.741189,340.0,23819.741189,hollow,1,0.007356318979364098,1.407299843736749
pool1hnp560z9e5acwux8tjguxq36j9r255zuf02u7z2d46dvcf5zhns,,1,71059965.782443,355304.706973,25398.303557,170.0,25228.303557,hollow,1,0.005000068647102927,0.6693360429308929
VIPER,VIPER,2,70062232.870027,1042950.052929,23206.741512,479.585512,22727.156,hollow,1,0.014886052159710422,2.0665784196889967
pool17s3mr9c4ejjfq20dz0ls9ggskc770kt267s9xmw93payzdswwgg,,1,69788069.523402,51462.686147,23490.127117,998.0,22492.127117,hollow,1,0.0007374138086703063,4.248593441104621
WESTBERG,BCSH,8,69524403.141883,1062636.910527,23492.301079,3310.898494,20181.402585,hollow,2,0.015284373004373835,14.09354700021125
ONYX,ONYX,3,68972291.11387199,751894.135583,17239.999806,677.2999970000001,16562.699808999998,hollow,1,0.01090139421846429,3.928654319150751
pool13hxlxd6qa68fmfhrvvmasa0mjg30tj9p5v2lmgmgsmrp2rgzkfp,,1,68874991.559577,251476.237288,20685.387808,170.0,20515.387808,hollow,1,0.003651198085018603,0.8218361752650009
BRAVO,BRAVO,2,68156763.13446,929088.751866,19122.501625,942.956325,18179.5453,hollow,1,0.01363164430260705,4.9311347620293375
XSP,XSP,2,67452027.776424,58532.9877,24686.370161,1568.2356960000002,23118.134465,hollow,1,0.0008677720986241215,6.352637855514008
pool15cy4p3axu0m6sfrmxsp46z5cevx3ruksfwjl48730cgx24j4ydz,,1,66823869.534583,125865.19467499999,25688.313846,170.0,25518.313846,hollow,1,0.0018835364601246512,0.6617795197424807
pool1a8n7f97dmgtgrnl53exccknjdchqxrr9508hlxlgqp6xvjmzhej,,1,66675743.522954,138824.634155,20991.850317,378.218503,20613.631814,hollow,1,0.002082086030389864,1.8017397098801922
STRIXJPN_GITHUB_IO,PNR39,2,65975673.629417,93717.968779,23799.631643,910.206316,22889.425326999997,hollow,1,0.0014204927911067719,3.8244554775187534
pool1zkdc6ve9nndk7vxnjlalhqt4hr5h8auz5qzjk7lrjrqtv23yuy5,,1,64667276.724778,101416.98451,22239.197683,390.691977,21848.505706,hollow,1,0.0015682890891111382,1.7567719059336895
pool1ddg6t2h9kj6lqlec4ncjs945lzj43m3ggrgdhf5sgzhtygpkznz,,1,64637281.933947,106202.24324200001,25050.680723,463.553404,24587.127319000003,hollow,1,0.0016430493372312338,1.850462305299327
pool1whmm0hkxunyhxsr6dfjpx2tpvd05qhev820lx9vcmvqa5wjc6nh,,1,64422419.249434,408452.674322,20386.790507,510.397719,19876.392788,hollow,1,0.006340225640091722,2.5035707254888897
pool1z5uqdk7dzdxaae5633fqfcu2eqzy3a3rgtuvy087fdld7yws0xt,,1,63795096.475268,509049.451341,15333.906213,474.945156,14858.961057,hollow,1,0.007979444807930459,3.097352686279926
pool16f95up5u5lyqne5mnxmlhe0rgdgmya27mph288r6gw0ukegjffa,,1,63525298.817432,100692.649315,17225.688855,170.0,17055.688855,hollow,1,0.0015850795067392724,0.9868981230939574
SNAKEPOOL_LINK,SNAKE,1,63409878.433776,17202.938223,18652.646863,523.126469,18129.520394000003,hollow,1,0.00027129744840886905,2.8045696294057376
HODLA,HODL₳,2,61208746.364208,16505519.907663,23148.643253000002,1476.1958300000001,21672.447423,balanced,1,0.2696594994684396,6.377029590313847
pool15s7w4spg5ee7n7rprhs0dq78plw2mhjkpu5v97uvl27gz2way7z,,1,61120120.664044,105997.147449,22242.48845,170.0,22072.48845,hollow,1,0.001734243098629163,0.7643029707856271
STI,STI,3,60947154.974565,243408.22477099998,15330.773285,1280.994669,14049.778616,hollow,1,0.003993758607314504,8.355708124999515
CNODE,CNODE,2,60431995.696708,1297370.495569,15057.213821000001,990.0,14067.213821000001,hollow,1,0.021468271577198196,6.574921574264067
pool173mzegwuu0pjcrt60ekelzj5haqr8r5e4e0n45qh9jdz7xm5kh8,,1,59455188.520318,115534.984125,22863.453724,788.216729,22075.236995,hollow,1,0.0019432279503330057,3.447496334171949
pool1k0ucs0fau2vhr3p7qh7mnpfgrllwwda7petxjz2gzzaxkyp8f88,,1,57337904.033938,1050762.195956,19175.221286,341.046992,18834.174294,hollow,1,0.018325786644277395,1.7785817796480994
LINKTR_EE,ADAOZ,1,56787673.321636,72111.231777,14721.21595,483.81216,14237.40379,hollow,1,0.0012698395190198037,3.2864959093273813
pool1ft4xjlz9uw0r0ewcgtkgeakqrfc5azxmxwsm5pt94dv67mw4rgd,,1,56723580.507439,814620.171817,15700.957321,493.609573,15207.347748,hollow,1,0.014361226222490782,3.143818322082808
pool1ksrg8a964464las0ymw88slrwxkychjz9lh09lqltu5m7nw3pq0,,1,56456311.355906,251758.005047,16299.785965,410.398523,15889.387442,hollow,1,0.0044593420824094124,2.517815411081074
pool1gtphgrdj8sluxm9e7ca2spcwcq2p0dxj9zf5v0yv3gsagzq704n,,1,55608511.161104,3984330.673142,18374.210465,443.063157,17931.147308,hollow,1,0.07164965560036221,2.411331675143082
pool1prc9hna2mgamtspchrygc66s9n4tlkvh39e3t9zccef4kzc3ns2,,1,55395272.630156,3495396.976206,18395.223886,334.027015,18061.196871,hollow,1,0.06309919258892104,1.8158355509563382
pool17ahr5ygy48vpdfnatqn2z4wfu2te4quapk2yx3k50ce6kd7feg0,,1,55307726.745701,2971035.715872,20256.165844,569.7147,19686.451144,hollow,1,0.053718275739889,2.81254954361836
pool1mt8sdg37f2h3rypyuc77k7vxrjshtvjw04zdjlae9vdzyt9uu34,,1,53978035.404107,33610.541073,12839.502023,170.0,12669.502023,hollow,1,0.0006226706996906133,1.3240388894792887
TERA,TERA,3,53669177.399209,2316.699314,13150.823508000001,1097.751258,12053.072250000001,hollow,1,4.3166290714083957e-05,8.347395562963857
pool1qqqqdktl6pq46td0mwut0qn30g7nlue0sete9wxl0hwsq37wrw8,,1,53133063.413408,664888.391336,17507.729382,516.754588,16990.974794,hollow,1,0.012513646844767039,2.9515797093099025
pool1w7c2j0px43jmudhf48ezp7dy8j7904c9l3wc7809lhh2z026hch,,1,51835043.812894,1006497.789486,17585.909045,605.397726,16980.511319,hollow,1,0.01941732302029294,3.4425159623586583
ECO,ECO,1,51560368.811939,111040.981599,16598.564257,746.464106,15852.100151000002,hollow,1,0.0021536110807122088,4.49716068475741
pool106sjgd9m4shsvtc9ruk7femgndknefmct6eedskww37pzv8hz9n,,1,50643588.79581,3011.71143,13465.562189,568.866866,12896.695323,hollow,1,5.946876004666506e-05,4.224605389775011
pool1a23gmvalpdams9d42t7fur8vmknzjv7wd3nsvuvrc7dv66lnau0,,1,50614809.862938,382509.727215,13787.730952,676.193274,13111.537678,hollow,1,0.007557268875469737,4.904311495155145
ATLAS,ATLAS,2,49884162.724059,636320.0315640001,17252.218272,790.233536,16461.984736,hollow,1,0.012755952928064373,4.580474948444937
pool1dxwgzj66pual956mnv9delkelg873yvgr2dd8s279m0hxqvr475,,1,49762444.622803,1070637.021712,16295.090289,499.550903,15795.539386,hollow,1,0.02151496032454552,3.065652869301509
pool1pp7tn2w6ken4rpfcjwcdup3g4m5gcdhc9lgvrm3mnxz5stmrhq2,,1,49680350.508814,101080.863214,16247.672498,974.716133,15272.956365,hollow,1,0.0020346245986341584,5.999112384373714
pool1krznhwu3h5pu2stuslr53z5rme50t6384macsmylcnljwc7yjky,,1,48872055.407444,217922.962716,14100.095806,309.300958,13790.794848,hollow,1,0.004459050492130659,2.1936089105748025
AWP,STSH1,3,47571756.287102,62731.697617,10645.816267,1515.540814,9130.275453,hollow,1,0.001318675250045546,14.236022640160412
LIQWID,LQWD,2,47490111.738397,47451323.073982,14551.121351000002,14551.121351000002,0.0,private,1,0.999183226507685,100.0
pool193uec04jldvah7r52q86wl033g4v42x0aste8jfg9999qepaxfp,,1,47254466.167255,53067.919857,18792.810884,356.228109,18436.582775,hollow,1,0.0011230244284036253,1.8955552269367477
pool1tpr44v3pxth9j0ff246dvsryxpanxwx52f024ws3ecvn72sgv55,,1,46855405.003253,8571.657981,15344.531543,170.0,15174.531543,hollow,1,0.00018293851009088284,1.107886542665762
RAY,XRAY1,5,45607029.92153,6487.721849,13778.759107,1794.209761,11984.549346,hollow,1,0.00014225267157634615,13.021562733384972
SUNNY,SUNNY,2,45378969.623403996,73949.075605,14390.688741999998,954.2137749999999,13436.474966999998,hollow,1,0.0016295891294733388,6.6307721062375276
IBEX,IBEX,3,44244285.039406,12147.279745,13152.404616,2546.6954189999997,10605.709197,hollow,1,0.00027455025511613696,19.362964365481318
HRMS,HRMS,1,43439326.036351,105383.056605,10311.467882,539.429358,9772.038524000001,hollow,1,0.0024259827723112715,5.231353713874662
pool16pv24th2tzy8k70vk4ms35tff0fjxfm2dd2psk7cvs27wnjvlgh,,1,43054825.204433,20833.036194,17850.387675,340.0,17510.387675,hollow,1,0.0004838722743636872,1.9047205371129285
pool1du3r4a7xq60hg2x0wcz7lw5ya3qs74rk258c8kanp93rsqdqu45,,1,42580370.654271,225178.825311,14343.133974,340.0,14003.133974,hollow,1,0.005288324686962619,2.370472175860051
pool1qqq0c53vaf5ju0n3fvujmyxwca0yhp65930evw9lngmr5705csz,,1,42100749.477631,401187.719864,11288.818741,350.948819,10937.869922,hollow,1,0.009529229879319827,3.108817911349614
pool1v5u6wzakuc25q3zpx04t8gjz3rgu60wuxkv2mh5nga23xjkc86s,,1,41559232.678801,503825.611649,11909.054848,340.0,11569.054848,hollow,1,0.012123073001441555,2.8549704769988478
pool1qvudfuw9ar47up5fugs53s2g84q3c4v86z4es6uwsfzzs89rwha,,1,41317694.453782,223243.513711,14718.167444,1777.816744,12940.3507,hollow,1,0.0054030970668201336,12.079063176609964
KIWI,KIWI,3,40525711.037168995,947478.900368,13137.393553999998,1262.347871,11875.045682999998,hollow,2,0.023379698372201295,9.608815217502924
DNEWS,DNEWS,2,39547450.064619,115356.20550499999,10961.929858,1194.096493,9767.833364999999,hollow,1,0.002916906281353474,10.893122912372498
pool1ases3nklh6gyjf74r7dqm89exjfd520z9cefqru959wcccmrdlk,,1,38764340.221241,37970612.896897,13093.255725,13093.255725,0.0,private,1,0.9795242916604816,100.0
KTO,,2,38055317.842785,247254.77789099998,12217.793437,6129.287694,6088.505743000001,hollow,1,0.006497246427226402,50.1668957296188
4ADA,4ADA,2,37849766.096916,600069.5225180001,10338.624435,474.401263,9864.223172,hollow,1,0.015853982320035893,4.588630392588586
ADASTRONG_COM,ADBV,1,37795624.654258,1106274.082965,9430.719292,799.285965,8631.433326999999,hollow,1,0.029269898118759335,8.475344671514373
pool14wk2m2af7y4gk5uzlsmsunn7d9ppldvcxxa5an9r5ywek8330fg,,1,37722049.806889,1046625.9055049999,12573.691673,540.870381,12032.821291999999,hollow,1,0.02774573255862304,4.301603658386447
ZETIC,ZETE,1,37499996.872785,13932.028246,11585.115902,340.0,11245.115902,hollow,1,0.0003715207842086765,2.9348001597576077
pool1t6n7rysk6wzm9wqxda6zxpzmm3j6256fs3mp06dc26n6503hhj4,,1,36620087.236698,2258.823178,13778.816183,306.088162,13472.728021,hollow,1,6.168262689817874e-05,2.2214402016455144
NKR,NKR,2,36086536.475425996,90081.78683299999,10022.392807,746.8448900000001,9275.547917,hollow,1,0.0024962713419267426,7.451762312472693
pool1xlfty06hg6q23qvcaxwv3p9ke7ff9n34qpr8tpxt2zflyq20ceh,,1,35756125.21429,90387.891574,12207.555455,446.807999,11760.747456,hollow,1,0.0025278995146229186,3.660093952856019
KAIZN,KAIZN,4,35129625.672092,16754.128544,10333.982578,1558.173833,8775.808744999998,hollow,1,0.00047692305919758116,15.078154247300496
MUEN,MUEN,3,34153529.923088,22668.294557,8142.086818,5405.839875,2736.246943,hollow,1,0.0006637174724852113,66.39378817539894
pool1ewrm7y47s9hv6hxku9n5gfnsuspymp0qqpwgvgm9rvm37cek2h6,,1,33635162.172044,32551.910536,8455.415881,583.462476,7871.953405000001,hollow,1,0.0009677940712608084,6.900458643448718
COFFEEPOOL_JP,COFFE,2,33445907.420146998,4384.1718550000005,11899.798877,960.494972,10939.303904999999,hollow,1,0.00013108246099967024,8.071522736879615
pool1cmdq8atcy8x7lfhh09vdumveuh0ywsx0269ur774nvzkyhma37d,,1,33183522.180175,50627.812547,13780.857281,340.0,13440.857281,hollow,1,0.0015256913437973391,2.467190487987755
pool1lurfk0k0wwx54hlg8a7zp3jtstu57u59aeq7aketl55hknmmtu0,,1,32763623.338988,1825256.392279,8801.864287,256.318643,8545.545644,hollow,1,0.05570984544029307,2.9120949226469253
pool1c89d4drtwn0048mekkdkzllz559ahnntxelyw2mppxnmc36hjlx,,1,32585429.815221,1431554.160847,9435.319369,430.043662,9005.275707,hollow,1,0.043932339360406594,4.55780716244667
pool1yr0cv3dtmhcfgqa6yetvmf769ngk89e6tepecmjrmjl2jzcw2lm,,1,32099496.024267,206664.71928299998,9715.270887,170.0,9545.270887,hollow,1,0.006438254330434437,1.7498225420299593
WAFFLEPOOL_ORG,,1,31651822.424814,933712.8948100001,12252.791493,578.25583,11674.535663,hollow,1,0.029499498710633468,4.719380316969864
pool19f6guwy97mmnxg9dz65rxyj8hq07qxud886hamyu4fgfz7dj9gl,,1,30775843.829403,258697.987433,11588.627769,508.729417,11079.898352,hollow,1,0.00840587796282752,4.389902127677874
pool1gqgyta9sku3crjzfl9kj7kxsgfkt98y98yeu09kx22zscrezuj7,,1,30727747.703015,2099847.65276,8201.416557,322.596915,7878.819642,hollow,1,0.06833718087817947,3.9334292162572817
ELITE,ELITE,2,28245312.096628997,511549.84825299995,7520.372653,680.0,6840.372653,hollow,2,0.018110964626730112,9.042105110692047
pool1yc6f3cqsc7jfh07hcns64v5cp8720mve870pgxf2wkr3u8l7tse,,1,27976128.429571,387833.967422,5954.637258,274.123471,5680.513787,hollow,1,0.013863032134641486,4.603529302002698
pool1c3ecg6h4m73a2mftmdm9mz3gxklxmnzuwzl9e38lzd4y26qcm8a,,1,27877809.965187,548989.391897,7524.392378,519.609809,7004.782568999999,hollow,1,0.019692701563808708,6.905671353865698
pool1d3gckjrphwytzw2uavgkxskwe08msumzsfj4lxnpcnpks3zjml3,,1,27837940.698733,1000.829703,10020.91798,366.033268,9654.884712000001,hollow,1,3.595200211937915e-05,3.652691986208633
pool1vtpn0drn5t39frknedmqq2jkhsfstwketsnvdm7cjzz674s30v2,,1,27582192.550174,2892773.743444,8220.922521,458.213838,7762.708683000001,balanced,1,0.10487831009742374,5.573752055557172
pool1rvjj8cp3urh7de07pm0ceqha2x4lxws69lhd4429dm6djfjsy4l,,1,27562863.776598,12124.46785,10647.598706,443.075987,10204.522719,hollow,1,0.00043988418432391527,4.161276164083113
pool1pfprlfz0ywcnewjegazz05ghgcfkvu40v6edsz6yn8w362sdjr8,,1,26929288.983075,90165.012182,8457.749125,404.941993,8052.807132,hollow,1,0.0033482136211865276,4.7878222327858415
pool1j099ctc7kcc9fa78dz5qwsy2g0n96lrgletwxvxmyzh4zd7ck0j,,1,26533334.358051,13225.027656,9708.104614,526.425282,9181.679332,hollow,1,0.0004984306713033651,5.4225340880736415
pool1qqqyv9pn9typyqwcxqk5ewpxy5p27g5j2ms58hpp2c2kuzs5z77,,1,26516830.888242,106634.451016,10023.045859,416.326146,9606.719713,hollow,1,0.004021387452573885,4.153688927065699
pool1l6aeyn35nkqkn9lqqlwqnpraakdzuukjrqprcrj3sctk6hhe32k,,1,25738433.352599,496223.908813,6899.981172,304.599623,6595.381549,hollow,1,0.019279491568700804,4.414499335680216
pool1lfnlxfxxwvjadesxzm4c7grgs3elj70vfdnpjwjmg0ufsqnq52t,,1,25447644.272295,1235.308466,9081.425618,370.59499,8710.830628,hollow,1,4.854313636193381e-05,4.080801909178837
pool1pjmqlsyny06w0x60rfd3seul5xc9pluh3t08y55ylhks28jeh7c,,1,25106960.193893,79689.319621,4697.470444,4697.470444,0.0,hollow,1,0.0031739931479392545,100.0
pool1m06dl8dfcy6d0475fanf0mtnnp2tzhw8rarums042q3jux23q0j,,1,23984412.783094,9813.384077,7515.662618,7515.662618,0.0,hollow,1,0.00040915673715877693,100.0
pool13846y7q7tng3endxhet9qdcz5w0fjs09ytcye4dm5g54wmyqeqr,,1,23916237.835751,446732.489135,9093.449202,393.08623,8700.362971999999,hollow,1,0.018679045266358968,4.322740703423572
pool1qqvukkkfr3ux4qylfkrky23f6trl2l6xjluv36z90ax7gfa8yxt,,1,23226707.993186,50039.540087,7516.639755,397.413118,7119.226637,hollow,1,0.00215439657232872,5.28711140820131
pool1jhzf2mm6zdlhl6w89uhgx8nq8p6ykcc86qq58vjy0ejyxrrksfj,,1,22485077.539713,653252.858992,8771.678085,592.950343,8178.727741999999,hollow,1,0.029052728763698014,6.759827905836789
pool1xru6f3fflzwkptgm68pncrsncg9ngllv0jk8jnz40m7wusfhazk,,1,22201389.45419,43795.131716,7515.937486,411.759375,7104.178111,hollow,1,0.001972630217868399,5.478483233355621
pool1flkcdxj7cq6sfgl4fujx50p20ylqgj02kgwvfj4g5w24s6th8vz,,1,21869503.804928,2599.302529,6263.050954,932.305095,5330.745859000001,hollow,1,0.00011885512136833585,14.885797702229583
pool1lskcfz80qg2kr2p6776kl9emjn8ulkqsqse7um7skz4y2lwa0cu,,1,21511596.099941,13922.141,6889.622029,340.0,6549.622029,hollow,1,0.0006471923763963839,4.9349586750748005
pool1eaeynp2hs06v4x8q65jfm2xqcd3dc80rv220gmxvwg8m5sd6e7a,,1,20786043.309499,20069.694472,5324.00704,170.0,5154.00704,hollow,1,0.000965537027570243,3.1930836815722916
pool1xjqjwe0t7uw7wfdygvt99e5wjcuz6ex6rcx2p067aqxp6tsgwgm,,1,19560070.54991,20826.302752,7515.662604,2492.698781,5022.963823,hollow,1,0.0010647355641616447,33.16672011957177
pool1mn6relcs7dn2fqzfq5yjlwxa49d900p5sdpw62jlx45k2djgwe4,,1,19436767.618283,8656982.987669,5010.675123,170.0,4840.675123,balanced,1,0.4453921123966053,3.3927563816633413
pool18qddv82sx8p22uxzdrf0qx9lkewxadlr9ef45kpcf7dzz3n56qv,,1,19428323.63399,256812.307225,4699.979097,170.0,4529.979097,hollow,1,0.01321844910879006,3.6170373631770216
pool1tpy5yawzpetcverves0h6xdycxgrstehfvrkygydt9jcqxwpw3j,,1,19157785.839612,104868.16918900001,5952.207527,256.154892,5696.052635,hollow,1,0.0054739190670023636,4.303527570872615
pool1fuu0vcmzc28lqm09m4j3llg64ghf9j36tcsp9vcy3kpnz9pg9hn,,1,19149576.748323,190843.210293,6576.204277,6576.204277,0.0,hollow,1,0.009965923153351828,100.0
pool17taqml487n9t4r9a6ppvf9qv0qlw2lu4zcrzwfdsfcv6xp7uqym,,1,19080615.306906,50694.891496,3758.560467,299.463672,3459.096795,hollow,1,0.0026568792819617083,7.967509758836614
pool1zn9hjcmfddhcp2aj9xxuvz7z40rasyatkgavr8ryyz72qdfwtrj,,1,18815431.953441,1057250.371253,6581.658166,402.416582,6179.241584,hollow,1,0.056190597902252684,6.114212738650457
pool1w4g7j8u97pvu2q7gsdaupnng0a2vmyllygfewhc29m2j5cehysn,,1,18793722.635552,7566.919688,4070.985494,903.897824,3167.08767,hollow,1,0.0004026301672498716,22.20341549563871
pool126mkma8nv5axltmz7mmg8qz9e70nmhnf58hwx5772fhwgkhk6ag,,1,18569687.269729,22182.543244,5010.83017,480.124905,4530.7052650000005,hollow,1,0.0011945566407120074,9.58174371732898
pool18zf8txwv8lmtpq2src8wrhz0pjut5qft8h5tfxnctwc95r7jvvj,,1,18564706.865184,25094.707445,6263.658762,517.709763,5745.948999,hollow,1,0.0013517427249046562,8.265293220326935
pool1qvkdjemewy8phhrkdhscjcnh3947f5ae42rdfjkv6gkgkjtlfsg,,1,18498939.814856,31174.760734,5636.746963,5636.746963,0.0,hollow,1,0.0016852187771844304,100.0
pool1qku2yhky7sv4dfjfv42uyvauhehuqevk25aw952d7ulzqzx3jcu,,1,18410390.522641,312561.04004,6269.039924,200.4952,6068.544723999999,hollow,1,0.0169774258539282,3.1981803024165907
pool1fm57fshvdlrgs5pnpk78tnxha0me28equyy96vj0xm85gy5chv0,,1,18395130.813039,478429.169983,3763.593789,370.812344,3392.781445,hollow,1,0.02600846793891107,9.852613347481535
pool1swe9nsv8lzugakjkfv04dn38scmq48wzynmn0lxasupuzmqcgjm,,1,18303323.813597,129835.640211,4072.720053,202.782848,3869.937205,hollow,1,0.007093555330892902,4.979051969227014
pool1m62sl6rauje9cknrkhwl39tc4hujudkd7gp478dpz7tagmjr8wm,,1,17878252.318972,39741.727779,4347.801827,479.872284,3867.929543,hollow,1,0.0022229089885271937,11.037124116834775
pool1aqg6fvhcaulvss2ruvpx6ur9vj7pejvdcxv6xp0qlwuwx94evf0,,1,17844729.168207,25006.732093,3445.010934,402.100219,3042.910715,hollow,1,0.001401351169708597,11.671957700671843
pool130c3kgpkjctag540j7sxqfrlhsmpc6d8u0n7j6crm9ayy75mkpt,,1,17605250.544643,24854.251759,4697.289135,4697.289135,0.0,hollow,1,0.0014117522324362918,100.0
pool1zmfpd5r5vfwjmwm4cgy53exe58h7plnecny3t4948yw7zumzp4c,,1,17389514.521731,76030.315839,5011.257827,456.781446,4554.476381,hollow,1,0.004372193125000003,9.115105663470786
pool1u7mqtde27swkarngjsn5mmw3sy20zavlafgqkmg8qv2n2nwga0l,,1,17268471.481379,112418.185765,4385.836063,416.870885,3968.965178,hollow,1,0.006510025272718735,9.504935410532694
pool1lp9wmr8dkcceta5we999nvlfh9um06cd6sggtt5523eawf7mtg4,,1,16912484.822288,2833188.34865,5673.027945,225.030279,5447.997666,balanced,1,0.1675205257193374,3.9666696723807524
pool1vs689gkmqtrljtmcwd2690nzqm2yyq23wk2zzx5g0v0gs5ug64a,,1,15609859.48124,853467.776542,4396.466985,372.451736,4024.015249,hollow,1,0.054674917321818395,8.47161453209457
pool1cq25dmlt5974x8tqg3e4dlzvrxefcce2atpnwlfp7ad5ugec9fp,,1,15321164.395309,1675672.30314,5971.88835,508.95665,5462.9317,balanced,1,0.10936977503178895,8.522541282942774
pool154hq0j6u6ydz62mtlu7xaj78mhreyp0zsv2kq7f0qmne2fu4t7y,,1,15157083.744063,31310.426978,5950.592217,396.105922,5554.486295000001,hollow,1,0.002065728969153729,6.656579842059777
pool1fs2m5rmlx66crcwwrrsf2pcxjhvk7kzdurcqusd3v5gm65cufnj,,1,15153782.637699,122882.700553,7518.86474,340.0,7178.86474,hollow,1,0.008109044684810057,4.5219592552478876
pool10hex9l4wjgqarvhr94xgyh9frv5lhtajhrj4dah0kl65jtws30k,,1,14930515.998077,23328.311214,3758.078261,404.601679,3353.4765820000002,hollow,1,0.0015624584720986608,10.766185558156474
IOG,IOG,2,14841131.827964,5001561.661409,6001.334312999999,1011.528213,4989.8061,balanced,2,0.3370067538908955,16.855055230115127
pool1uk2f28awascuhrhuwrp7x6y87x8ch33vwx8jtmrysp7l5ngq78j,,1,14406092.180608,143248.099969,5325.519558,388.35954,4937.160018,hollow,1,0.009943577909478175,7.292425382545183
pool1grgycym8cf0xmgjjr7gx7udmkpu93hqaygysy5myx6ghx8dvl5r,,1,14257319.451037,101009.43500299999,3132.286572,423.768597,2708.5179749999998,hollow,1,0.007084742356365811,13.529049378435989
pool1850xvydng5mkjzkwqw6566y7e6hsrgakc3y87jrnqrkrwdjua2p,,1,14167051.218857,17.455182,2818.372492,2818.372492,0.0,hollow,1,1.2320970490151365e-06,100.0
pool1eqj3dzpkcklc2r0v8pt8adrhrshq8m4zsev072ga7a52uj5wv5c,,1,14069346.538328,501195.91997,3505.685574,371.656856,3134.028718,hollow,1,0.0356232550392182,10.601545636505506
pool1ld9hkah2dkzh73pvh9tf6xr0x28us34msv3zcv2sase5vhvq962,,1,13970108.453828,848386.1919219999,5958.586774,384.948694,5573.638080000001,hollow,1,0.060728676139198516,6.460402585386599
pool1ujcu3myfg9wwvdyh2ks653954lamtufy3lefjs73jrr327q53j4,,1,13752111.67477,101421.520817,1879.280163,401.571207,1477.708956,hollow,1,0.00737497798269561,21.368352356731606
pool1evg78egp8gfqae273kvmmdee2dnt6vty60dpwdespg4hujznh3a,,1,13730482.763843,102877.914493,3446.012343,395.908222,3050.104121,hollow,1,0.007492665499272342,11.488879974682089
pool18jqumjfevywycjj54m62g74ghds4mmuyqynpwfkaem0xktazlqw,,1,13461688.648874,2268.220624,5949.92045,452.198409,5497.722041,hollow,1,0.00016849450935635217,7.600074871589251
pool1r0sxz0hygfc0266lhdclve6j3cwcwlth6dya6uey65yxjnwm7qc,,1,13395388.767578,206309.766058,2193.755885,170.0,2023.755885,hollow,1,0.015401551208229888,7.749266960940824
pool1e98xlcgj80c3rdmm27v5hnvrdtut52e65uk0ema7ctfag596vr2,,1,13370680.117477,301373.732147,5329.705194,389.897052,4939.808142,hollow,1,0.022539895465232933,7.315546316500446
pool1jjry6f6q0swaq457ft9eclaxaskvrxnpj0v3w8edsyfryml3vj6,,1,13236295.724923,1255256.32008,5971.852104,452.637042,5519.215061999999,hollow,1,0.09483441184503319,7.579508569825761
pool15txd36fltfgc63qq0yxtpqt88eu76s0yhugn9a6q7f4zspq6k5f,,1,13179549.854763,939571.1954089999,5333.51765,272.754001,5060.7636489999995,hollow,1,0.0712900824203374,5.1139607834615495
pool1jt7d6ak3m8gnjyxtuxfswe258xzwda80ndl0a57vv5m2zv8h6at,,1,13000161.282902,5441.944883,5321.774615,484.471464,4837.303151,hollow,1,0.00041860595146287334,9.103569749730935
pool1jk25l2pejpdzq8vdjlxrr05th49v9tgd78fqrtxvuw3rumpfc6t,,1,12960587.108739,1144.767432,2811.456118,461.10135,2350.354768,hollow,1,8.832681902412523e-05,16.400801956248067
pool1xlphlhnjvfeh40vcqf9fdewztsj6kyxq6604kaccpv00umjfu0d,,1,12458223.085355,543077.611718,3135.624833,479.781242,2655.843591,hollow,1,0.043591899743423555,15.300977239071381
pool1qqq6qqa0hpzvumv5p87ynczfmdj557xuwlc3289ke42g72z7f74,,1,12430560.788237,672566.7303800001,6272.555498,438.925555,5833.629943,hollow,1,0.05410590413720094,6.997555543987631
pool1f776th42gqa5ammpj738evvnlga5jk4ll0gr4uupkrqnqpjsfyt,,1,12217469.596053,83650.681289,4070.98233,4070.98233,0.0,hollow,1,0.006846809041049249,100.0
pool1c60f68y8406zjmacluvcu8c0krgngp6h2qkkqhdz4mtl62ns0dq,,1,12109813.639873,14377.78113,1878.922242,1878.839507,0.0827350000001843,hollow,1,0.0011872834345410112,99.99559667781078
pool1ue4ngerz28nkpstsr5p53qvl5ulq3jtmllj4my0d0n28yyrn4l4,,1,12022987.261736,98011.556251,3132.13333,367.921333,2764.2119970000003,hollow,1,0.00815201364829926,11.746668938898587
pool1m4njkh73pdj90xxkgaz9dnh7gffweeupft8nfurlntg6cgqfmy8,,1,12007337.84044,556.288771,3757.831307,205.878313,3551.9529939999998,hollow,1,4.632906797428923e-05,5.478647022193218
pool170hmssk80z2ameg7jhj5m8psnkjejcc77vfpd0875yggxhhntd0,,1,11774641.830228,27368.487830000002,1879.0948,370.781896,1508.3129040000001,hollow,1,0.0023243584157047813,19.731941996752905
pool1c86ul4pnqvu7jzag8fjdy6dgrn6pt4ad4vmyq038hyg0wl2kaed,,1,11432594.673734,70.706735,4384.135118,420.882702,3963.2524160000003,hollow,1,6.184662101460339e-06,9.600130713854517
pool10tqeu6d03p6rnalqlvdshmpsljxaq2c0ww6draq6xm8lgyl2a3p,,1,11307643.441432,100017.56946299999,2192.915433,230.687463,1962.2279700000001,hollow,1,0.008845129401279898,10.51966982075592
pool1x5dfpgp987e4jhxvgczr3wv50nv2pwd873tlx3uthvcasm422q6,,1,11129493.626752,60561.528831999996,5011.412517,433.42825,4577.984267,hollow,1,0.005441534975717858,8.648824029746104
pool13fpvzhz7p0f4c960k44erfykflr7qdp86t6jnxlfamhqcmfha42,,1,11124272.233764,61166.813735,4384.134849,744.413485,3639.721364,hollow,1,0.005498500256884099,16.979712318150916
pool1crts5gmqr34gsrn6wvrhfs9yqp0ynu8t2t4r350xp80s6pc56ue,,1,11089868.892501,61437.150337,2818.646257,340.0,2478.646257,hollow,1,0.005539934775833461,12.062528213876538
pool1lhvpgr8lhsf6h03v9zqxm74pa63rdxx4yuvkqfw4tv9fua8t37a,,1,11011326.381267,2911.154843,3131.537023,423.746111,2707.790912,hollow,1,0.0002643782176825307,13.53156957391016
pool1qetkrhjs9fll3nthuxk6zp0ssanf3rszg5wh8x79mg67gsg7vjv,,1,10824613.820362,79226.042925,2818.91975,414.367592,2404.552158,hollow,1,0.007319064147671413,14.699517146594898
pool1q9049mstrv5czwyylpf3xen08pmvsfsgtru4wf3zvc9uxat2sm0,,1,10563713.914204,50022.570203,1877.183491,401.48734,1475.696151,hollow,1,0.0047353204194350166,21.387751486463504
pool1k7zrx5rw6cvef9m5qtp9sy4e53u93kwqx73ykz7md9gmwgf56yk,,1,10555505.92073,1181.597883,3131.524985,367.91525,2763.609735,hollow,1,0.00011194137844965394,11.748756652503605
pool1qkd5y9azf2xx0gmrj68lrkcn59ldjmnpzd3y2rq3tvjp2vqljan,,1,10516763.793146,186316.374251,3446.667368,371.066674,3075.6006939999997,hollow,1,0.017716131874372456,10.765955468900357
pool138s0uwydwtrhkaqj4uwkh37yqw098v9v6nf5q08k9nugumlf8mw,,1,10373371.539456,1070.900539,2818.372422,340.0,2478.372422,hollow,1,0.0001032355329149003,12.063700217401575
pool10eltx2wej46e62ulmwzm35xfu0azu47yvpjper7gwhncqe74vg6,,1,10206821.553986,35452.819928,2505.514143,402.79991,2102.7142329999997,hollow,1,0.0034734436906222635,16.076537070259917
pool125kh7e0y9lwya4sz5etmsk7hvga9jtfpuhw00vz9zvk6sh8xh5r,,1,10006033.851822,88076.35502,2818.482173,170.0,2648.482173,hollow,1,0.008802324309942463,6.031615229946675
pool1ty7lh3nvtwxlcpqg2x30fkr3j9ys6nprztr9m4zp3aajxyjk2vz,,1,9930816.420128,264424.132682,3132.711634,367.927116,2764.784518,hollow,1,0.026626625797458028,11.744685083900066
pool1u0mc9ywfxl529atxyajuz3pgqnwgnk6w7lejjmjg22ucvn7z9vh,,1,9896492.940267,25463.61998,2818.645622,439.145825,2379.499797,hollow,1,0.0025729943055274903,15.580029698391082
pool1qmsck80ldwm23t4t5elxc857r82ph3urkt7tpyq65ntn2dv2ust,,1,9724194.603496,23830.41825,2505.414884,340.0,2165.414884,hollow,1,0.0024506315660767003,13.57060669557354
pool1u4sxd6x0qsy7evljt24vtnyhpxd098n609sfcmly6c096mr3jgq,,1,9584003.589152,23893.590637,3131.585611,395.552554,2736.033057,hollow,1,0.0024930698757296816,12.631063082247634
pool1zj4h7kc6v53q9r8x3fwzfuayf2frwme8u5k86gu0uzeeuvqxgul,,1,9565537.319505,10723.67888,1546.733065,376.201992,1170.5310729999999,hollow,1,0.0011210743862901922,24.322360497284645
pool1heks0vmxkfka2amg9c8yn8qdsxvgmzelfx6jhpfkj8ht5mn0r2m,,1,9297203.20154,26288.304930000002,2505.463313,402.798436,2102.664877,hollow,1,0.0028275497867622785,16.07680439422183
pool1mwp8ewtzmun0426v9z0h9um2amswgfzn78rckfl2fc3t5sy0m5g,,1,9227557.487201,51101.565855,2818.482171,364.784822,2453.697349,hollow,1,0.0055379298287634585,12.942598174058132
pool1zytydvyy3qztrs8l2xyggvkfcjctp23m2hc3aj7sudnzgny79cg,,1,9193441.904177,25093.768642,1565.883895,352.258839,1213.6250559999999,hollow,1,0.0027295292561318905,22.49584660298202
pool1a6ysvnx24xsjh2f6ehgmx7yu9q45fd7lsk88v2swxkek7pkxtgp,,1,9019187.505828,18867.467687,2192.195419,1914.366106,277.8293130000002,hollow,1,0.002091925428405636,87.32643492491486
pool1lxqewhueg4hzyad766zhdwsjet5348ww8mzejf6fprxaw8wfq5s,,1,8815030.609964,186183.267469,1879.640291,370.792806,1508.847485,hollow,1,0.021121114118259468,19.726796013865613
pool1c3kxs76qj58284f923cx7ed8vw25en3nfghyurv0z9m2g3x9c4j,,1,8636629.459205,18923.090139,2192.07593,423.343417,1768.732513,hollow,1,0.0021910272089804192,19.312443114139754
pool1qgmwcxs8d8qmr0vtvsqd9u8gugrventh5dcqukmu79e2sgfuu8t,,1,8624050.556559,102043.987795,3446.004091,333.800205,3112.203886,hollow,1,0.011832489515891194,9.68658760074583
pool10scv5quxduhrcc26wpurhk743dngspe8dc3zpkkam0svyx6ejx3,,1,8616775.679148,980.572761,4070.983907,1086.196781,2984.7871259999997,hollow,1,0.00011379810703125511,26.681431462607847
pool1dpu6kslgxlg3ccrwxldl8e6r7ylnq0yalafmucp0yc7k6qegtt0,,1,8503363.758339,31463.413636,4384.667164,289.279338,4095.3878260000006,hollow,1,0.0037001138055683847,6.597521024517153
pool1mkjtce8r8yeku0mmc9vpwl0scuwuwc8lz89ckpj3k0kwgvlunv5,,1,8495354.222182,16730.877588,2818.480101,463.924005,2354.5560960000003,hollow,1,0.0019694149473266738,16.460077359971397
pool1522rtve5zlgnlh3zm5a4mcy3u7gpndg3kkac3xyzxmp6x6weca3,,1,8395702.121922,8983.410084,1878.91548,724.72887,1154.1866099999997,hollow,1,0.0010700010497684805,38.57165890186822
pool1rcd7qslz3xnpnk9u6tcwegy5r2574uf8suqu24ptg637jha3sr5,,1,8268783.60197,5573.891456,2818.37342,389.567468,2428.8059519999997,hollow,1,0.0006740884420620278,13.822422012481228
pool16rahfu936wdfq34wf6t8rqxvdjxayra5f7y80xq0udnqglrqel9,,1,8108661.732018,32784.278808,1878.95152,170.0,1708.95152,hollow,1,0.004043118321059989,9.047599056733514
pool1a3kdettzvvlqvkl9m9hwe63ggeq5fgvz0twqew5c62dzx99vsed,,1,7894633.251131,131330.540346,2505.462912,361.654629,2143.808283,hollow,1,0.016635420059213687,14.43464308602785
pool1ea34czsr90yc63fmv4gj4tetp7ds7c4jhpj6vqg4yw40wvygdl3,,1,7832964.893466,10042.772904,2818.481974,249.454459,2569.0275149999998,hollow,1,0.001282116419591941,8.850667178331225
pool1cc76kmtcpf6vht32ya5ke9er74dnpy4jh5qpy4klqwp87ygdsu6,,1,7758082.239702,510659.28305,1882.365692,384.728605,1497.637087,hollow,1,0.06582287571491575,20.4385686923155
pool1svszcjg5xaxt5mq7ue2llm26ndt74dslvev04g6kwdmvyf0t657,,1,7642583.005382,100696.208161,3132.731717,367.927317,2764.8044,hollow,1,0.013175677397299907,11.74461620838501
pool12ktz62g9d32nq0cdk9jyyqg6kquj7lnmx776at5h598supql0t2,,1,7636040.866009,14041.360861,4697.470276,2688.735138,2008.735138,hollow,1,0.0018388273592803283,57.237938294939404
pool12qtv7kyrx8g0d5890alk6dkc6n6nyfx80synspvqafjrqd3ergz,,1,7629367.047515,45681.711634,2818.809922,340.0,2478.809922,hollow,1,0.005987614876764806,12.061827842537303
pool1enul577he3e0s500lv8z98m6k936uecz2rpckxxmmk8c7k0n2rd,,1,7454212.876713,201635.421652,939.81817,350.136927,589.681243,hollow,1,0.027049860929235076,37.25581587766067
pool16tcjctesjnks0p8sfrlf8f3d3vrp2fdn2msy80sgg3cdjtayu3z,,1,7423733.698518,9.773409,1878.914606,355.389146,1523.52546,hollow,1,1.3165085652184782e-06,18.914598080462202
pool1dhf4dt395f0c0ujnscazvzvw73ynzgwvtf5k4y9c907hwjdyaq4,,1,7368977.64869,53206.431754,2192.152685,340.0,1852.152685,hollow,1,0.0072203274715399125,15.509868556441358
pool1dmqzwuql5mylffvn7ln3pr9j7kh4gdsssrmma5wgx56f6rtyf42,,1,7324465.103635,1262110.09309,2513.782879,240.313486,2273.469393,balanced,1,0.17231430216844607,9.559834622455474
pool1jvknf3dwtnqln5hcjrh5m7s979revuj5dlxr0337nwmm6p7250q,,1,7211308.471546,2205.327876,3131.526091,3131.526091,0.0,hollow,1,0.000305815218514319,100.0
pool1tp7fzx8w3lrwwuwff9x7nlqr4r5n0awpq0krwnahvj387n7y22h,,1,7191572.952966,1904.62948,2505.219895,2503.059675,2.1602200000002085,hollow,1,0.00026484184926671417,99.91377124202504
pool10jn0wjlh9y3w2ygq84u2llvlnxfz3lc4g0ssqlmpp3w3y2d2lw5,,1,7179657.030765,100566.854793,2506.184516,448.309226,2057.87529,hollow,1,0.014007194823104873,17.888117300936994
pool1q9kwa675j2z53jecrs6pn3fqsc9ypxrsypu5dgu6hammqkagy22,,1,7156579.267014,15734.303636,1878.988053,355.389881,1523.598172,hollow,1,0.0021985788250152307,18.913897852228654
pool1a3ekt9me035qgju0en2w39vjns9ggtewnc9fugsmpgczvgtl6u9,,1,7148611.190435,258080.602818,2192.068818,358.520688,1833.5481300000001,hollow,1,0.03610220166447401,16.355357325282657
pool1axngzl8clfn6pnjaf4w5r0q4tgcwktv0zcuxnn32hl995pthddr,,1,7070382.629022,7771.523947,939.457827,939.457827,0.0,hollow,1,0.0010991659652336218,100.0
pool16qr7dz5q4vwf3n87t4lmr0d2zlr5knexpdzkuk4trc8dwed7aw3,,1,6952215.950097,2152.029092,1252.610019,191.6522,1060.957819,hollow,1,0.0003095457775545615,15.300228889515214
pool1cspe7naf0mtntwyysqxk6czah3jlh6v4cja8pdfju932yxsehnm,,1,6897876.843765,55919.485874,2192.49178,340.0,1852.4917799999998,hollow,1,0.008106767798347356,15.507469770308557
pool1qqqqzyqf8mlm70883zht60n4q6uqxg4a8x266sewv8ad2grkztl,,1,6858581.819363,100274.481864,2819.417934,439.176717,2380.2412170000002,hollow,1,0.014620293889460829,15.576857609645892
pool1h59405hmvnxz2kyjpll3f65lnqhm7we3u96cws9vzzxzzws9gjc,,1,6791911.157428,6970.423644,1878.921939,416.946097,1461.975842,hollow,1,0.0010262831009467445,22.190708849879474
pool1qvhss6kxmtl27nr4ugvypayhvt4a4vzll8p9csdg2v8q7d22llu,,1,6789917.968288,50025.0,1879.278402,370.785568,1508.492834,hollow,1,0.007367541144626411,19.73020961691444
pool1lqpymyzg9glc88r7urptuv0d8t2tu9ty7xtshvxmgpu0j4lp8p3,,1,6740401.470679,366503.554088,1879.872637,187.098726,1692.773911,hollow,1,0.05437414309552691,9.952734154297922
pool1qqqqrwzy7njvjq9wph7usj5gghm3py9c97688ek8pgc7uem9cfz,,1,6688585.229705,150000.0,1879.990892,401.599636,1478.391256,hollow,1,0.022426267267078803,21.361786256994268
pool1dmnyhw9uthknzcq4q6pwdc4vtfxz5zzrvd9eg432u60lzl959tw,,1,6664162.798243,54521.120333,626.339103,626.339103,0.0,hollow,1,0.00818124076251175,100.0
pool18v9r8afalh50l4lstct2awdc3zspnvurcs7t45nv29uc2mnxc6c,,1,6613693.762571,338475.635403,1878.914415,340.0,1538.914415,hollow,1,0.0511780024225708,18.09555545934752
pool1djg8jsygtculv3q2qdrxtnpxfq003pdxcvlw2pvfupq7jm5xpgp,,1,6531370.926413,199114.364058,1252.658665,358.253173,894.4054919999999,hollow,1,0.030485845361006427,28.599424808193863
pool1zmhvvzlqp0xrhhqjhxyvfuct83wk4w85jckfkypz4fskcjzze2x,,1,6513285.484453,10104.137583,1565.770975,1565.770975,0.0,hollow,1,0.0015513119465004638,100.0
pool106p2jjwuwagq2as7cdzx4y6cyc2pdj7a3h3vv5cvkvnskegff3w,,1,6446000.204538,5312.402472,3444.68997,340.0,3104.68997,hollow,1,0.0008241393582736866,9.870264173585412
pool1ev8fwfccn8gr0zcz3uyps0t0mcrefc6s95wjc6aed3ngc86y5rk,,1,6404176.670981,86642.900778,1565.950668,351.033556,1214.917112,hollow,1,0.01352912407469982,22.416642054780233
pool1q80jjs53w0fx836n8g38gtdwr8ck5zre3da90peuxn84sj3cu0r,,1,6351777.678605,12479.831501,1878.832479,340.0,1538.832479,hollow,1,0.0019647777571051364,18.09634460763439
pool1hwlghkwnjsjk8370qt3dvp23d7urwm36f95fmxcz3np2kghknj9,,1,6351661.920426,3713.96627,1252.612224,340.0,912.612224,hollow,1,0.0005847235442516921,27.14327654525588
pool140x77a7cz2j689lmxf836qpjtc3y83rka28v6gpswxdw2mag62e,,1,6333512.781553,300865.730752,4074.807638,451.670748,3623.13689,hollow,1,0.04750376941344494,11.084467982927638
pool1k0xa8wlsntmjhtw2shj3tspqd4kjyquw9tuyx5s7zz5jsyw4y2p,,1,6268605.958986,3141279.471164,1566.363899,170.0,1396.363899,balanced,1,0.5011129255398482,10.85316126785938
pool1hkr5zcthjvcn3ffncc4jqk5ctxxfrk37h7uddqnvxd4cu872nrt,,1,6178045.499717,8413.703434,2818.373481,2818.373481,0.0,hollow,1,0.0013618713935314023,100.0
pool10p3g22454ly7eaurlur5wc9d9ual2fnfwy7a6e7k09z3yf929k9,,1,6128231.984335,371298.311641,1565.777615,375.547551,1190.2300639999999,hollow,1,0.06058816190217889,23.984731126712397
pool1ar6nsa2uzng70uf8fdrttu5jhgxzgu2f4za8h845zr435nfcruw,,1,6063395.651267,33391.586725,1879.097275,195.636459,1683.460816,hollow,1,0.005507076998681842,10.41119380049125
pool107rsdzswa5s3y8wk5z62tgh5lhm790dsyqjp4lq66fht7qnaq9d,,1,6055113.48739,10489.6393,1565.769012,346.128845,1219.640167,hollow,1,0.0017323604787664287,22.10599662832004
pool1fxmancs3dmc9l0s7u7zrj8334m9nvzam5t5hnuuf4c7cjr6867m,,1,5990667.510328,177728.796015,2819.453996,364.79454,2454.6594560000003,hollow,1,0.02966761144873971,12.938481724388454
pool1d9g45764jtjzagrmy5ndtrx4pua7l9sr4nh08l3mqs43xe6wnh9,,1,5964079.927868,168257.6096,1252.653844,353.689808,898.9640359999999,hollow,1,0.02821183009533335,28.235239104092035
pool1gnnwyf9vwcgtm3us0w0duuy43r9k7yhnchvyx0xqv9766ysw2a9,,1,5934399.713369,14627.05159,2505.219881,170.0,2335.219881,hollow,1,0.0024647904247245456,6.785831506819341
pool1j6zqawj6f58lp4p00t26eqe58gxx4pa3cudlzpkv23y92nlxjzd,,1,5887476.127856,29830.913234,1879.097055,253.731106,1625.365949,hollow,1,0.005066842325331569,13.502820693846493
pool12eht6dqxpzqj87xuextrpufz2gxmt4reuesuw26r2utzw0kw906,,1,5864731.437221,100152.419289,939.602949,200.0,739.602949,hollow,1,0.017077068295638303,21.28558666326621
pool16jefdagcsgzyek9jytzfezx5ajvfkytjgghaps64hzz6uzkpc0e,,1,5857041.523507,98362.44233,2192.17319,358.521732,1833.651458,hollow,1,0.01679387826349298,16.354626251039956
pool1qu48wpwwarmkewhlwge9xs87sgt8gdnqq26nnre2v6c8up4fxwr,,1,5771858.124098,197846.649092,1879.600327,370.792007,1508.80832,hollow,1,0.03427780878153837,19.72717293531307
pool15k0zeppza4qzgf6z7wmwsgvl5rz9f6489zxhrxqa8dj6jzju6ct,,1,5761777.168132,41399.700652,2192.237534,358.522375,1833.7151589999999,hollow,1,0.007185231126427267,16.354175559882556
pool1q8a7ym63gurl72wr32je0tv0lp4p2uh8vzzc6rn6un7ryslvqmu,,1,5736528.487618,53618.607508999994,2504.400615,383.288012,2121.112603,hollow,1,0.009346873745111348,15.304580653123661
pool1wz27a9pvd2jat98s375lxaaj7qxy405km4vzp83wn5vtwp59kvh,,1,5681022.287644,841.21294,1252.535661,500.0,752.5356609999999,hollow,1,0.0001480742192878921,39.91902311194955
pool1pnzwgsgzd6t4788sfr7dxjyusepyq9xaxnpyfcngewqf29t9ayd,,1,5679409.013689,95307.75457299998,2505.364805,360.570966,2144.793839,hollow,1,0.01678128029576335,14.391954627940898
pool1ztk6dcj2nc3plnujf3ek6jqngtx8hcryufz56lyumemlcy2xxn0,,1,5654990.955643,20.72464,1565.761743,1553.504126,12.257616999999982,hollow,1,3.664840520977192e-06,99.21714673035028
pool10p6wd9k0fwk2zqkqnqr8efyr7gms627ujk9dxgk6majskhawr6r,,1,5640424.688826,559400.6389049999,3451.398074,371.113981,3080.284093,hollow,1,0.09917704246866449,10.752569626658486
pool1tj3u8pz6732uy2ut3s90e0j880jyu9j0ve9vtu9zj5xzglhdlqy,,1,5590748.712718,3171.646712,1878.914913,340.0,1538.914913,hollow,1,0.0005673026771503869,18.09555066318216
pool18xjkr4xpscwxsatewj9lqc6z74vw90qycjd0wrypeqej673j5u8,,1,5553797.211184,2471.12682,2192.084494,395.562535,1796.5219590000002,hollow,1,0.0004449436531502717,18.045040512019604
pool1fuzqy5r9x98826zv6wp40tr27uplemmstkd57cuw8jh5v5m90vn,,1,5549321.896222,1239248.669454,2508.003629,350.840018,2157.163611,balanced,1,0.22331533340995866,13.98881620198804
pool1hjpax8lf2hmct63xxrspe9zzmmywcrzw89yg3nacu0axzy0latu,,1,5428673.313024,94897.842768,2192.144228,377.042885,1815.101343,hollow,1,0.017480853478570788,17.199729843688
pool1py6q7y3f7jz60mt5jhsrdx6lqtuvc02chqgvwzjzayctqhgzzge,,1,5414432.846477,7776.430784,2505.220863,2505.020341,0.2005220000000918,hollow,1,0.0014362410624521602,99.9919958354586
pool1hnnfvsq3xlln6vz7d2xmk6kqekd5z4ctmfpdad8g8kr0yk8kdfd,,1,5387706.712143,2184.248264,2119.263755,208.985275,1910.27848,hollow,1,0.00040541335686982837,9.861220648300097
pool18gysxqfwz4j8rm3vlh6677vs9n23prvfr7gwe88mhn5uudgx9ng,,1,5355332.002557,33286.052146,939.530319,184.998146,754.532173,hollow,1,0.006215497401488269,19.69049239378511
pool1qqqq4md2rfdt75qvh3x9cgmkrgkl74ctcj3fnxpu3ylcudl22ex,,1,5225568.303839,10015.018444,1878.987466,370.779749,1508.207717,hollow,1,0.001916541486337935,19.732954887097687
pool1pgmuramw9waw9ckxsvpxmcn9p6fd4xl5jmavu8jje0x5vuc00l0,,1,5220231.989153,2187.420628,2505.229657,404.95689,2100.272767,hollow,1,0.0004190274747454119,16.16446176375438
pool1y49e700dnx8lpvznmysgzw203mjq6l7um85ka4ys6x0zcwgs77w,,1,5200187.306461,21656.940979,626.353632,348.590609,277.763023,hollow,1,0.004164646329583594,55.653961466930554
pool1uq8l234306m76unyz8kuwnkvmtvazaks6vuvyx3a3khngavvcw0,,1,5104093.40669,1501687.998621,1572.408269,510.724083,1061.684186,balanced,1,0.29421248377874876,32.48037377244294
pool12wpfng6cu7dz38yduaul3ngfm44xhv5xmech68m5fwe4wu77udd,,1,5099342.229122,50900.778642,626.425538,208.528511,417.897027,hollow,1,0.009981832235402653,33.288635017303534
pool1pj5jnehwjtt4esfl0325hr338n98v3kcww3sggce59ugyf2f883,,1,5086290.190095,5898.239163,1878.915654,1878.915654,0.0,hollow,1,0.001159634810944563,100.0
pool1h6q8jj55dn6727yydlypu0rz4sflf2enxhs0thqydmddgu3shl5,,1,5048768.097276,424347.29079,1254.207422,202.526223,1051.6811989999999,hollow,1,0.0840496696647547,16.147745536144658
pool1qqlf3epa7m8780p2jx5689u2ql06tw026l5377tptk2zswrc645,,1,5047427.709547,8235.70497,1565.762402,376.772872,1188.98953,hollow,1,0.001631663778843728,24.063221311147565
pool1wun8t7nt4daw2zgv0vj7cmwru97vsw0fccucjzuvs7y0qlc8xyv,,1,5025101.020951,9063.721658,1565.762438,401.288122,1164.474316,hollow,1,0.0018036894423039264,25.628927624076773
pool1ytszp582dm9u5un6mevt9czgcnuqhflwfr9ly4ukpeqcughryqh,,1,4991087.931516,913956.044753,1255.932191,358.318644,897.6135470000002,balanced,1,0.1831176002694454,28.530094742989192
pool1l3wdq3cec23jadkt2cx384vtgd75ncau33smrptwj87n2wedc0d,,1,4984197.597314,47143.149416,4697.305618,4697.305618,0.0,hollow,1,0.009458523362196875,100.0
pool16cerhwlk8nq7rpuerr4g08tpgeq7awnhgxzkyalc8n8xjwzxqm3,,1,4846557.321252,9042.550292,1252.614831,1252.614831,0.0,hollow,1,0.00186576773833845,100.0
pool1mcwcfl96ew79rmj4zxehr33p55e4e62dt4whyr2vqesswp9mmvz,,1,4808823.50575,4423.126912,1565.768407,340.0,1225.768407,hollow,1,0.0009197939801099343,21.714577869880344
pool1r3ax7pd3cgad5kttench60ttr23kvfpx3vzvd6c3azppgw7q93t,,1,4785153.382953,28257.732759,1878.98756,1861.897684,17.089876000000004,hollow,1,0.005905292996389108,99.09047423390072
pool10fxpa6wkv0wc6wcmahcnz4wvvfx9m7547sevxrge3nfuv7yh8m0,,1,4658255.061447,31394.231679,2818.699909,340.0,2478.699909,hollow,1,0.006739483189494559,12.06229861200879
pool1rpjjz68kmmetyxztmrstrwgz8lxf6v0d7vqgw98r5x8rc50jrdf,,1,4618821.763231,124104.532548,2506.223109,383.324462,2122.898647,hollow,1,0.02686930540077504,15.29490573378956
pool19ae6xhzsscypyha0sszv90xwjsh20hxecxjpcqynshfawvwxqnn,,1,4566458.550187,1367705.176142,2198.855213,373.459394,1825.3958189999998,balanced,1,0.2995111334331484,16.98426489347937
pool1fh4sh2telea0tfdy39h0drx6uq566yt9gf24edpz7335sclx39z,,1,4432441.637613,103248.38099,1253.087574,358.261751,894.8258229999999,hollow,1,0.023293793676571067,28.590320296321124
pool1mg37s4w4uzsmw27nsnz2mwfll8sdawngvy3n657t7nd0yjcd77e,,1,4418819.057816,5779.476311,313.158586,313.158586,0.0,hollow,1,0.0013079232789080313,100.0
pool1etfxpqw7456eh337p7x5jsvxxa67fsduvnmucevrqweckex3nhl,,1,4345472.444733,36568.811643,1252.769996,170.0,1082.769996,hollow,1,0.008415382241653337,13.569929080581206
pool1nffpy6r7l4ueeedzvvzsta2vty9g6mtet6huuhfzyvndkwd35dl,,1,4321230.842323,1356.775253,1565.768522,352.257685,1213.510837,hollow,1,0.0003139788876149526,22.497430498222773
pool15f9qklmaajysmwx9n3rkgc5s2g3rfffz4x8spnedtzdgq43tpe2,,1,4299754.875509,7.217583,1565.762259,197.915245,1367.8470140000002,hollow,1,1.6786033643709958e-06,12.640184923501849
pool165zu45p489lpuypt4fsuc5g8l9g9ha4dddlls84jlsp3k4vsw9p,,1,4273701.755099,4336.137004,1565.774636,401.288732,1164.4859040000001,hollow,1,0.0010146091731428164,25.628766923006918
pool1fyp482ntshhm9zfz4nv7pmsaeakscf5mnuzcxuvtqf6t56fc7l0,,1,4254666.323014,14045.674069,626.304313,178.669782,447.634531,hollow,1,0.003301239862930088,28.527630784493734
pool1vce30junxx06g2ha8ww02cqgy644yj69ehhg2x95qe7323zfznp,,1,4240748.032625,1210.047766,2192.068833,340.0,1852.0688329999998,hollow,1,0.0002853382838807773,15.510461846888548
pool18j287g2sccele52hhxc0csk2ghfghwndqm9yahdqnhjks840wtq,,1,4232770.585795,34344.379104,313.182848,313.182848,0.0,hollow,1,0.008113924061761885,100.0
pool1drv9qkh2tgqqucc0jp8cwswpmmkfzdd898ja7ac0uwm9j5d44tq,,1,4165175.460268,1053364.591725,1570.48204,170.0,1400.48204,balanced,1,0.2528980115659337,10.824701949472788
pool19m547w9wkcqm5hcstz67fly4ucz0zsp3dqv4n956xyusy4dlpue,,1,4155914.995469,773.737944,939.457672,345.994577,593.4630950000001,hollow,1,0.00018617751923308593,36.82918212413087
pool1lnk67xp7jsc2e3yyun3fpaqvkx0f3c8q0ml29ge85udeghn2gvn,,1,4142895.048087,533016.152953,941.043264,340.0,601.043264,balanced,1,0.12865789424212487,36.130113567233394
pool1les50pm26wpf8gym7cda470xgfswukzhyykvhyfsfl4dcu2ezj4,,1,4031909.569006,26386.333033,1878.922241,386.167667,1492.754574,hollow,1,0.006544376202243323,20.55261567367864
pool1t9m69j5thv2ke9jt9hhsgxlag44z7erp2s2ukcpruwhwqarc9np,,1,4029249.492393,117605.61086,939.815198,193.094456,746.720742,hollow,1,0.029187969392819403,20.54600270467216
pool1j6dh3ynys827j38976q0q3s3c9hpzgx40kjcq4472h6m7d3t0hm,,1,4015591.469993,195731.424969,2192.901862,395.587056,1797.314806,hollow,1,0.048742863020709924,18.039432719493036
pool1apupv5qtfp2aa2xlrzzjzx0uj686g3n695a329nq8j5jvvzumz0,,1,3959495.724125,11169.884816,939.494,177.69494,761.79906,hollow,1,0.0028210372214679956,18.913898332506644
pool1pqm2cev326p2mrruzw9xru65uvt3r7f0rdf5gtx54zdskxqhmur,,1,3907992.13965,14694.375968,939.493745,369.974687,569.519058,hollow,1,0.0037600832967171808,39.38021822593401
pool19q034g07ka2ltwc3wwjeu79w29nlafc0w2ppne5ppu5wud60rgq,,1,3889454.602837,61360.640466,939.638335,170.0,769.638335,hollow,1,0.015776155459236635,18.09206730587466
pool1gdgjzmp96kk0d0sj482655wqlq8jtc4t9xw8xzfwfx4tjyq73hw,,1,3852805.693276,251861.35597099998,2507.511856,383.350237,2124.161619,hollow,1,0.0653708948807239,15.288072759565049
pool1hezakp5r240dy4fcsm7mfd3qqahcvyrhj8hl770yxmxxzdwvcre,,1,3843434.623049,16920.044577,626.306188,597.675569,28.630619000000024,hollow,1,0.004402324024332516,95.42865461837015
pool1y9rdlv5tksudwrx47afjx47grd4tyh24zccffjtp32u0cfpegvk,,1,3831816.545417,617.95897,313.152609,313.152609,0.0,hollow,1,0.00016127049995102264,100.0
pool1jpz5m45ff4r6tnq7n5tw63fkhpmw3cyv8sn569w24x8lj3kl68c,,1,3826704.482507,16628.937181,939.493851,177.694939,761.798912,hollow,1,0.004345498132143676,18.913901225735643
pool1nhls8e9swnyshldgjknku4npreax075nw0ltrkmrarh4w3skxt9,,1,3784685.672505,101655.611058,939.814354,354.995359,584.818995,hollow,1,0.0268597235951477,37.77292371510214
pool1peayemzlkmcwn64c455mx8sxdaztq0xuv9hdxlp0kcsxz57up3z,,1,3774090.655904,51192.268011,939.638322,345.996383,593.6419390000001,hollow,1,0.013564133106054926,36.82229373782394
pool1hqwxta8p0j8ffkyle5mf6yg80tucqzh8q9mszws60xe5ja06nwa,,1,3733178.21281,1664133.892293,626.657288,170.0,456.657288,balanced,1,0.4457686714721261,27.12806557194305
pool10pd44d65586rldtdzuu88e7mn4sxjctvdksmt05nnqfzqu7g7hd,,1,3714380.097679,1371.586966,939.461109,345.994611,593.466498,hollow,1,0.00036926403058670863,36.8290510043881
pool1gntlh2yq89tpsd7kgaeuremj3s60rscqahyl52qzv0x87mt22rq,,1,3697357.661536,25519.711251,626.329225,340.0,286.32922499999995,hollow,1,0.006902148395456635,54.284549790886736
pool1h3aejp7fln74mwaraqjn65ve3j5zwqr7wk0pasct87wpkv0aspm,,1,3680881.976266,1005664.616472,942.173457,358.065204,584.108253,balanced,1,0.2732129481348319,38.00417018116018
pool1e556526sqwugxwnmeumt9lhj5jukklg8vv3ynk75xt9vs7adr5y,,1,3631573.936111,500178.711331,1568.414911,509.615734,1058.799177,balanced,1,0.13773055984277555,32.49240557621809
pool1429egqgv60r3nxlp6cvs08qcffv7duddjvyjd0pt6wzhj7akda8,,1,3587184.874677,83680.406373,626.425375,342.864254,283.561121,hollow,1,0.023327597906571462,54.73345552133804
pool1mfgqn8n658vjdcvg3xgtr3qyet64fht0dzsukqeznxw36z8g2k6,,1,3531037.743971,11623.649044,1565.823262,363.16806,1202.6552020000001,hollow,1,0.003291850692858372,23.193426027924215
pool1kprt6l4quz03dhqx8jw22spdjvp5dkshdnn567vlexqkj35hd8a,,1,3526405.873343,34401.212438999995,1565.90952,170.0,1395.90952,hollow,1,0.009755318495538906,10.856310522973256
pool15j6hdfel6c6zcr8gu39qgp5xkrs264yn9hm8ynhaydjtxvmznxq,,1,3521393.887413,20639.230968,626.353492,260.0,366.35349199999996,hollow,1,0.005861096948504859,41.51010624524466
pool136wr0g23dw9daekuyqtgk366vywms6meespgpm3hdguxqczaaug,,1,3516919.859998,873.622168,939.457302,369.972865,569.4844370000001,hollow,1,0.0002484054805845069,39.38155190367556
pool1agwy5atgc4ptg3whplaxyz28g4dgvsna8auktszctkq8xmtl7dh,,1,3511692.279977,111663.222211,939.777872,170.0,769.777872,hollow,1,0.031797553233146994,18.08938101917769
pool1t847w2hfv33qrra7q33nzq8epvcxv6ydshcq7w7j23c87xv2c2k,,1,3505789.359674,714.797801,1252.609355,340.0,912.609355,hollow,1,0.0002038906869939466,27.14333871472643
pool165ljt7xrrpceutz5ppe96suuw0jcnrvhg0f5vu60df0r5mt0x0c,,1,3476361.056584,74596.619691,1565.768296,1553.510613,12.257683000000043,hollow,1,0.021458248575682,99.21714579153799
pool1kks6sgxvx7p6fe3hhnne68xzwa9jg8qgy50yt3w3lrelvns7390,,1,3457048.463706,10690.020466,1565.823176,227.316464,1338.506712,hollow,1,0.0030922391103942355,14.517377663338404
pool1g4th3pqfzh4zajzrhlh8y6wpuztrkzxwt5wd7q578894j06gwfc,,1,3438542.709942,33328.810148000004,1879.096708,340.0,1539.096708,hollow,1,0.00969271373353457,18.09379999190547
pool137j9xuzycq4jxfpsmjnc75w2wnpz68khlwvsh69kt5negg6ldhg,,1,3438214.560264,3767.085593,939.457549,177.694575,761.762974,hollow,1,0.0010956516898441462,18.914593340502282
pool1n2yp66zk6m33sg8k20hsvmk9tw7xeeswzdcfxhnx9hm9jkxv5k4,,1,3411147.138284,130127.694027,939.790926,345.997909,593.793017,hollow,1,0.03814778101083661,36.81647688094405
pool1j8grqucdwwcr0cwzxrtw30vqcptg0jdlrmauq5w7ytvqx6nf5np,,1,3372957.190061,322792.651456,940.308455,177.703085,762.60537,hollow,1,0.09570019222513829,18.89838212717124
pool154xmvhp4jnz7phwcla09uvzqnn3ch54lh2yzrt2znxdgc4trp8x,,1,3347319.336086,274.070557,1565.763007,170.0,1395.763007,hollow,1,8.187762489385582e-05,10.857326379534268
pool1druxd2syfrvqvepxh60fz0qhralcesruphh5atujuh0jktjy0ma,,1,3334276.376265,40052.232069,313.16417,172.848967,140.31520300000003,hollow,1,0.012012271194467038,55.19436243296926
pool14hhs6ruwnuaf4fzsmx89mvmjl2qhyy5jnzyk2le03886kj6z9yp,,1,3315655.998079,2070.901124,1878.922238,315.789222,1563.1330160000002,hollow,1,0.0006245826241322451,16.806934082388565
pool19ht066hngsjfnv3mfsc8u9fgzl4w5qcrmh8l6zppwph6s2t7jn4,,1,3313586.885464,1020305.926207,1256.084191,191.721684,1064.3625069999998,balanced,1,0.30791585115298015,15.263442162054886
pool1xtrwqwu6jn896szjwsyxxjczl6hc9sq4lh5ax68f7dt3gc0y9rx,,1,3279087.690477,2500.0,626.310502,351.45242,274.858082,hollow,1,0.0007624071802838343,56.11472566366131
pool1q0jmr57udknpq8k5qtgt5vgdjq9pzrzevf68966wxn8zgz7qy3w,,1,3242679.073354,1101442.4871349998,1879.27579,363.089137,1516.186653,balanced,1,0.3396705200295214,19.32069464908075
pool15ftrqf7j80w57leflatx66x00qfhu483a290gmp7q85pjxrf480,,1,3161759.96272,870.434498,626.305382,340.0,286.305382,hollow,1,0.00027530062631673727,54.28661636504985
pool1xzu4pva0k4y6geukd9uvvl3t3s8q8alzwahf575y5fj6cnkd5y2,,1,3106476.788734,39244.149313,1879.075031,1879.075031,0.0,hollow,1,0.012633009026599999,100.0
pool1r2g9wv7jyt7haygrmrc2tst2m8m9ssrr3c690ffp49uhywhvmdl,,1,3084028.295137,818251.681155,941.563797,170.0,771.563797,balanced,1,0.26531912254023315,18.05506971929593
pool1m3h5p82m6v99nda37rmed8vrkqt43e2a8d89k76gw5ets0gdyag,,1,3079175.126799,10000.375823,939.493267,366.977197,572.5160699999999,hollow,1,0.003247745065216876,39.06118435226636
pool16e2x06wk8ufyakgrzq0c9p5tmfhl6w0c80raxr0xtg5g7aakhgh,,1,3046331.019981,131089.791264,2192.895107,358.528951,1834.3661559999998,hollow,1,0.043032024558124875,16.3495713887787
pool1a2gt2mvuf5zvtqlvw2xgks2efze3p4r985ft62q64lua7gx7lal,,1,2998406.502982,111198.131735,1253.082594,170.0,1083.082594,hollow,1,0.03708574258507321,13.566543882581456
pool17rns3wjyql9jg9xkzw9h88f0kstd693pm6urwxmvejqgsyjw7ta,,1,2994077.210604,759.884097,2192.06737,840.0,1352.0673700000002,hollow,1,0.0002537957586092803,38.319990137894344
pool1hjjj584gq0ynqf06g036a4a0stpm90asrdfskpasqjxf5948ygv,,1,2988116.795953,2510195.30588,627.961719,345.756355,282.20536400000003,balanced,1,0.8400593006537496,55.06010072566222
pool1uu65k00dp467qsszmqwl6udwnet3zszgx8n3kmn2aq84sae8ha9,,1,2960445.369632,11341.340621,313.152311,313.137996,0.014315000000010514,hollow,1,0.003830957577308644,99.99542874202196
pool1xvaagsvl9prlr20hvg2qv434yss5c88r2ml6n43wcpepxmw85lj,,1,2912438.607124,145.164997,626.305188,340.0,286.30518800000004,hollow,1,4.9843109703640686e-05,54.286633180499855
pool1t8gjk7jzvujfv9s8q992e6s7tp8na0q3j62g7s4ppzfmccus4jk,,1,2903143.891233,382649.542869,627.041643,348.611249,278.43039400000004,balanced,1,0.1318052281268374,55.59618773198449
pool10qmnswfc22zm0fscg80gkwqz65ujwjkqmctv8g9l9l58wqtelgg,,1,2875797.750103,35564.31877,625.446273,173.64357,451.802703,hollow,1,0.012366766323788319,27.763147291150297
pool1df9rj4n0t3zlpak7xnh4ue6t3yh9zlw7a02w4l8askp77up25rt,,1,2864398.536012,186902.58145,626.5405,306.53081,320.00969,hollow,1,0.06525020142979748,48.92434088458767
pool1g2y0j7rsv7dpu8p6jt2dva3rxfqjl2zu0ag9dd0cfm8guzg0lh0,,1,2851484.706361,1804.120751,313.152486,313.152486,0.0,hollow,1,0.0006326952225889291,100.0
pool1xwqye6mlftwjg706acz5fjqz7gmf4qdye99zsjl03a4ru68ghee,,1,2849815.921208,724992.520163,1253.081929,191.661639,1061.42029,balanced,1,0.2543997718476094,15.295220094104478
pool1s6x6kltycpxq82hyqhlqllqj3q5l2m8w499gvtu4xrfv29c0q2q,,1,2827102.963835,10038.831415999999,939.487444,351.9298,587.557644,hollow,1,0.003550925291515453,37.459766199919535
pool1tcmk6at0dmkytxgq5j4u7fgsx9kytvfu7gz22lrs8hp9ztu7arw,,1,2816473.858033,1000038.311684,627.911821,368.791182,259.12063900000004,balanced,1,0.35506749293331547,58.732957346251325
pool1q0memmdw4ktr88fkma53tqgkaqeq3wfc476le59rped4cu8tn4h,,1,2806942.615027,26034.322236,626.365315,340.0,286.365315,hollow,1,0.00927497487715814,54.28142201647931
pool1d76p7zfn2ydq577z4wsvmnl2lx4cxa3s5vplfuhvr8qfw8hd05j,,1,2806194.741312,12266.865499,1565.726815,196.518809,1369.208006,hollow,1,0.004371352179665473,12.551283347599817
pool1jyutduy73e5u9877uns3k9rm0tf4r24j8lrn4xtkjpl3q5sn5mw,,1,2785386.306442,715.745728,939.45906,193.083772,746.375288,hollow,1,0.00025696461792198587,20.552654205069885
pool1gppqnqfguctp6gu0q8l5wjhye0ny28yzfx93hkr384cfsezru0f,,1,2781349.608274,215593.431559,313.326154,313.326154,0.0,hollow,1,0.07751396333551505,100.0
pool1nt65pu06tlggjeaer8862fdju98ddrrxa9wnw3k4lhfvgrrgt85,,1,2777834.590808,25018.871166,1252.730994,340.0,912.730994,hollow,1,0.009006609410361853,27.140703122094223
pool1gqvrgg7zycvf65ydkjeph72t0yx0f5ykzd9f477zh4f3smwk997,,1,2761900.798149,650813.452423,1566.351504,183.963515,1382.387989,balanced,1,0.2356396916424982,11.744714678040747
pool1w728ekz4fs2f33qmqf7047hvwsmarjrv5l575ncnh7hkc0zdhgz,,1,2736046.418868,194.98023,313.15269,205.657634,107.495056,hollow,1,7.126349489372709e-05,65.67327714796255
pool127xwsah7jllutuhen8vl7sve5278h7hhxtnys3cl438dyhuwgjg,,1,2704877.083558,2018580.4138109998,314.004219,314.004219,0.0,balanced,1,0.7462743597782105,100.0
pool10mf43thtl3keag50mrlvqa78xkwg7harmu4w5yzr3k7jvw0ap43,,1,2696898.302624,173041.346027,939.460931,190.0,749.460931,hollow,1,0.06416309649445663,20.22436417848227
pool1m3gg43uhtetn4hmw79u8836dyq8qe4cex8qnn6mks5egza7n6tp,,1,2694032.497658,3091.501361,1252.61483,1252.61483,0.0,hollow,1,0.0011475367738464667,100.0
pool1dswpls43u0s6cpt0dh2d6npm0rnxh5qcjm9xax9y6fp3uq880xm,,1,2618725.339349,14649.047027,313.164515,170.0,143.164515,hollow,1,0.005593960850679236,54.28456669172751
pool1w3xys99a8xmwcwse4tqpqmyqqzykryfc4w7cvvjusej0vnxdlrf,,1,2608048.77554,2622.097483,626.304973,626.304973,0.0,hollow,1,0.0010053866735897574,100.0
pool1egunxfppwtglyu3t864uq76y0zu05s7pjda3e9g95nwlwc5ye2h,,1,2586210.769613,677726.726389,313.753437,171.293781,142.45965600000002,balanced,1,0.2620539417560367,54.59502934465065
pool1chfk2749hyrwqqpj9fapredjsgw3fdauyxw3hn82kavqva6nv3w,,1,2575292.059322,13848.477593,313.153707,313.153707,0.0,hollow,1,0.005377439635582888,100.0
pool15m78a3nfcepn8ekyzx6sa8yexg7cqseer2ktu26f7l9jjq0e502,,1,2565681.02769,1094.622,939.457465,369.972873,569.484592,hollow,1,0.0004266399401119392,39.3815459223585
pool1r8938r4ts8f4t8nsp9xl9dktzapt7f67jgpsp4wrju39xrdnaye,,1,2554037.044197,79995.69118,313.23571,313.23571,0.0,hollow,1,0.031321272869458704,100.0
pool189lfh7azuvxu0hyskwahnp35rtez0mzhsmule3742p3jkza00cq,,1,2537700.90257,1012.470893,626.168392,170.0,456.16839200000004,hollow,1,0.00039897171962804707,27.14924646020778
pool1py2uxkvuj926h42s40wxl26dh0ggaq882v4m0hkd99m86vzmwnz,,1,2529293.433279,102625.41392,939.810146,369.990507,569.819639,hollow,1,0.04057473623649726,39.36864361113207
pool1f6lnuxzw90mmd399nxqjvzyyxgmf4h3cp7j6pp5s7xmps86arct,,1,2509673.453774,36654.842906,939.548071,177.695481,761.8525900000001,hollow,1,0.01460542320789947,18.91286741836118
pool1arsqn9w87wpqlm0sre66gs79dcs0jmwulytgke3vut7u62lttu7,,1,2495296.362743,52198.447376,1566.061599,195.129109,1370.93249,hollow,1,0.02091873660995518,12.459861676232826
pool1dxkf7k3qwnpgpxqfye8y9jvk7lver3fk8dq7c4dpzezyyx8cf5c,,1,2495286.306009,1009688.177216,1252.61028,170.0,1082.61028,balanced,1,0.40463820716064886,13.571659335256292
pool1ck8rqpxp7j8kyzutk856fnvgm8xsqmuh922wkeeg32ekjjrvtc0,,1,2491420.597756,1203.577305,313.152692,313.152692,0.0,hollow,1,0.00048308876714114483,100.0
pool1hw3cgyx7tvxh2fpd46k9sqgruu5pfnzt4nxuyv2w7nlmusutda2,,1,2485956.997364,33663.603868,626.385285,342.778532,283.60675299999997,hollow,1,0.013541506914116137,54.72327339234989
pool1c2utlagkpht4zj0jetsf245c258geuxnjqp9kf4f2z9rutx9dz4,,1,2473015.741954,138250.780635,313.182508,177.159125,136.023383,hollow,1,0.05590372042102899,56.56737540399287
pool1kvd03hq8kp0hnxq9lq598a5amrvauj9m386rwx7ydawvjdskwnh,,1,2472261.844911,106426.306912,625.672996,170.0,455.672996,hollow,1,0.043048153305877385,27.170742718133866
pool1hfn7yuwfyhmmqe4qpaxfewuly7cnemc6kqkv5npytj9vcrskh6j,,1,2472255.450401,50097.556686,626.424593,347.160615,279.26397799999995,hollow,1,0.020263907873223283,55.4193783065602
pool1cew2q6pge250exctkq26lyl0w95923xxa54thd79nv8xy9j3xe6,,1,2457061.816311,2173911.85671,626.424652,179.128493,447.29615900000005,balanced,1,0.8847607505349143,28.59537734156733
pool1aq2kqdp9xf9w47vttvmqnahwd4scz2qyddsr9l4mfru4qddg3kr,,1,2456006.958707,740840.973071,1254.255603,1245.113047,9.142556000000013,balanced,1,0.30164449267726273,99.27107712509856
pool1jsxk3ymqv2gdc6mhqk52544g2aun4zhq5wgx6n32l5s3jlne70n,,1,2455517.83014,56380.782594,312.900774,174.287023,138.613751,hollow,1,0.022960852453181118,55.70041287274029
pool185ev4czpm5hc9xud25xlcz5lhpnl2jztqas6mgxujqke7j5mdzc,,1,2342623.691205,3386.148562,313.153707,313.153707,0.0,hollow,1,0.0014454513435993772,100.0
pool1fkg3cr9en57ccsmnde20eevkaeu3elp0h4yyqk3udkkxzhl70ju,,1,2330608.553035,6476.588281,939.461118,357.983834,581.477284,hollow,1,0.0027789258185661253,38.105231514222176
pool10q2fhzwe4f5k2llny65z5z2fuhrpk3x56fdc0782djdq58p9uee,,1,2309365.000655,26055.999882,313.152609,313.152609,0.0,hollow,1,0.011282755161964347,100.0
pool1dkww2vlysa8lsnuf5rca979zdsyr3zvt59hu7e420yxfunkka2z,,1,2285414.807083,41198.770012,313.200507,313.200507,0.0,hollow,1,0.018026823788975205,100.0
pool1lmzhzkdvkh67a8hjcexlhajkk8f7kz2tf35frjut6creqs2kedg,,1,2282915.979637,51257.886068,626.306194,626.306194,0.0,hollow,1,0.022452813211351903,100.0
pool1j3umdcuxcewcxz98wm3sx5xqwgxx0v7z376xyjfq4jgejpvv8fz,,1,2275400.167914,10012.104023,313.164647,313.164647,0.0,hollow,1,0.004400150867607044,100.0
pool1cg559cdc25fkvs73umj6w5nxlwy3mpmj02xt7p4v69eqs5ncz9k,,1,2258510.568141,194457.06719,312.386644,170.0,142.386644,hollow,1,0.08609969328151489,54.41974017301456
pool13r4e7tttcxp4qfs4gqtv0hz5k48qdhhxrskz8pjrj6fqy5qmee0,,1,2256299.989841,36340.60107,626.360552,170.0,456.360552,hollow,1,0.016106280739983027,27.14091739289482
pool1gm4mcrf8mytfetsj6ykulrmv4j70y7fhceawgdg2h09t5rtt7cf,,1,2203571.661548,1074036.698164,627.257024,179.14514,448.11188400000003,balanced,1,0.4874072020918501,28.560085123893327
pool1qqq9tqyj69j9kygpxza3h82ynh8d0xlueucnu2yqum8nse8hj7y,,1,2198303.363501,57469.874083,1252.717272,197.067932,1055.6493400000002,hollow,1,0.026142831347659837,15.731237718577573
pool1n4fq4gw6snzqjep3pylj8dc6aaa4xgn78gl58k360dqdw6a58g8,,1,2192246.504497,169447.371796,313.202825,313.202825,0.0,hollow,1,0.07729394091787084,100.0
pool1jmx55w5ydjkn4xd58gmr9xgt5t46ngs48aek779t92e7zcqfw97,,1,2186987.939211,102803.63464,939.52561,345.995256,593.530354,hollow,1,0.04700695088290632,36.82659124108389
pool1l5kwfudnqrhw3k4lwzcppu36nun9puvvr7xnanuz8a2zx4jaek5,,1,2142536.342047,5312.149779,313.152792,313.152792,0.0,hollow,1,0.0024793744100157114,100.0
pool1ncg357pkgx29g6jrwunk94pwxe409ktxyrw8s0k66vwkc4qdgnu,,1,2094849.817502,31340.604743,313.182663,313.182663,0.0,hollow,1,0.014960788349196341,100.0
pool1h4gwh638485yd0xcw0pkrm935nvm4aecqsxjx2yzzz0u6dfj73q,,1,2041482.775913,46.86241,313.152486,313.152486,0.0,hollow,1,2.2955084683015265e-05,100.0
pool1lrnyqdlrj97d0ju5j6d9xa8prw0xeyumfd53rz5wk3gf7czqzjz,,1,2035173.714774,113016.405307,626.53726,342.865373,283.67188699999997,hollow,1,0.05553157673302111,54.723859998366265
pool190a9js7lk9lvmrngre7w268z9tz9xs9yz77audvw8ag4jerfdhx,,1,2031898.328133,130051.365281,1252.828704,367.384861,885.443843,hollow,1,0.06400485864885624,29.32442877681704
pool1ch3k0e07dhqwum847sa02cyecrp000a6egdx89fz5rza230jhlp,,1,2024003.614307,6295.945714,313.158547,170.0,143.158547,hollow,1,0.0031106395608664333,54.28560121656204
pool1utqhj9g53a5cwg7tyd8neky7jvjlgzuf470adc0e69cp5uuquzx,,1,2018540.944429,153042.809023,626.481489,342.864815,283.616674,hollow,1,0.07581853092719523,54.72864258883155
pool193rdch53x9c53rmftlqgzj22vmz6w8z8hhut2ckzd2zej45zpap,,1,2009089.459866,10172.186825,1252.658515,180.826585,1071.83193,hollow,1,0.005063083067330637,14.435425364110504
pool1n6z7rf722heq35v2dxvstfwezgdt8cv0mftpv4r9jay3wjk2kkt,,1,2000171.992086,78681.589998,313.158578,313.158578,0.0,hollow,1,0.03933741213721434,100.0
pool1n7s5kpymwd0zsld8q23tpf7z5esjaqwmnnzzssee5630zpx5ww0,,1,1992545.829832,154053.921538,939.966622,170.0,769.966622,hollow,1,0.0773151208025107,18.085748580974613
pool1tc6cy0cqknsm49cvsz0mksajfvlmh3vvcp8ngtmspycgx932w6g,,1,1960479.396269,12055.035912,626.307409,170.0,456.307409,hollow,1,0.0061490245370300805,27.143220335111828
pool1helzgcd9sjm9xtyh9mw2wy06gekh6r52s6mx987q0p8lvklwura,,1,1949263.930484,32385.504205,626.380238,344.295704,282.08453399999996,hollow,1,0.0166142222705361,54.96592694228646
pool104v7kzpq86r0wnfsz8r7jeld2raap92qq84trjcqk62zyh9akqt,,1,1916040.466063,94966.224159,626.446965,170.0,456.446965,hollow,1,0.049563788365144835,27.1371735355123
pool1zx909vz9qe73avvpd0y7qqcwz8fffvnup6yuq2e8hql4svk9xr7,,1,1914142.239564,3952.088104,933.747464,340.0,593.747464,hollow,1,0.002064678382992165,36.41241482397214
pool1030vz0wxheg0dvarr8hmeavelpszmp52qucs68c7wc9uga6n6e4,,1,1899854.093637,91396.353617,313.211982,313.211982,0.0,hollow,1,0.04810703828420566,100.0
pool1q2fh3cl6rx0wv5gry4qx5l4h65qpjf7x99xmq66nqj2fj5g6u9z,,1,1856291.860988,22783.554427,939.475656,170.0,769.475656,hollow,1,0.012273691926265082,18.09520011660632
pool1j3kzujz0m07detlksr26sx7smft8xn280695zgu60zjhge9566f,,1,1845950.770412,19714.330969,313.154926,313.154926,0.0,hollow,1,0.010679770709486437,100.0
pool1pf6yhzdr9vpct5rc3dtwersl4lyuglp80l4jc67kf2qj29xjg2u,,1,1841455.448497,11025.10079,625.613502,342.856135,282.75736700000004,hollow,1,0.0059871667267316795,54.80318661664689
pool18heqrjtge2emf2hes4mdxkr76y99zztkqk4qtjr9dul0vuur0yu,,1,1841280.979884,98431.946194,939.49389,170.0,769.49389,hollow,1,0.05345840600612796,18.094848919134535
pool150hft90uw7tzr9uvj7tqkjp4u98a9hl20llj3n9ew76kkfm768r,,1,1830995.85017,31592.150822,626.313065,171.519523,454.79354200000006,hollow,1,0.017254081061443587,27.38558918613648
pool1nhd907krga9dh69kf0jg4tl0764rravepy337gptvsknxyyx94k,,1,1827781.128061,97072.506286,626.147482,174.561475,451.586007,hollow,1,0.05310948055852797,27.878651598570194
pool1mcvq2z34f9cfdmkd97famsh20ekqtndw246ny5e8ug3mxfdf4zq,,1,1825180.94385,269418.67098299996,939.493857,177.694939,761.7989180000001,balanced,1,0.14761203369496814,18.913901104943573
pool1we0xjccr3vc4ypnmhzsgwp7sxpsytu8dtv0syeqmtrllvcex68q,,1,1790739.768965,1051.439886,626.30732,170.0,456.30732,hollow,1,0.0005871539261160789,27.143224192238403
pool1je2n5smmnyn3lh92xrp8nepjyfp596ypga6pmdecwtcrcj9uvec,,1,1778552.177747,151460.161525,626.641027,176.849615,449.79141200000004,hollow,1,0.08515924549195053,28.221837923165538
pool1jayej3rwf5ynfmmu7583x3w2j73dcedtflgnazdezfn3kl6062x,,1,1770648.329129,163058.266812,626.306794,626.278163,0.028631000000018503,hollow,1,0.09208958330659031,99.99542859820869
pool1k99yncea8tq9pfeks3yymyj6fwjf4apx0s490j09m4y66vtyufr,,1,1757751.311843,80309.504455,626.321829,340.0,286.321829,hollow,1,0.0456887751491965,54.28519081681249
pool1gpz25s2aasmqnh9tg8a2rxmyxuvmj5s779htxk295e9ajnzjflc,,1,1747952.426535,61969.57328,313.16463,313.16463,0.0,hollow,1,0.03545266583876283,100.0
pool1zkdaju2rjefa52uh6yh6etsxla0x6aqs6p6wm245y5szk7k3msd,,1,1740861.240589,15319.770813,313.170651,313.170651,0.0,hollow,1,0.008800110230391903,100.0
pool1rj6apcqxcvavaxp22f75zs9upphena7ntsnut2efvq98g4404up,,1,1693296.268155,12407.98128,313.164628,313.164628,0.0,hollow,1,0.007327708395365226,100.0
pool1m83drqwlugdt9jn7jkz8hx3pne53acfkd539d9cj8yr92dr4k9y,,1,1683399.428997,20909.599757,939.475667,345.994757,593.48091,hollow,1,0.012421056700404325,36.828495846502854
pool1js570lkcs6t3pwsj3eda0zz43mc5gm922ae5rdxcfn84gu5uyrg,,1,1654936.504489,191721.190551,313.319429,313.319429,0.0,balanced,1,0.11584806427978236,100.0
pool1cpr59c88ps8499gtgegr3muhclr7dln35g9a3rqmv4dkxg9n3h8,,1,1632212.528752,129026.11621200001,313.239851,171.432399,141.80745199999998,hollow,1,0.07904982588918992,54.728795985795564
pool19v4jgpxxl72eaq8pefctatvts3gkhtyzd8nwvzskkm3mkdv2tpy,,1,1612714.299399,1456.674955,313.153707,313.153707,0.0,hollow,1,0.0009032442730512465,100.0
pool1q8fqknvzyj9p4ezhxqdghlc7rnmwvwuku9eevgvl25cpjy385gg,,1,1601330.36137,5268.661859,939.475599,170.0,769.475599,hollow,1,0.003290177958339874,18.09520121448093
pool1c30lqt59t8sjn5lg04r5wk5eucxa5h9cj05xs9gzc8lngl4cmta,,1,1579296.267552,28785.625963,626.365005,178.670935,447.69407,hollow,1,0.018226868862052954,28.525050661155625
pool1q7wrwstqkzhrffdzpw8ftfd4epmxywdjnp8384atjcnezchv242,,1,1560339.227489,4895.765113,939.471936,177.694719,761.7772170000001,hollow,1,0.0031376286814749806,18.914319011653795
pool1vflcm2fde9qyzcr0lkkv4httte3xep6sycasrtaxw6rt2me3vwp,,1,1538518.976822,66466.998084,626.329228,170.0,456.32922799999994,hollow,1,0.04320193581316479,27.14227476543694
pool1qeqylk3pnenvt3j4mah2dafcnd3h8uc3fqhvfzrxlxf3xuvdvvp,,1,1533918.684961,3051.699539,626.306802,626.278171,0.028630999999904816,hollow,1,0.0019894793439311875,99.9954285982671
pool1qqenhz258k5k9nyjull6gkzg7s4f3ae8v7qxwpegeef9v0nsy3e,,1,1524715.397314,68158.861144,626.445757,204.264458,422.18129899999997,hollow,1,0.0447026778007695,32.60688666457038
pool1qqqqx69ztfvd83rtafs3mk4lwanehrglmp2vwkjpaguecs2t4c2,,1,1515917.908196,5018.8490679999995,626.316541,347.129282,279.18725900000004,hollow,1,0.0033107657353112353,55.42393650433702
pool1cmqpzlsrrjup8zg6qaperz868u64dlt7uvvdszsr658mvzz9qq0,,1,1514235.874659,1062.166597,313.153497,170.0,143.15349700000002,hollow,1,0.000701453858527289,54.2864766411981
pool12n6lycv28kjtkzecfz2a3uujyxy6ewuwjcmjq84my67psqmgagv,,1,1511393.239881,106841.1183,313.266691,313.266691,0.0,hollow,1,0.07069048311239778,100.0
pool128r8qqgl9zgy3ff4759a2qslyauu5takaec3nxx4a6mvj3ys8da,,1,1510672.062681,10038.042455,1251.934505,700.0,551.934505,hollow,1,0.0066447528242399734,55.9134680931252
pool1zwqrrwpr5zx7c3f4ukpu4r4fz5c2hkwx9vwqka5068urgqvpjzr,,1,1508690.131429,40000.0,313.199958,174.295999,138.903959,hollow,1,0.02651306531853087,55.65007100032881
pool19rjjay24ez2ezgqkyqvna6uwc5ur9lt489gwvrv7ve5exlcld3x,,1,1486848.230552,38107.743690999996,626.362634,340.0,286.36263399999996,hollow,1,0.02562988132073998,54.281654355518285
pool1vc8jhqtwjrjwsfk6a0enx47hd2ufg98c34ta6lvl0zv0uhpech9,,1,1482454.644949,128997.532389,626.422974,300.0,326.42297399999995,hollow,1,0.08701617471301311,47.89096384578003
pool1ktgug7wwf9k4hcsuk68ftkh8xs5n0333fzxyw9sagz8njhlskgm,,1,1479252.92221,0.0,939.868213,340.0,599.868213,hollow,1,0.0,36.175284502360334
pool1j742gcsul7u8c05rsqmkgpkvj5qadj0pew69nctu6crqy9wjjn4,,1,1473366.335592,134341.024452,313.22508,313.22508,0.0,hollow,1,0.09117964840565035,100.0
pool1upa4pa4qmcgaps4uactx9eas44rfwk9h0rxgua3l4xnf6wevfkt,,1,1466784.209896,29862.103209,1252.734741,170.0,1082.734741,hollow,1,0.02035889329018433,13.570310971363092
pool1gxvkc0576e75065p5k0csvwme9y2qrefd5ga66nx0z65xxjt8jk,,1,1456868.339055,8.313413,939.457479,939.457479,0.0,hollow,1,5.706358479444003e-06,100.0
pool1p627hhec2ha6wu6ql377c3hv4mjd26w7ll0xyw2ezgnu6nyl0a4,,1,1456055.472889,131484.095003,626.532758,170.0,456.53275799999994,hollow,1,0.09030156985854307,27.133457561368246
pool1ezh8sewqgzy7267yvy0jssz8q7amce37x3dhmfl22j8lwz6wjrd,,1,1455424.342211,101632.563507,626.532534,345.730651,280.80188300000003,hollow,1,0.0698301935452072,55.181595885011134
pool14qpadfdjzw6jkwxy67uhey6tjpyppsmwgz5awfsxwrtpsecslpc,,1,1455119.448132,98395.949689,626.511371,179.130227,447.38114400000006,hollow,1,0.0676205309573143,28.591696063565937
pool18mnua97ndq302yw2c6aaw6msx5rgf79mfnk4xe5y92tvjl45etl,,1,1429166.982863,3733.792789,313.154918,170.0,143.154918,hollow,1,0.0026125658049559923,54.286230305985484
pool1u2lghnv4ae3zy73ysjlgvxwj7tuqpmyfavk74j48g0gnqnyc692,,1,1426970.691847,21257.677549,626.305178,340.0,286.30517799999996,hollow,1,0.014897066681506343,54.28663404727592
pool19ut4284xy9p82dd0cglzxweddfqw73yennkjk6mmp650chnr6lz,,1,1424460.513459,128426.725465,313.266165,172.722057,140.544108,hollow,1,0.0901581505781041,55.13588005905458
pool17xh922cr9skc0fqk7sr8at6xx6eluh5qyv9p7ca2x0mtc3st0mz,,1,1423412.808958,40407.780988,626.399555,179.127991,447.27156399999996,hollow,1,0.028387956560247795,28.596442888596883
pool17ynruzy9lvq0x55ks22vtf4lrrdrw2ucydh4tfzhg9kkyeaw8nf,,1,1396667.606273,1690.25114,626.307037,340.0,286.30703700000004,hollow,1,0.0012102028660279638,54.28647291408287
pool1sf784g6eje8vzq9f5wu583eurhfq2ee9hzyhl46yezkuqqtmw07,,1,1381601.467681,2062.781701,313.153707,313.153707,0.0,hollow,1,0.0014930367036033567,100.0
pool1phc0dedrry2jp2s2tqngcw87vzx3mychvm7qqe3470etzsf3ph7,,1,1379878.990072,20363.609806,626.341433,170.0,456.34143300000005,hollow,1,0.014757533053632085,27.141745866267797
pool1yyv7vx5zhhsd60jp4tl72vpznwvpvjp35m4z7jr42ugkxmndyv5,,1,1379860.269037,6612.085828,939.475616,351.989512,587.486104,hollow,1,0.0047918517377230916,37.46659370454592
pool1ntwurms3f0j4kqe5wfpg9chlasylp0lmuw72m4fn66vnuyrvs8v,,1,1377487.443135,242679.073209,626.688191,170.0,456.68819099999996,balanced,1,0.17617516182702242,27.126727843512217
pool180fejev4xgwe2y53ky0pxvgxr3wcvkweu6feq5mdljfzcsmtg6u,,1,1372661.059737,62046.619588,313.211244,170.0,143.21124400000002,hollow,1,0.045201704490610416,54.276467801392215
pool1n940lfxkd7z73qzj5y554yrletrmgg5x2eya9tpglh3uwcqfnud,,1,1370948.529103,1543.419306,1252.614592,270.0,982.6145919999999,hollow,1,0.0011258039767618746,21.554914155111486
pool1jezf7dcx26edfpxmpuh05yen64a9cj44xm2ggsapcxrtqewfek2,,1,1344676.480533,1008959.466841,626.962793,183.663188,443.29960500000004,balanced,1,0.7503362194905578,29.29411283262546
pool1e2tl2w0x4puw0f7c04mznq4qz6kxjkwhvuvusgf2fgu7q4d6ghv,,1,1323569.743643,4983.764828,313.156098,170.0,143.156098,hollow,1,0.0037653964605466584,54.28602575064657
pool1nwfzutmm6et5yt6mdk6d3ls57qfmwje0hwcepr3dn68mu9wl0pd,,1,1314703.265739,111714.644508,1253.061905,400.0,853.061905,hollow,1,0.08497327679885601,31.921806768197936
pool1rqgf6qd0p3wyf9dxf2w7qcddvgg4vu56l35ez2xqemhqun2gn7y,,1,1285980.233251,92069.678536,1566.056049,183.96056,1382.095489,hollow,1,0.0715949406961294,11.746741766839532
pool167qekemyleju9g7eugaguqxh5telvmmmrs3a7sp897f6za308hg,,1,1280150.84736,1009.743945,313.153117,170.0,143.153117,hollow,1,0.0007887695009399491,54.2865425158773
pool1pzqdfptvl5f8vh28az37jag2wkfmqz9x8d6eufl8y0z9q34hlr7,,1,1265652.391701,1001321.352883,313.482892,313.482892,0.0,balanced,1,0.7911503659683787,100.0
pool1s2rj8t2a5tfv0rpsfak77g03h96uv3rqxp62t6jm3dh45g2e2pj,,1,1258270.203879,271999.016783,940.167076,340.0,600.167076,balanced,1,0.21616900403782946,36.1637849994228
pool1e7mwu80pmsjqdf8lu7rsfdj5sldashslll0hpj7rhx3w6xpwkq7,,1,1244095.335757,2434.864457,313.152604,250.0,63.152604,hollow,1,0.001957136552978432,79.83328153962917
pool1ddywudgudfaphp8txj9qf7alj3uk6wzyd22u7cd2myhyv3lyxxx,,1,1239558.224291,622106.353276,313.507999,313.507999,0.0,balanced,1,0.5018774762531475,100.0
pool1mq2q0fjekk5lt8j2krryf5rvwx5z4l5l0r6afhhj0mtg23ylyuk,,1,1220236.096422,185739.00839,626.627007,345.73254,280.8944670000001,balanced,1,0.15221563182291323,55.17357792400415
pool1980svf2cxnfy66s5jgjv7y22xud75z9kfe6n0c3y54s62w56435,,1,1219966.21976,27075.627706000003,622.846255,340.0,282.84625500000004,hollow,1,0.022193751980547873,54.58811019101335
pool127gdv243hfcrapslaqq0nnh64u2gts72gtrt4888g6g2z0zsu64,,1,1192606.396876,148917.67723,313.185891,313.185891,0.0,balanced,1,0.12486741444627984,100.0
pool1l8myd66tqjk75kh7uk9k8nyl20sd4qs33s4tzzn927ujyl7ahyk,,1,1191859.714994,353116.733501,626.306138,183.689184,442.616954,balanced,1,0.29627373847666094,29.3289771335436
pool145ak0czqxe97ef38zjupk0pz5yk7pahcyrdfee2lrnsnwawj6dc,,1,1183483.132566,10013.189749,313.164597,313.164597,0.0,hollow,1,0.00846077943442222,100.0
pool1vwquf4wt465lhketcy2j7jwpz5l6l0ce6a79ga3y4wg7gc8egp0,,1,1182612.139392,0.0,313.164566,170.0,143.16456599999998,hollow,1,0.0,54.28455785128641
pool1a6wdglfp93m2z4nhptx9xhjazgyqusjpu387gdrp899cj98yuqq,,1,1152485.054012,18702.404286,313.163994,313.163994,0.0,hollow,1,0.016227893126156988,100.0
pool1ygsyw93csvam58nf63gttknj9dvj3zxh54h4eh0kals7kdf0nx6,,1,1146269.592687,37655.831851,313.153682,170.0,143.153682,hollow,1,0.03285076398365414,54.28644457068845
pool1n75mtv5qwzquyq2cprnu7yqpnyg4ppagpzvcw6gk2un5vadg48a,,1,1131045.274993,1099234.748678,626.619717,342.866197,283.75352000000004,private,1,0.9718751079038839,54.71679037511039
pool1r5srulgd6gpav0sympqrkt9f4ykl06lh9sgk0p20r54v7759kws,,1,1102717.559261,83892.663541,313.21082,313.21082,0.0,hollow,1,0.07607810616276187,100.0
pool199a44nvtjr0c5xlanz4p5c0nywu8l6k5hz3t2he0hq7wvljnsrt,,1,1062913.362273,25457.137977,626.364556,170.0,456.364556,hollow,1,0.02395034146768169,27.14074389611535
pool1xmtmp6cmmmaatkn3jd9dlht8xjyf7xnqmrurs59kj2ygxuz2jkd,,1,1051470.682239,3842.824463,626.306192,387.195929,239.11026300000003,hollow,1,0.003654713847862211,61.822146091763365
pool1calq8kjzrvp83l80rtvgmulausl99q4tjfkz2lp227vkymd5wgg,,1,1034877.826761,211351.916449,626.668912,179.133378,447.535534,balanced,1,0.20422885772951313,28.585011091151753
pool12yscr8j3zs34ewxrwlk0p2w5uvgcnrzywpp78ddjsj8kxd530f9,,1,1034443.22098,118363.539879,939.631597,345.996316,593.6352810000001,balanced,1,0.11442246174407329,36.822550146746494
pool1gslrt6mmljsqkzft6nd0q7w7g2fyhxpxx6sj4ff68x22kwx6unm,,1,1030102.773422,88539.280187,626.421163,170.0,456.421163,hollow,1,0.08595188991955884,27.138291303226612
pool1vqjyjsp6dawkj8tzmfpu39hvgnkph99qzarw4dll6yq76gpaa4d,,1,1015332.410319,691.21511,313.153053,174.294592,138.858461,hollow,1,0.0006807771553188497,55.657957133184965
pool1zfhww5y28t303z6uyq3w47pkhfmxww9dsn89vrxteplg2zjkekl,,1,1014781.576673,155618.114888,626.617824,192.830891,433.78693300000003,balanced,1,0.1533513402935437,30.7732853446569
pool15mfkj8sl7estcmmd5a07afrx5f4hlz3pcr6p6ay5pfmrjfl2hlf,,1,1008946.304927,466087.523756,313.420967,313.420967,0.0,balanced,1,0.4619547358268215,100.0
pool16p8y0pzx8yx7vz6eqksw9xjhh3tzeymvxcstrgtk8ncw75356yw,,1,1008939.111595,1005.574453,313.153664,170.0,143.153664,hollow,1,0.0009966651519835712,54.2864476910607
pool1x9q4jf3zwftwygeeulku8xtlywmtmzwxjk2g3fz3j5mlwjqnr3p,,1,999338.17586,38479.209147,313.182264,313.182264,0.0,hollow,1,0.03850469248198786,100.0
pool1mhww3q6d7qssj5j2add05r7cyr7znyswe2g6vd23anpx5sh6z8d,,1,992235.877491,23005.256591,313.174075,313.174075,0.0,hollow,1,0.02318526986664889,100.0
pool1tjr4zpndkvwkw3du3fvt59f5men6jhuevt7rpx6xw0wcct5kl04,,1,975664.570964,156811.572124,313.221313,313.221313,0.0,balanced,1,0.16072283117656225,100.0
pool1fv9f8phzn7hp623ypw6ctf73a98hd7nrh8wm7glpcuhf64856g2,,1,974792.84084,25896.948361,626.364423,170.0,456.364423,hollow,1,0.02656661731192449,27.140749659084644
pool15fxktqvd92sq8plh3rjdrksumt9p8rzsayfk4akv2hng5r8ukha,,1,973645.00037,50910.375921,313.187974,177.159399,136.028575,hollow,1,0.052288437676620614,56.5664756335759
pool1u7zrgexnxsysctnnwljjjymr70he829fr5n3vefnv80guxr42dv,,1,951195.31638,126552.156318,313.187983,313.187983,0.0,balanced,1,0.1330453947141207,100.0
pool1g8w64u3sx9mrvhwrdfvysw4g4wnffkjfp5zds3ur6svwzdhwhx9,,1,950278.124108,47298.273256,313.187963,172.147819,141.04014400000003,hollow,1,0.04977308438032033,54.966294793392166
pool1mdyuct0kgd0hcjjnea999me5dxqpepr4y8du4smegfm3vlr37w5,,1,948726.484681,583.588581,939.457659,340.0,599.457659,hollow,1,0.0006151283751672917,36.19109352537622
pool1gx6eawfvnhckevmlzhfz9j3uzj92j2wgww0mdd2fu5d4zd4wvaa,,1,934552.517477,552811.7308510001,939.493626,177.694936,761.79869,balanced,1,0.5915255916739908,18.913905436118416
pool13daql23lkcwwj0gsz0dnu9tu20pugpswfped3kp05ekxkgmcumt,,1,933487.386683,26912.207597,313.17637,170.0,143.17637000000002,hollow,1,0.028829749583042873,54.282511799980306
pool1jslaut45plz6ek7grjyzxz6kzgerr7p5204h9sprh3msw6d8yht,,1,931779.809902,172698.975938,626.442016,342.86442,283.57759599999997,balanced,1,0.18534311873119855,54.73202806371149
pool1p8yn95k4wgznc38ezckler84ufc6kxemmsvptv74r3g4zkxj24q,,1,904569.29813,663572.074023,313.377308,170.0,143.37730800000003,balanced,1,0.7335779308393405,54.24770577198269
pool1qaxrj6n50naglqmzj5puq5sd0awgy9wnqmykpwmcah4vzhndpve,,1,899468.073005,72651.470923,313.210194,313.210194,0.0,hollow,1,0.08077159501646496,100.0
pool1e59h5m5vyggszyafel7zvcnsayt2de7wyxyezlrsmm4a679q3zr,,1,892302.093919,12.081415,626.304813,623.441765,2.863047999999935,hollow,1,1.3539601758568446e-05,99.54286667760289
pool1p82vmqednsalje23mpnz9u3qt9ruj79xu83mr6p8t93fw5fcu3y,,1,891776.450189,40246.776524,626.345671,174.563457,451.78221400000007,hollow,1,0.0451310151949743,27.870146643034747
pool1n500map6vvxwkxnrw5m9vgmjqrmtaxuuxkgqvzz7699c7qc550v,,1,878342.498576,399001.303784,313.334905,313.334905,0.0,balanced,1,0.45426619391737855,100.0
pool1jqssxka8hu94aj6f4w3s8l5m6juqmx0hk3ges48jfac6zngmkh8,,1,876624.290409,30353.397836,313.182157,313.182157,0.0,hollow,1,0.034625321438262045,100.0
pool1ksh2u6kktx74ugv8jadrdqttwyjz9074ke82xt6j0qgfvdn43a5,,1,874970.098162,1930.215097,626.307305,342.863073,283.44423200000006,hollow,1,0.002206035498875554,54.74358517980242
pool1jxv3my3c70e8pfr0cgm6esatehey2ml3v0qk8x236aw32eu0fcy,,1,874833.917204,231124.79920399998,626.521505,253.765215,372.75629000000004,balanced,1,0.26419277380406436,40.503831548447806
pool1vvesqladm29fuzrv93px5qse0upw82a579lz9063xsfrz7yef7z,,1,871379.925097,103833.258493,313.211167,313.211167,0.0,balanced,1,0.11915957150543895,100.0
pool13nn6lk6dx5ww95h5qqeeazyp074j7en8e6qszq62rtj9wcx522z,,1,865988.906303,174.965746,313.152482,172.86305,140.28943200000003,hollow,1,0.00020204155587506036,55.2009196593243
pool19frt3kaxxk4vr4x3wnaapntu0ul0dsesu77wfqaawc5h5ffgfgt,,1,851326.69706,766014.749251,313.270435,313.270435,0.0,balanced,1,0.8997894132726965,100.0
pool16knnvtezwzmgpnu8v03wht6y4u7mwfc7qz6y2yk62w4as4qymat,,1,850669.332141,50360.879107,313.209999,313.209999,0.0,hollow,1,0.05920147489066009,100.0
pool1wm5quxelvgk8q50jyfznf9asvelp9zf0tk2wu4jazlw9yj4uctw,,1,822671.502837,292668.615927,313.365868,175.017805,138.34806299999997,balanced,1,0.3557539247655062,55.850947046983435
pool12pwp8hln0cjsxv0h2a0463qsakkhwetfhyqw7vzmpwd2jdj86n6,,1,817872.885016,241832.913755,626.675285,342.866753,283.808532,balanced,1,0.29568520754942135,54.7120272981565
pool1lr5ku0p3jhykdf3a2kcr0tyra30qvzrtl02dr6uyv98rxdsy3k9,,1,807505.506929,10051.617741,313.164548,313.164548,0.0,hollow,1,0.012447738937690972,100.0
pool16cdtqyk0fvxzfkhjg3esjcuty4tnlpds5lj0lkmqmwdjyzaj7p8,,1,806878.517597,113118.14824899999,313.235614,174.297068,138.938546,balanced,1,0.14019229138220468,55.64407756009506
pool18872nzahx0h2f7j58pxrn5rjektn8na8p4amv08x2xj8qkht30g,,1,806298.969139,323975.360951,313.176312,313.176312,0.0,balanced,1,0.40180550062832715,100.0
pool1nchr83fc0hrykvhlnh64n3wlt5vkdu727xjep59znrwzs589jdd,,1,790983.237392,11174.44667,313.164546,313.164546,0.0,hollow,1,0.014127286321318213,100.0
pool1a44zldps27avv82mamm2lj33mrrkqdzt39nyrgn5dkk3jtm0wrp,,1,784360.709456,16555.971976,313.156136,313.156136,0.0,hollow,1,0.021107599827995635,100.0
pool1s0kkragd8r2xyyms680l9eed443v3eufmarykpjfh2r6cpksm2j,,1,778238.365448,69994.926766,626.419332,626.419332,0.0,hollow,1,0.08994021610038049,100.0
pool1w9hdxd0ydy7qrtxe2lceg80mpsyamwnaqyvu2v0yngj4cfkfu2t,,1,764845.569857,9957.153157,313.152609,313.152609,0.0,hollow,1,0.013018514520338594,100.0
pool1gf8a46j6hvhad8e48hez4084x34snpua8k7t3kzy9w42q6w60z8,,1,759439.722563,78266.570674,313.187636,170.0,143.187636,balanced,1,0.10305830515404378,54.28055914697731
pool1085up093vl7qgwnqsuset7kdt3yflscdp6h8eeakuhyzwlhmq68,,1,758855.680853,3490.397287,312.657136,170.0,142.65713599999998,hollow,1,0.00459955347909708,54.372659512879316
pool1dv7s5fn4m9dee8ncvx5hktfmsnx6agydhn798rfdqjazuwr84gc,,1,753231.00301,563860.9617679999,313.361745,313.361745,0.0,balanced,1,0.7485896883090911,100.0
pool1azwytj96wpa7hqmj5adks6tpw7rhnwdqpf9hkgyy0mwdxxzxz9w,,1,736221.424502,100497.79245,313.258182,313.258182,0.0,balanced,1,0.1365048463755037,100.0
pool1ht35ft8az9k9u7gnc2yut7usj96he5mqngthunyf2kmnsl2kmed,,1,734912.343078,103723.55295,313.258148,174.297744,138.960404,balanced,1,0.14113731239780156,55.6402906397825
pool1j8355yxxpfuhqyda4lrj8c9cdghaang3wvwge8jq8nlxurvfqv7,,1,728504.868156,22898.589713,313.176233,170.0,143.17623300000002,hollow,1,0.03143230843599052,54.28253554604828
pool1h40kkf28nr3amhs6nsmqn75aderg6cutmygr47czu2dw2dxzvgm,,1,725705.057958,30028.357174,626.375222,345.727504,280.647718,hollow,1,0.041378183663889914,55.194952140044904
pool13zq5jktx7xmngfer82nkrs8aqjklmydntxdqzttas328yuttgx6,,1,711532.46924,102476.205271,626.305198,170.0,456.305198,balanced,1,0.14402182570875027,27.143316156861914
pool1ktkhv4sw2y68d4xgfg9sjw829kejnvnh5zajq6g7jycry6cd7h5,,1,710559.513575,50660.668323,313.209291,313.209291,0.0,hollow,1,0.07129686867200426,100.0
pool1nwcu3al5vfm7t3dtvyuu4hlmlvezd05c5v386q90hlptks4mqw3,,1,696875.688403,465871.201756,313.350392,313.350392,0.0,balanced,1,0.6685140685903636,100.0
pool1u8yequt4vq3jhajeegc02r3msnne6krayxuzrypaz8jkq5v5pux,,1,686970.150929,10050.95492,313.164523,313.164523,0.0,hollow,1,0.014630846633449712,100.0
pool12pvaxxcv3sgad5jqgfnggn337y76kp02uauptkufjjjes7nxwfm,,1,684556.857399,142671.681045,313.290577,172.292649,140.99792799999997,balanced,1,0.20841465468198878,54.99451999157958
pool1nw42xqnaplxsx3fq4ytl4x4qqvhs7g5uymnm906pfvx5636fglw,,1,662237.634594,15068.598932,626.34077,170.0,456.34077,hollow,1,0.02275406613101678,27.141774596598587
pool1h8fnr4vlfcv9l4jlv9epalghy3zgjpye4wv85c4rafpvvfztsk7,,1,657527.622394,308023.907517,626.685413,340.0,286.68541300000004,balanced,1,0.4684577453879613,54.25369618424484
pool1y24nj4qdkg35nvvnfawukauggsxrxuy74876cplmxsee29w5axc,,1,647350.923621,150928.581787,313.279587,170.0,143.279587,balanced,1,0.23314801335691474,54.26462720662359
pool1jqw9cv37w0eewvdr36w2kacd2w9wh5uwm2y3vmc0fmdfc0ax26l,,1,645342.76161,85525.272176,313.238033,172.864761,140.373272,balanced,1,0.13252689464220796,55.18638951483903
pool18q7axjzcrs7pd2vpmcgh33p0r5cng2q0v6ldw5vtwuhl6ctgmeg,,1,640816.03227,16361.194574,313.156132,313.156132,0.0,hollow,1,0.02553181217399132,100.0
pool144m894gswuy3se407ma5870nkaw5ylykrak73gf4kpepj50ulfa,,1,616850.884061,10016.221553000001,313.164407,170.0,143.16440699999998,hollow,1,0.01623767074314431,54.28458541267111
pool1zsyqzr04g5pr3nv7vfk8ldc3uf0xljc8yftdsqpxxqpychpxj65,,1,613955.257369,70152.132723,626.374691,172.281873,454.09281799999997,balanced,1,0.11426261422310306,27.50460315134284
pool13mjxg33urh0xquvw33kjn85yw7j42uwqw0pvh8s6c67rszr7ssz,,1,608511.090436,83213.603967,313.187332,313.187332,0.0,balanced,1,0.13674952728861064,100.0
pool1z4f2vmmwckcm6c4fmhn3vmymhsg8gjukx5905g54hlhqs9kaht9,,1,607574.754077,53762.796659,313.208549,172.148128,141.060421,hollow,1,0.08848754214726055,54.96278072537542
pool1kdfznpenxa9wwcz8tweump45k5h78h8hl4slv78fdypsug9ypc6,,1,597830.845115,31735.511243,313.187299,313.187299,0.0,hollow,1,0.053084432665723845,100.0
pool1z724xxqgzf9a30eejsa4edznmv8hgy27ssxqfcpqz42sc6lfqwu,,1,567635.487552,19242.43882,313.164485,313.164485,0.0,hollow,1,0.03389928790919232,100.0
pool157e2zadjusu6esf9mmx37nf63ep2gazdeln5mh04ylpcvz59g5c,,1,563201.264961,264059.572069,313.310579,172.149659,141.16092,balanced,1,0.4688547212110494,54.94537067642392
pool1w2alpqttaulpukcrz0j902kk8wmq68q9qm50c6npaypk7yypy5a,,1,543219.169416,40513.304806,313.15492,313.15492,0.0,hollow,1,0.07458003525456353,100.0
pool1lzupr43772kfux007sdt02vlx7uzmfcplrwmxntdztxmwv9myrj,,1,538382.215946,142030.963176,313.21478,313.21478,0.0,balanced,1,0.26381065155808525,100.0
pool1h0prd5vcdv6uk7hglztdcqfp5czjqxdydxkxkdhg8rrk22mr4ym,,1,530642.968512,3969.938287,313.153683,170.0,143.153683,hollow,1,0.007481373583696555,54.286444397334456
pool12ndf7w5f4fdn746s5zlay4aexvcsjncnnmjwfp8falascjqav3y,,1,520685.94664,38691.732596,313.156107,174.497249,138.658858,hollow,1,0.07430915477108373,55.722128708158955
pool1gsrcrjm6ctkquef6m8jsyvplv0j357hupn92uklqdcm7729ytv6,,1,519512.414201,16100.898719,313.152486,313.152486,0.0,hollow,1,0.03099232718772057,100.0
pool12hhrd4azpps5jxppcqs2pgtylatg7xkhaqmnetgv2988k3t4drf,,1,509165.243467,500.0,313.153096,313.153096,0.0,hollow,1,0.0009819994715181417,100.0
pool1fr8ug253hlv0pt4sxu3w20r03pnpkh2wpedegp55t8nsx28rkma,,1,507194.806655,10312.47348,313.164386,171.431644,141.73274199999997,hollow,1,0.020332371989397496,54.74174320703249
pool126f65lklaqw39jgx9wl8klqtx99evewxk0x5yc2jzzp5wfs8fde,,1,504773.265837,151477.13185799998,313.263779,313.263779,0.0,balanced,1,0.3000894502739267,100.0
pool1t50sl2erwfaey5du4e7gnp52fylplh5q4j24zkkxk9t5vsxfcvm,,1,497281.022517,7432.694688,313.152485,313.152485,0.0,hollow,1,0.014946668687212785,100.0
pool155x3l57d4xu52t93f9r55cqaysej4pc2dl3jkc9d6w5ckyu6u7n,,1,496266.803495,27987.69355,313.158531,313.158531,0.0,hollow,1,0.05639646527411133,100.0
pool18rpw5dwfywfrzjuy7uzn2cetrw9v85aan8a80p3fdvtqcxykkqu,,1,474779.535047,50822.911378,626.414236,183.236013,443.17822299999995,balanced,1,0.10704528655172314,29.251572277485728
pool1kjd9ff9u5ytq4atavv2dfsg3pvxqw8d50642pzmpn386zel0ka8,,1,473742.017979,101328.340166,313.249671,173.581242,139.66842899999997,balanced,1,0.21388928218415212,55.41306442425602
pool1upx7l0yrsxt4l94t5xfckahj6m7pt5dpmnx6u60sjxmn5p5mezs,,1,467433.395203,2038.657778,313.152559,170.0,143.152559,hollow,1,0.0043613866679650445,54.286639247932825
pool1dj4l8qma9zzqqzhsawdkvxrs7qyqyv70kn56ywdqqazscvcqvva,,1,453636.012641,51477.7189,313.206857,313.206857,0.0,balanced,1,0.1134780252570878,100.0
pool1l8pvaam6f2wj2ank46uywp32wwapqga8e8utve3mgzzuxksc3tq,,1,447808.032741,71292.630494,313.224688,313.224688,0.0,balanced,1,0.1592035543838351,100.0
pool1ferfwtmcjm9rxc00ugtdwrm9m042jf4xjvse6a8u5smxqt0pwnx,,1,435089.288191,51714.06505,313.206537,172.864131,140.34240600000004,balanced,1,0.11885851123803816,55.191737904244306
pool1dgmuwu0txducah4pes4e2avlcv98wedml33kdz7ujtrrxk8xv9y,,1,428055.466503,251359.414541,626.560949,343.725292,282.835657,balanced,1,0.5872122521748905,54.859035270006906
pool1kcrr7re05pwesye0zh00a4xxnsrw5c29rd82fn4qecdcqu5rue3,,1,427511.395125,202841.840319,626.566175,170.0,456.56617500000004,balanced,1,0.47447118984908254,27.13201043768441
pool13qe6ycacqjg3gpvjewg8734d6hs6rhduuenjtnnkwh327hmtyz5,,1,425737.866638,140077.349848,313.206417,313.206417,0.0,balanced,1,0.32902252964758283,100.0
pool1t6xhh2stg5k50sjdzjglp2h0j59vupwv3kur45efvkk7cps5hwq,,1,409154.310202,1780.194479,313.153095,170.0,143.153095,hollow,1,0.004350912197701439,54.28654632967942
pool1grz62pdyyakffeymsjxpkz4x9382y3zhfa8zu28tk2fpqxm6p5l,,1,408928.709542,31059.381121,313.18645,313.18645,0.0,hollow,1,0.07595304608420987,100.0
pool12u28yewx8ycf6dj77lzpj6vvhjwp6veh6kxpc63h8fqnqqtlwmu,,1,407298.617799,105725.669123,626.429896,340.0,286.429896,balanced,1,0.25957777537849425,54.27582594174273
pool1dts0h87pntgmsffp6mjtnahfht2dz5zjjeeujhzmtn6wgctcuzd,,1,405828.070354,289746.113622,626.548327,342.578935,283.96939199999997,balanced,1,0.7139627216255818,54.67717656199248
pool1dkt4rqtjs6j6d8snna60s2g002ddcj5h62nee59mvsznk20q300,,1,401331.880587,2674.991897,313.153704,313.153704,0.0,hollow,1,0.006665286328829588,100.0
pool1p2ldp00jsl5l9xpg9m77zavhqmw7amtg5nlf0jwudlu2zaq389s,,1,371120.038851,368530.31153,313.178748,172.505628,140.67311999999998,private,1,0.9930218607191951,55.082162854805205
pool1xxvcz8dem4xufzn74v2y7fs709mfw3tpq963thzg5en5jrkv67a,,1,344536.841033,100016.617727,313.239325,313.239325,0.0,balanced,1,0.29029295510787,100.0
pool107qfdeg9wlpt9yntg7650kzval6ahl696jr2ca20763ukzr0tzw,,1,344153.32009,87723.365089,313.204715,313.204715,0.0,balanced,1,0.25489617553612254,100.0
pool16wt6mzvytu9key68efv7cx6zfkqn0d9kzlnt746cyuv0zj3nxh8,,1,298826.35291,14835.394469,313.164285,170.0,143.164285,hollow,1,0.04964553602629584,54.284606560419235
pool12r08n33avu33ncstukwxyr440mgaazmuclay38v0yt34xytu2dq,,1,284352.500979,168682.163872,313.196229,313.196229,0.0,balanced,1,0.5932149824293528,100.0
pool1gqf605yxhmyfasdjhf8yxcesztgzuek9gfuvy2dnyj5cyp8zga3,,1,266108.435476,7.310247,313.152454,170.0,143.15245399999998,hollow,1,2.7470932993626587e-05,54.286657450239886
pool1w2duw0lk7lxjpfqjguxvtp0znhaqf8l2yvzcfd72l8fuk0h77gy,,1,257929.136992,12939.491151,313.166438,171.431664,141.73477400000002,hollow,1,0.050166845444069914,54.74139090217579
pool1epqdygzumryx7w9kk5l76gfjsvzuesmeh3u3tfjmmdsw65ja7k3,,1,246415.870626,1341.327048,313.148595,171.431486,141.717109,hollow,1,0.005443346829051493,54.744453188429596
pool1ddghnthymd3duklvx5pfunymqg29xe4vlmy89u2efyjdktn33kz,,1,223322.0583,87304.512185,313.206692,313.206692,0.0,balanced,1,0.39093546266584805,100.0
pool1yz3fnqnsqhqpkc2tjqn4dkws8nnr8a5kcs50g780nh0wk8tgnp2,,1,223080.862664,102.492219,313.152558,172.863051,140.289507,hollow,1,0.00045943976446949543,55.200906581769004
pool1442wwr8zzdpcu8uwnglackzr3u5ggrmfxsjja0s7aef66hk2fuc,,1,215344.72223,20175.774960000002,313.174623,170.0,143.174623,hollow,1,0.09369059409058172,54.28281460723592
pool1lxhlu48gq0606mj6k20mh56zz804zf7narxvmty4pd3mgee65e5,,1,213512.726856,181440.652918,313.199289,313.199289,0.0,balanced,1,0.8497884673655521,100.0
pool1f297l6rl99h5v56x48j4pgza70ya3lm37yzu0njpcnsljqdd4dl,,1,210562.802182,50000.0,313.199075,174.295972,138.903103,balanced,1,0.2374588459208597,55.650219273476466
pool1qqqqvmpm9v2l0tkwx4dpzth3g85lapxjug2j6sucnphyqlt4fuu,,1,197015.119561,58610.314271,313.198089,313.198089,0.0,balanced,1,0.29749145345595174,100.0
ROCKX,RockX,1,190378.314095,14258.956657,313.152604,313.152604,0.0,hollow,1,0.07489800886609747,100.0
pool1777xvdg0vydjp78cdcfrmpuqj28w3nuasf7h9a2f6cd4z990777,,1,165845.412173,87200.068566,313.202989,171.002421,142.200568,balanced,1,0.5257912620159677,54.59795308658437
pool1v99msed3jqh4fd2qyzdn0t2qfmh3mv2cnfweatl85mdhz6l0ewc,,1,152531.514349,553.526273,313.153094,313.153094,0.0,hollow,1,0.003628930554858999,100.0
pool104ylwjrxvrp87r7769d6g6agu0ydxsn6hgmqjdsrf47e6j2ek46,,1,148721.07093,25449.585535,313.1526,170.0,143.1526,balanced,1,0.17112293083862073,54.28663214036863
pool1r6dzsz6ju52hgelstefrrel4y8fsyt8ck9qgfvvmamgns4vh7w4,,1,143950.91035,6064.542685,313.152599,177.15763,135.994969,hollow,1,0.04212924163004434,56.5723007140043
pool1wccveh5l4gvns7egngqdd4qk27w0kxqc68jjrnnkgjxz6zwt7ws,,1,130092.976348,11452.479478,313.152606,313.152606,0.0,hollow,1,0.08803303452266711,100.0
pool143nv3macakarny2hvg67gg00q5j2kdg6yfvcmefqmea3vnj0nex,,1,128874.026799,8650.613763,313.156058,175.726242,137.42981599999996,hollow,1,0.06712457100833855,56.114591275127125
pool1hv3yae6keeeu2y7eusejx4swd2myfkurldt7lasn2qu4xk20j8m,,1,126674.216619,4951.081815,313.157173,310.0,3.1571730000000002,hollow,1,0.03908515834671743,98.99182478569635
pool1v8gvy6tjp8x8wg5h4jw20p9up04lxgw0l0lgery9mz4h7h9x25n,,1,104191.267153,11.574132,313.152451,170.0,143.15245099999999,hollow,1,0.00011108543274556715,54.286657970305974
pool1nss40t2xhh7ntgp8ca73u2xd8kzyn3dgtf9jfh0y57kxul9zt82,,1,101059.824933,13485.863066,313.165846,171.431658,141.734188,balanced,1,0.13344435412332023,54.741492467859985
pool1hxdcr4u22lytge79hr5hds39e90jsdmhafphdgnn4hlqvl4qlt7,,1,97320.086777,5334.012666,313.153694,313.153694,0.0,hollow,1,0.054808959205126864,100.0
pool1jkxwcqkaaacvd77rf9lrj3qsgvtktqh7cglu3awsy34h5eava4d,,1,86087.22984,10027.251008,626.316454,170.0,456.316454,balanced,1,0.11647779846832622,27.142828344088176
pool1h92eaq3wksa7j3ecd8llyxva9kuyuz5ucm7a8hpwz8vhzj0wtsf,,1,23948.518096,23948.518096,313.15654,300.394696,12.761843999999996,private,1,1.0,95.9247716812812
