entity_id,display_name,pool_count,is_mpo,margin_values,n_distinct_margins,fixed_cost_values,n_distinct_costs,stake_weighted_margin,total_active_stake_ada,total_rewards_ada,total_operator_take_ada,total_margin_take_ada,total_fixed_cost_ada,total_delegator_pot_ada
COINBASE_BISON,Coinbase / bison.run,41,True,0.0300|0.0400|0.0500,3,340,1,0.047484,2444178497.07,735759.65,48198.86,34258.86,13940.0,687560.79
KILN,Kiln,10,True,0.0300|0.0500|0.1000,3,340,1,0.047753,750466470.02,218509.55,13052.88,9652.88,3400.0,205456.67
FIGMENT,Figment,20,True,0.0200|0.0600|0.1000,3,170,1,0.067645,699508381.78,212612.66,16926.59,13526.59,3400.0,195686.06
BINANCE,Binance,17,True,0.0300|0.0600|0.1000,3,345,1,0.066426,592305953.13,186951.97,18184.78,12319.78,5865.0,168767.19
EVERSTAKE,Everstake,12,True,0.0000|0.0400,2,170|400,2,0.0318,562360618.57,168941.35,9750.24,5410.24,4340.0,159191.11
BLOCKDAEMON,Blockdaemon,12,True,0.0300|0.0600|0.0800|0.1000,4,170|340,2,0.052858,536566962.96,163778.85,11755.35,8695.35,3060.0,152023.5
ETORO,eToro,11,True,1.0000,1,340,1,1.0,506369778.64,157202.55,157202.55,153462.55,3740.0,0.0
YUTA,YUTA,25,True,0.0489|0.0500|0.9999|1.0000,4,340|35000|999999,3,0.122937,466862592.2,152216.43,25435.19,6654.85,18780.34,126781.25
NORTH,NORTH,5,True,0.0000,1,340,1,0.0,361724384.8,112022.54,1700.0,0.0,1700.0,110322.54
WAVE,Wave / Wavepool,11,True,0.0100|0.0200|0.0216|0.0400|0.0500|1.0000,6,340,1,0.0687,355501039.45,129935.37,11145.0,7405.0,3740.0,118790.37
NUFI,NuFi,17,True,0.0300,1,340,1,0.03,313904092.49,94554.26,8443.23,2663.23,5780.0,86111.04
ONE_PERCENT,1PCT,18,True,0.0100,1,340,1,0.01,267830297.66,78303.35,6788.8,722.37,6066.43,71514.55
EMURGO,Emurgo,8,True,0.0150|0.0400,2,170|340,2,0.015358,258825047.4,84114.29,2811.48,1281.48,1530.0,81302.8
ADV,ADV,4,True,0.0000,1,340,1,0.0,257611037.82,82743.79,1360.0,0.0,1360.0,81383.79
SECUR,SECUR,5,True,0.0000|0.0300,2,170,1,0.021952,233367182.43,79848.04,2609.81,1759.81,850.0,77238.23
CRDNS,,8,True,0.0100|0.0189|0.0200|0.0400,4,340,1,0.018047,230008396.18,88960.58,4259.12,1539.12,2720.0,84701.47
OCEAN,AdaOcean,7,True,0.0100|0.0390,2,340|500,2,0.038668,192865026.9,61689.04,5589.14,2249.14,3340.0,56099.9
CCV,CCV,5,True,0.0300,1,340,1,0.03,177381884.93,58230.68,3395.92,1695.92,1700.0,54834.76
DIGI,DIGI,6,True,0.0200,1,170|250|340,3,0.02,171697454.23,47187.92,2688.16,908.16,1780.0,44499.77
EDEN,EDEN,5,True,0.0100,1,340,1,0.01,170641183.95,46971.48,2152.71,452.71,1700.0,44818.77
MS,MS4,4,True,0.0250,1,340,1,0.025,160971817.22,45232.38,2456.81,1096.81,1360.0,42775.57
BLOOM,Bloom,6,True,0.0400,1,340,1,0.04,148658705.43,42929.63,3675.59,1635.59,2040.0,39254.04
DAPP,DAPP,5,True,0.0200|0.0250|0.0550,3,240|340,2,0.022931,141245225.47,43261.87,2565.62,965.62,1600.0,40696.25
STAKEBOWL,StakeBowl,2,True,1.0000,1,340,1,1.0,140075642.5,51983.31,51983.31,51303.31,680.0,0.0
TITAN,TITAN,2,True,0.0050|0.0100,2,170,1,0.007584,135220201.31,24427.46,503.36,163.36,340.0,23924.09
ATADA,ATADA,2,True,0.0100,1,340,1,0.01,128489663.85,40579.96,1079.0,399.0,680.0,39500.96
BIGLAZYCAT,BigLazyCat,3,True,0.0000|0.0100,2,170|340,2,0.009121,125878386.43,40077.11,1203.26,353.26,850.0,38873.85
AICHI,AICHI,2,True,0.0050,1,340,1,0.005,124790252.22,35086.75,852.03,172.03,680.0,34234.71
NEDS,NEDS1,4,True,0.0150,1,170,1,0.015,118276632.36,41689.49,1295.14,615.14,680.0,40394.35
SIPO,SIPO,3,True,0.0250,1,340,1,0.025,114991300.93,41970.61,2043.77,1023.77,1020.0,39926.84
5BINARIES,,6,True,0.0490|0.9900,2,340,1,0.940133,107936085.83,33823.37,30875.95,28835.95,2040.0,2947.42
SPS,SPS,5,True,0.0500,1,340,1,0.05,104047840.31,34447.45,3337.37,1637.37,1700.0,31110.07
P2P,P2P,5,True,0.0000|0.0200|0.0350|0.0400,4,170|340,2,0.033465,95740717.91,32844.16,2395.23,1035.23,1360.0,30448.92
AUTOSTAKE,AutoStake,2,True,0.0000,1,170,1,0.0,94700555.39,29424.91,340.0,0.0,340.0,29084.91
SPIRE,Spire,3,True,0.0000|0.0100|1.0000,3,340,1,0.096994,93443287.65,28895.86,1864.41,844.41,1020.0,27031.45
PILOT,PILOT,2,True,0.0000,1,340,1,0.0,92704602.54,27654.89,680.0,0.0,680.0,26974.89
PAUL,PAUL1,2,True,0.0300,1,340,1,0.03,91014699.24,30071.45,1561.74,881.74,680.0,28509.71
FIMI,FIDA,5,True,0.0000|0.0100,2,340,1,0.007023,84997624.65,23801.72,1846.4,146.4,1700.0,21955.32
WEP,ISP,6,True,0.0080|0.0500|0.1000|0.9999,4,340|350|20000,3,0.378928,84548850.98,28812.46,14559.45,690.1,13869.35,14253.01
ACL,ACL,3,True,0.0100,1,340,1,0.01,84264745.42,25694.73,1266.75,246.75,1020.0,24427.99
COOL,COOL,6,True,0.0150|0.0200,2,170,1,0.019557,81671243.16,26001.72,1507.24,487.24,1020.0,24494.48
CAFE,CAFE,3,True,0.0000|0.0100,2,340,1,0.008497,81447131.38,26000.44,1224.81,231.54,993.27,24775.63
JOY,HOPE,8,True,0.0000|0.0100|0.0480,3,170|340,2,0.034172,79790651.4,23179.3,2733.58,693.58,2040.0,20445.72
ITC,FREE,3,True,0.0399,1,340,1,0.0399,78445145.79,23787.1,1928.41,908.41,1020.0,21858.69
pool14cq4fchmmqjygwjw4zexmqqd6a7caxptjnvseyu6wanjuppv4vk,,1,False,0.0000,1,170,1,0.0,76211487.09,24394.75,170.0,0.0,170.0,24224.75
pool16ajaae2n5lsyr4f9k9uz5y8tpf0996tw640dzu7chwp2wdrnz6a,,1,False,0.0000,1,170,1,0.0,75699278.18,20707.73,170.0,0.0,170.0,20537.73
SASA,SASA,2,True,0.0300|0.0350,2,340,1,0.033378,74589205.58,21275.28,1366.61,686.61,680.0,19908.68
BMTXS_GITHUB_IO,RETIR,1,True,0.0000,1,170,1,0.0,73261882.03,24131.54,170.0,0.0,170.0,23961.54
pool18ufrgfgmslekdxnk9v9345qvhrr7vfgzkvneqtwm7unnwaht6ww,,1,False,0.0000,1,340,1,0.0,72460103.68,24159.74,340.0,0.0,340.0,23819.74
pool1hnp560z9e5acwux8tjguxq36j9r255zuf02u7z2d46dvcf5zhns,,1,False,0.0000,1,170,1,0.0,71059965.78,25398.3,170.0,0.0,170.0,25228.3
VIPER,VIPER,2,True,0.0000|0.0090,2,170,1,0.006409,70062232.87,23206.74,479.59,139.59,340.0,22727.16
pool17s3mr9c4ejjfq20dz0ls9ggskc770kt267s9xmw93payzdswwgg,,1,False,0.0000,1,998,1,0.0,69788069.52,23490.13,998.0,0.0,998.0,22492.13
WESTBERG,BCSH,8,True,0.0200|0.0250|0.0500,3,340|400,2,0.021051,69524403.14,23492.3,3310.9,470.9,2840.0,20181.4
ONYX,ONYX,3,True,0.0100,1,170,1,0.01,68972291.11,17240.0,677.3,167.3,510.0,16562.7
pool13hxlxd6qa68fmfhrvvmasa0mjg30tj9p5v2lmgmgsmrp2rgzkfp,,1,False,0.0000,1,170,1,0.0,68874991.56,20685.39,170.0,0.0,170.0,20515.39
BRAVO,BRAVO,2,True,0.0000|0.0150,2,340,1,0.012716,68156763.13,19122.5,942.96,262.96,680.0,18179.55
XSP,XSP,2,True,0.0370,1,340,1,0.037,67452027.78,24686.37,1568.24,888.24,680.0,23118.13
pool15cy4p3axu0m6sfrmxsp46z5cevx3ruksfwjl48730cgx24j4ydz,,1,False,0.0000,1,170,1,0.0,66823869.53,25688.31,170.0,0.0,170.0,25518.31
pool1a8n7f97dmgtgrnl53exccknjdchqxrr9508hlxlgqp6xvjmzhej,,1,False,0.0100,1,170,1,0.01,66675743.52,20991.85,378.22,208.22,170.0,20613.63
STRIXJPN_GITHUB_IO,PNR39,2,True,0.0100,1,339|340,2,0.01,65975673.63,23799.63,910.21,231.21,679.0,22889.43
pool1zkdc6ve9nndk7vxnjlalhqt4hr5h8auz5qzjk7lrjrqtv23yuy5,,1,False,0.0100,1,170,1,0.01,64667276.72,22239.2,390.69,220.69,170.0,21848.51
pool1ddg6t2h9kj6lqlec4ncjs945lzj43m3ggrgdhf5sgzhtygpkznz,,1,False,0.0050,1,340,1,0.005,64637281.93,25050.68,463.55,123.55,340.0,24587.13
pool1whmm0hkxunyhxsr6dfjpx2tpvd05qhev820lx9vcmvqa5wjc6nh,,1,False,0.0085,1,340,1,0.0085,64422419.25,20386.79,510.4,170.4,340.0,19876.39
pool1z5uqdk7dzdxaae5633fqfcu2eqzy3a3rgtuvy087fdld7yws0xt,,1,False,0.0090,1,340,1,0.009,63795096.48,15333.91,474.95,134.95,340.0,14858.96
pool16f95up5u5lyqne5mnxmlhe0rgdgmya27mph288r6gw0ukegjffa,,1,False,0.0000,1,170,1,0.0,63525298.82,17225.69,170.0,0.0,170.0,17055.69
SNAKEPOOL_LINK,SNAKE,1,True,0.0100,1,340,1,0.01,63409878.43,18652.65,523.13,183.13,340.0,18129.52
HODLA,HODL₳,2,True,0.0215,1,500,1,0.0215,61208746.36,23148.64,1476.2,476.2,1000.0,21672.45
pool15s7w4spg5ee7n7rprhs0dq78plw2mhjkpu5v97uvl27gz2way7z,,1,False,0.0000,1,170,1,0.0,61120120.66,22242.49,170.0,0.0,170.0,22072.49
STI,STI,3,True,0.0150|0.0400,2,340,1,0.017684,60947154.97,15330.77,1280.99,260.99,1020.0,14049.78
CNODE,CNODE,2,True,0.0000,1,495,1,0.0,60431995.7,15057.21,990.0,0.0,990.0,14067.21
pool173mzegwuu0pjcrt60ekelzj5haqr8r5e4e0n45qh9jdz7xm5kh8,,1,False,0.0199,1,340,1,0.0199,59455188.52,22863.45,788.22,448.22,340.0,22075.24
pool1k0ucs0fau2vhr3p7qh7mnpfgrllwwda7petxjz2gzzaxkyp8f88,,1,False,0.0090,1,170,1,0.009,57337904.03,19175.22,341.05,171.05,170.0,18834.17
LINKTR_EE,ADAOZ,1,True,0.0100,1,340,1,0.01,56787673.32,14721.22,483.81,143.81,340.0,14237.4
pool1ft4xjlz9uw0r0ewcgtkgeakqrfc5azxmxwsm5pt94dv67mw4rgd,,1,False,0.0100,1,340,1,0.01,56723580.51,15700.96,493.61,153.61,340.0,15207.35
pool1ksrg8a964464las0ymw88slrwxkychjz9lh09lqltu5m7nw3pq0,,1,False,0.0069,1,300,1,0.0069,56456311.36,16299.79,410.4,110.4,300.0,15889.39
pool1gtphgrdj8sluxm9e7ca2spcwcq2p0dxj9zf5v0yv3gsagzq704n,,1,False,0.0150,1,170,1,0.015,55608511.16,18374.21,443.06,273.06,170.0,17931.15
pool1prc9hna2mgamtspchrygc66s9n4tlkvh39e3t9zccef4kzc3ns2,,1,False,0.0090,1,170,1,0.009,55395272.63,18395.22,334.03,164.03,170.0,18061.2
pool17ahr5ygy48vpdfnatqn2z4wfu2te4quapk2yx3k50ce6kd7feg0,,1,False,0.0199,1,170,1,0.0199,55307726.75,20256.17,569.71,399.71,170.0,19686.45
pool1mt8sdg37f2h3rypyuc77k7vxrjshtvjw04zdjlae9vdzyt9uu34,,1,False,0.0000,1,170,1,0.0,53978035.4,12839.5,170.0,0.0,170.0,12669.5
TERA,TERA,3,True,0.0000|0.0100,2,340,1,0.005838,53669177.4,13150.82,1097.75,77.75,1020.0,12053.07
pool1qqqqdktl6pq46td0mwut0qn30g7nlue0sete9wxl0hwsq37wrw8,,1,False,0.0200,1,170,1,0.02,53133063.41,17507.73,516.75,346.75,170.0,16990.97
pool1w7c2j0px43jmudhf48ezp7dy8j7904c9l3wc7809lhh2z026hch,,1,False,0.0250,1,170,1,0.025,51835043.81,17585.91,605.4,435.4,170.0,16980.51
ECO,ECO,1,True,0.0250,1,340,1,0.025,51560368.81,16598.56,746.46,406.46,340.0,15852.1
pool106sjgd9m4shsvtc9ruk7femgndknefmct6eedskww37pzv8hz9n,,1,False,0.0300,1,170,1,0.03,50643588.8,13465.56,568.87,398.87,170.0,12896.7
pool1a23gmvalpdams9d42t7fur8vmknzjv7wd3nsvuvrc7dv66lnau0,,1,False,0.0250,1,340,1,0.025,50614809.86,13787.73,676.19,336.19,340.0,13111.54
ATLAS,ATLAS,2,True,0.0000|0.0080,2,340,1,0.006869,49884162.72,17252.22,790.23,110.23,680.0,16461.98
pool1dxwgzj66pual956mnv9delkelg873yvgr2dd8s279m0hxqvr475,,1,False,0.0100,1,340,1,0.01,49762444.62,16295.09,499.55,159.55,340.0,15795.54
pool1pp7tn2w6ken4rpfcjwcdup3g4m5gcdhc9lgvrm3mnxz5stmrhq2,,1,False,0.0399,1,340,1,0.0399,49680350.51,16247.67,974.72,634.72,340.0,15272.96
pool1krznhwu3h5pu2stuslr53z5rme50t6384macsmylcnljwc7yjky,,1,False,0.0100,1,170,1,0.01,48872055.41,14100.1,309.3,139.3,170.0,13790.79
AWP,STSH1,3,True,0.0500,1,345,1,0.05,47571756.29,10645.82,1515.54,480.54,1035.0,9130.28
pool193uec04jldvah7r52q86wl033g4v42x0aste8jfg9999qepaxfp,,1,False,0.0100,1,170,1,0.01,47254466.17,18792.81,356.23,186.23,170.0,18436.58
pool1tpr44v3pxth9j0ff246dvsryxpanxwx52f024ws3ecvn72sgv55,,1,False,0.0000,1,170,1,0.0,46855405.0,15344.53,170.0,0.0,170.0,15174.53
RAY,XRAY1,5,True,0.0100,1,340,1,0.01,45607029.92,13778.76,1794.21,121.06,1673.15,11984.55
SUNNY,SUNNY,2,True,0.0200,1,340,1,0.02,45378969.62,14390.69,954.21,274.21,680.0,13436.47
IBEX,IBEX,3,True,0.0240|0.0300|0.9999,3,340,1,0.155782,44244285.04,13152.4,2546.7,1526.7,1020.0,10605.71
HRMS,HRMS,1,True,0.0200,1,340,1,0.02,43439326.04,10311.47,539.43,199.43,340.0,9772.04
pool16pv24th2tzy8k70vk4ms35tff0fjxfm2dd2psk7cvs27wnjvlgh,,1,False,0.0000,1,340,1,0.0,43054825.2,17850.39,340.0,0.0,340.0,17510.39
pool1du3r4a7xq60hg2x0wcz7lw5ya3qs74rk258c8kanp93rsqdqu45,,1,False,0.0000,1,340,1,0.0,42580370.65,14343.13,340.0,0.0,340.0,14003.13
pool1qqq0c53vaf5ju0n3fvujmyxwca0yhp65930evw9lngmr5705csz,,1,False,0.0010,1,340,1,0.001,42100749.48,11288.82,350.95,10.95,340.0,10937.87
pool1v5u6wzakuc25q3zpx04t8gjz3rgu60wuxkv2mh5nga23xjkc86s,,1,False,0.0000,1,340,1,0.0,41559232.68,11909.05,340.0,0.0,340.0,11569.05
pool1qvudfuw9ar47up5fugs53s2g84q3c4v86z4es6uwsfzzs89rwha,,1,False,0.1000,1,340,1,0.1,41317694.45,14718.17,1777.82,1437.82,340.0,12940.35
KIWI,KIWI,3,True,0.0200,1,340,1,0.02,40525711.04,13137.39,1262.35,242.35,1020.0,11875.05
DNEWS,DNEWS,2,True,0.0500,1,340,1,0.05,39547450.06,10961.93,1194.1,514.1,680.0,9767.83
KTO,,2,True,0.0100|0.9900,2,170|340,2,0.48468,38055317.84,12217.79,6129.29,5619.29,510.0,6088.51
4ADA,4ADA,2,True,0.0000|0.0200,2,170,1,0.01605,37849766.1,10338.62,474.4,134.4,340.0,9864.22
ADASTRONG_COM,ADBV,1,True,0.0500,1,345,1,0.05,37795624.65,9430.72,799.29,454.29,345.0,8631.43
pool14wk2m2af7y4gk5uzlsmsunn7d9ppldvcxxa5an9r5ywek8330fg,,1,False,0.0299,1,170,1,0.0299,37722049.81,12573.69,540.87,370.87,170.0,12032.82
ZETIC,ZETE,1,True,0.0000,1,340,1,0.0,37499996.87,11585.12,340.0,0.0,340.0,11245.12
pool1t6n7rysk6wzm9wqxda6zxpzmm3j6256fs3mp06dc26n6503hhj4,,1,False,0.0100,1,170,1,0.01,36620087.24,13778.82,306.09,136.09,170.0,13472.73
pool1xlfty06hg6q23qvcaxwv3p9ke7ff9n34qpr8tpxt2zflyq20ceh,,1,False,0.0090,1,340,1,0.009,35756125.21,12207.56,446.81,106.81,340.0,11760.75
NKR,NKR,1,True,0.0100,1,340,1,0.01,35483251.83,9709.24,433.69,93.69,340.0,9275.55
KAIZN,KAIZN,3,True,0.0250,1,340,1,0.025,34555407.6,10020.83,1245.02,225.02,1020.0,8775.81
MUEN,MUEN,3,True,0.0200|0.9999,2,340,1,0.750627,34153529.92,8142.09,5405.84,4385.84,1020.0,2736.25
pool1ewrm7y47s9hv6hxku9n5gfnsuspymp0qqpwgvgm9rvm37cek2h6,,1,False,0.0300,1,340,1,0.03,33635162.17,8455.42,583.46,243.46,340.0,7871.95
COFFEEPOOL_JP,COFFE,2,True,0.0250,1,340,1,0.025,33445907.42,11899.8,960.49,280.49,680.0,10939.3
pool1cmdq8atcy8x7lfhh09vdumveuh0ywsx0269ur774nvzkyhma37d,,1,False,0.0000,1,340,1,0.0,33183522.18,13780.86,340.0,0.0,340.0,13440.86
pool1lurfk0k0wwx54hlg8a7zp3jtstu57u59aeq7aketl55hknmmtu0,,1,False,0.0100,1,170,1,0.01,32763623.34,8801.86,256.32,86.32,170.0,8545.55
pool1c89d4drtwn0048mekkdkzllz559ahnntxelyw2mppxnmc36hjlx,,1,False,0.0099,1,340,1,0.0099,32585429.82,9435.32,430.04,90.04,340.0,9005.28
pool1yr0cv3dtmhcfgqa6yetvmf769ngk89e6tepecmjrmjl2jzcw2lm,,1,False,0.0000,1,170,1,0.0,32099496.02,9715.27,170.0,0.0,170.0,9545.27
WAFFLEPOOL_ORG,,1,True,0.0200,1,340,1,0.02,31651822.42,12252.79,578.26,238.26,340.0,11674.54
pool19f6guwy97mmnxg9dz65rxyj8hq07qxud886hamyu4fgfz7dj9gl,,1,False,0.0150,1,340,1,0.015,30775843.83,11588.63,508.73,168.73,340.0,11079.9
pool1gqgyta9sku3crjzfl9kj7kxsgfkt98y98yeu09kx22zscrezuj7,,1,False,0.0190,1,170,1,0.019,30727747.7,8201.42,322.6,152.6,170.0,7878.82
ELITE,ELITE,2,True,0.0000,1,340,1,0.0,28245312.1,7520.37,680.0,0.0,680.0,6840.37
pool1yc6f3cqsc7jfh07hcns64v5cp8720mve870pgxf2wkr3u8l7tse,,1,False,0.0180,1,170,1,0.018,27976128.43,5954.64,274.12,104.12,170.0,5680.51
pool1c3ecg6h4m73a2mftmdm9mz3gxklxmnzuwzl9e38lzd4y26qcm8a,,1,False,0.0250,1,340,1,0.025,27877809.97,7524.39,519.61,179.61,340.0,7004.78
pool1d3gckjrphwytzw2uavgkxskwe08msumzsfj4lxnpcnpks3zjml3,,1,False,0.0199,1,170,1,0.0199,27837940.7,10020.92,366.03,196.03,170.0,9654.88
pool1vtpn0drn5t39frknedmqq2jkhsfstwketsnvdm7cjzz674s30v2,,1,False,0.0150,1,340,1,0.015,27582192.55,8220.92,458.21,118.21,340.0,7762.71
pool1rvjj8cp3urh7de07pm0ceqha2x4lxws69lhd4429dm6djfjsy4l,,1,False,0.0100,1,340,1,0.01,27562863.78,10647.6,443.08,103.08,340.0,10204.52
pool1pfprlfz0ywcnewjegazz05ghgcfkvu40v6edsz6yn8w362sdjr8,,1,False,0.0080,1,340,1,0.008,26929288.98,8457.75,404.94,64.94,340.0,8052.81
pool1j099ctc7kcc9fa78dz5qwsy2g0n96lrgletwxvxmyzh4zd7ck0j,,1,False,0.0199,1,340,1,0.0199,26533334.36,9708.1,526.43,186.43,340.0,9181.68
pool1qqqyv9pn9typyqwcxqk5ewpxy5p27g5j2ms58hpp2c2kuzs5z77,,1,False,0.0250,1,170,1,0.025,26516830.89,10023.05,416.33,246.33,170.0,9606.72
pool1l6aeyn35nkqkn9lqqlwqnpraakdzuukjrqprcrj3sctk6hhe32k,,1,False,0.0200,1,170,1,0.02,25738433.35,6899.98,304.6,134.6,170.0,6595.38
pool1lfnlxfxxwvjadesxzm4c7grgs3elj70vfdnpjwjmg0ufsqnq52t,,1,False,0.0035,1,340,1,0.0035,25447644.27,9081.43,370.59,30.59,340.0,8710.83
pool1pjmqlsyny06w0x60rfd3seul5xc9pluh3t08y55ylhks28jeh7c,,1,False,0.9990,1,200000,1,0.999,25106960.19,4697.47,4697.47,0.0,4697.47,0.0
pool1m06dl8dfcy6d0475fanf0mtnnp2tzhw8rarums042q3jux23q0j,,1,False,1.0000,1,170,1,1.0,23984412.78,7515.66,7515.66,7345.66,170.0,0.0
pool13846y7q7tng3endxhet9qdcz5w0fjs09ytcye4dm5g54wmyqeqr,,1,False,0.0250,1,170,1,0.025,23916237.84,9093.45,393.09,223.09,170.0,8700.36
pool1qqvukkkfr3ux4qylfkrky23f6trl2l6xjluv36z90ax7gfa8yxt,,1,False,0.0080,1,340,1,0.008,23226707.99,7516.64,397.41,57.41,340.0,7119.23
pool1jhzf2mm6zdlhl6w89uhgx8nq8p6ykcc86qq58vjy0ejyxrrksfj,,1,False,0.0300,1,340,1,0.03,22485077.54,8771.68,592.95,252.95,340.0,8178.73
pool1xru6f3fflzwkptgm68pncrsncg9ngllv0jk8jnz40m7wusfhazk,,1,False,0.0100,1,340,1,0.01,22201389.45,7515.94,411.76,71.76,340.0,7104.18
pool1flkcdxj7cq6sfgl4fujx50p20ylqgj02kgwvfj4g5w24s6th8vz,,1,False,0.1000,1,340,1,0.1,21869503.8,6263.05,932.31,592.31,340.0,5330.75
pool1lskcfz80qg2kr2p6776kl9emjn8ulkqsqse7um7skz4y2lwa0cu,,1,False,0.0000,1,340,1,0.0,21511596.1,6889.62,340.0,0.0,340.0,6549.62
pool1eaeynp2hs06v4x8q65jfm2xqcd3dc80rv220gmxvwg8m5sd6e7a,,1,False,0.0000,1,170,1,0.0,20786043.31,5324.01,170.0,0.0,170.0,5154.01
pool1xjqjwe0t7uw7wfdygvt99e5wjcuz6ex6rcx2p067aqxp6tsgwgm,,1,False,0.3000,1,340,1,0.3,19560070.55,7515.66,2492.7,2152.7,340.0,5022.96
pool1mn6relcs7dn2fqzfq5yjlwxa49d900p5sdpw62jlx45k2djgwe4,,1,False,0.0000,1,170,1,0.0,19436767.62,5010.68,170.0,0.0,170.0,4840.68
pool18qddv82sx8p22uxzdrf0qx9lkewxadlr9ef45kpcf7dzz3n56qv,,1,False,0.0000,1,170,1,0.0,19428323.63,4699.98,170.0,0.0,170.0,4529.98
pool1tpy5yawzpetcverves0h6xdycxgrstehfvrkygydt9jcqxwpw3j,,1,False,0.0149,1,170,1,0.0149,19157785.84,5952.21,256.15,86.15,170.0,5696.05
pool1fuu0vcmzc28lqm09m4j3llg64ghf9j36tcsp9vcy3kpnz9pg9hn,,1,False,1.0000,1,170,1,1.0,19149576.75,6576.2,6576.2,6406.2,170.0,0.0
pool17taqml487n9t4r9a6ppvf9qv0qlw2lu4zcrzwfdsfcv6xp7uqym,,1,False,0.0169,1,240,1,0.0169,19080615.31,3758.56,299.46,59.46,240.0,3459.1
pool1zn9hjcmfddhcp2aj9xxuvz7z40rasyatkgavr8ryyz72qdfwtrj,,1,False,0.0100,1,340,1,0.01,18815431.95,6581.66,402.42,62.42,340.0,6179.24
pool1w4g7j8u97pvu2q7gsdaupnng0a2vmyllygfewhc29m2j5cehysn,,1,False,0.1500,1,345,1,0.15,18793722.64,4070.99,903.9,558.9,345.0,3167.09
pool126mkma8nv5axltmz7mmg8qz9e70nmhnf58hwx5772fhwgkhk6ag,,1,False,0.0300,1,340,1,0.03,18569687.27,5010.83,480.12,140.12,340.0,4530.71
pool18zf8txwv8lmtpq2src8wrhz0pjut5qft8h5tfxnctwc95r7jvvj,,1,False,0.0300,1,340,1,0.03,18564706.87,6263.66,517.71,177.71,340.0,5745.95
pool1qvkdjemewy8phhrkdhscjcnh3947f5ae42rdfjkv6gkgkjtlfsg,,1,False,0.9999,1,20000,1,0.9999,18498939.81,5636.75,5636.75,0.0,5636.75,0.0
pool1qku2yhky7sv4dfjfv42uyvauhehuqevk25aw952d7ulzqzx3jcu,,1,False,0.0050,1,170,1,0.005,18410390.52,6269.04,200.5,30.5,170.0,6068.54
pool1fm57fshvdlrgs5pnpk78tnxha0me28equyy96vj0xm85gy5chv0,,1,False,0.0090,1,340,1,0.009,18395130.81,3763.59,370.81,30.81,340.0,3392.78
pool1swe9nsv8lzugakjkfv04dn38scmq48wzynmn0lxasupuzmqcgjm,,1,False,0.0084,1,170,1,0.0084,18303323.81,4072.72,202.78,32.78,170.0,3869.94
pool1m62sl6rauje9cknrkhwl39tc4hujudkd7gp478dpz7tagmjr8wm,,1,False,0.0349,1,340,1,0.0349,17878252.32,4347.8,479.87,139.87,340.0,3867.93
pool1aqg6fvhcaulvss2ruvpx6ur9vj7pejvdcxv6xp0qlwuwx94evf0,,1,False,0.0200,1,340,1,0.02,17844729.17,3445.01,402.1,62.1,340.0,3042.91
pool130c3kgpkjctag540j7sxqfrlhsmpc6d8u0n7j6crm9ayy75mkpt,,1,False,0.9999,1,20000,1,0.9999,17605250.54,4697.29,4697.29,0.0,4697.29,0.0
pool1zmfpd5r5vfwjmwm4cgy53exe58h7plnecny3t4948yw7zumzp4c,,1,False,0.0250,1,340,1,0.025,17389514.52,5011.26,456.78,116.78,340.0,4554.48
pool1u7mqtde27swkarngjsn5mmw3sy20zavlafgqkmg8qv2n2nwga0l,,1,False,0.0190,1,340,1,0.019,17268471.48,4385.84,416.87,76.87,340.0,3968.97
pool1lp9wmr8dkcceta5we999nvlfh9um06cd6sggtt5523eawf7mtg4,,1,False,0.0100,1,170,1,0.01,16912484.82,5673.03,225.03,55.03,170.0,5448.0
pool1vs689gkmqtrljtmcwd2690nzqm2yyq23wk2zzx5g0v0gs5ug64a,,1,False,0.0080,1,340,1,0.008,15609859.48,4396.47,372.45,32.45,340.0,4024.02
pool1cq25dmlt5974x8tqg3e4dlzvrxefcce2atpnwlfp7ad5ugec9fp,,1,False,0.0300,1,340,1,0.03,15321164.4,5971.89,508.96,168.96,340.0,5462.93
pool154hq0j6u6ydz62mtlu7xaj78mhreyp0zsv2kq7f0qmne2fu4t7y,,1,False,0.0100,1,340,1,0.01,15157083.74,5950.59,396.11,56.11,340.0,5554.49
pool1fs2m5rmlx66crcwwrrsf2pcxjhvk7kzdurcqusd3v5gm65cufnj,,1,False,0.0000,1,340,1,0.0,15153782.64,7518.86,340.0,0.0,340.0,7178.86
pool10hex9l4wjgqarvhr94xgyh9frv5lhtajhrj4dah0kl65jtws30k,,1,False,0.0189,1,340,1,0.0189,14930516.0,3758.08,404.6,64.6,340.0,3353.48
IOG,IOG,2,True,0.0000|0.0700,2,340,1,0.060044,14841131.83,6001.33,1011.53,331.53,680.0,4989.81
pool1uk2f28awascuhrhuwrp7x6y87x8ch33vwx8jtmrysp7l5ngq78j,,1,False,0.0097,1,340,1,0.0097,14406092.18,5325.52,388.36,48.36,340.0,4937.16
pool1grgycym8cf0xmgjjr7gx7udmkpu93hqaygysy5myx6ghx8dvl5r,,1,False,0.0300,1,340,1,0.03,14257319.45,3132.29,423.77,83.77,340.0,2708.52
pool1850xvydng5mkjzkwqw6566y7e6hsrgakc3y87jrnqrkrwdjua2p,,1,False,1.0000,1,340,1,1.0,14167051.22,2818.37,2818.37,2478.37,340.0,0.0
pool1eqj3dzpkcklc2r0v8pt8adrhrshq8m4zsev072ga7a52uj5wv5c,,1,False,0.0100,1,340,1,0.01,14069346.54,3505.69,371.66,31.66,340.0,3134.03
pool1ld9hkah2dkzh73pvh9tf6xr0x28us34msv3zcv2sase5vhvq962,,1,False,0.0080,1,340,1,0.008,13970108.45,5958.59,384.95,44.95,340.0,5573.64
pool1ujcu3myfg9wwvdyh2ks653954lamtufy3lefjs73jrr327q53j4,,1,False,0.0400,1,340,1,0.04,13752111.67,1879.28,401.57,61.57,340.0,1477.71
pool1evg78egp8gfqae273kvmmdee2dnt6vty60dpwdespg4hujznh3a,,1,False,0.0180,1,340,1,0.018,13730482.76,3446.01,395.91,55.91,340.0,3050.1
pool18jqumjfevywycjj54m62g74ghds4mmuyqynpwfkaem0xktazlqw,,1,False,0.0200,1,340,1,0.02,13461688.65,5949.92,452.2,112.2,340.0,5497.72
pool1r0sxz0hygfc0266lhdclve6j3cwcwlth6dya6uey65yxjnwm7qc,,1,False,0.0000,1,170,1,0.0,13395388.77,2193.76,170.0,0.0,170.0,2023.76
pool1e98xlcgj80c3rdmm27v5hnvrdtut52e65uk0ema7ctfag596vr2,,1,False,0.0100,1,340,1,0.01,13370680.12,5329.71,389.9,49.9,340.0,4939.81
pool1jjry6f6q0swaq457ft9eclaxaskvrxnpj0v3w8edsyfryml3vj6,,1,False,0.0200,1,340,1,0.02,13236295.72,5971.85,452.64,112.64,340.0,5519.22
pool15txd36fltfgc63qq0yxtpqt88eu76s0yhugn9a6q7f4zspq6k5f,,1,False,0.0199,1,170,1,0.0199,13179549.85,5333.52,272.75,102.75,170.0,5060.76
pool1jt7d6ak3m8gnjyxtuxfswe258xzwda80ndl0a57vv5m2zv8h6at,,1,False,0.0290,1,340,1,0.029,13000161.28,5321.77,484.47,144.47,340.0,4837.3
pool1jk25l2pejpdzq8vdjlxrr05th49v9tgd78fqrtxvuw3rumpfc6t,,1,False,0.0490,1,340,1,0.049,12960587.11,2811.46,461.1,121.1,340.0,2350.35
pool1xlphlhnjvfeh40vcqf9fdewztsj6kyxq6604kaccpv00umjfu0d,,1,False,0.0500,1,340,1,0.05,12458223.09,3135.62,479.78,139.78,340.0,2655.84
pool1qqq6qqa0hpzvumv5p87ynczfmdj557xuwlc3289ke42g72z7f74,,1,False,0.0100,1,380,1,0.01,12430560.79,6272.56,438.93,58.93,380.0,5833.63
pool1f776th42gqa5ammpj738evvnlga5jk4ll0gr4uupkrqnqpjsfyt,,1,False,1.0000,1,10000,1,1.0,12217469.6,4070.98,4070.98,0.0,4070.98,0.0
pool1c60f68y8406zjmacluvcu8c0krgngp6h2qkkqhdz4mtl62ns0dq,,1,False,0.9999,1,500,1,0.99994,12109813.64,1878.92,1878.84,1378.84,500.0,0.08
pool1ue4ngerz28nkpstsr5p53qvl5ulq3jtmllj4my0d0n28yyrn4l4,,1,False,0.0100,1,340,1,0.01,12022987.26,3132.13,367.92,27.92,340.0,2764.21
pool1m4njkh73pdj90xxkgaz9dnh7gffweeupft8nfurlntg6cgqfmy8,,1,False,0.0100,1,170,1,0.01,12007337.84,3757.83,205.88,35.88,170.0,3551.95
pool170hmssk80z2ameg7jhj5m8psnkjejcc77vfpd0875yggxhhntd0,,1,False,0.0200,1,340,1,0.02,11774641.83,1879.09,370.78,30.78,340.0,1508.31
pool1c86ul4pnqvu7jzag8fjdy6dgrn6pt4ad4vmyq038hyg0wl2kaed,,1,False,0.0200,1,340,1,0.02,11432594.67,4384.14,420.88,80.88,340.0,3963.25
pool10tqeu6d03p6rnalqlvdshmpsljxaq2c0ww6draq6xm8lgyl2a3p,,1,False,0.0300,1,170,1,0.03,11307643.44,2192.92,230.69,60.69,170.0,1962.23
pool1x5dfpgp987e4jhxvgczr3wv50nv2pwd873tlx3uthvcasm422q6,,1,False,0.0200,1,340,1,0.02,11129493.63,5011.41,433.43,93.43,340.0,4577.98
pool13fpvzhz7p0f4c960k44erfykflr7qdp86t6jnxlfamhqcmfha42,,1,False,0.1000,1,340,1,0.1,11124272.23,4384.13,744.41,404.41,340.0,3639.72
pool1crts5gmqr34gsrn6wvrhfs9yqp0ynu8t2t4r350xp80s6pc56ue,,1,False,0.0000,1,340,1,0.0,11089868.89,2818.65,340.0,0.0,340.0,2478.65
pool1lhvpgr8lhsf6h03v9zqxm74pa63rdxx4yuvkqfw4tv9fua8t37a,,1,False,0.0300,1,340,1,0.03,11011326.38,3131.54,423.75,83.75,340.0,2707.79
pool1qetkrhjs9fll3nthuxk6zp0ssanf3rszg5wh8x79mg67gsg7vjv,,1,False,0.0300,1,340,1,0.03,10824613.82,2818.92,414.37,74.37,340.0,2404.55
pool1q9049mstrv5czwyylpf3xen08pmvsfsgtru4wf3zvc9uxat2sm0,,1,False,0.0400,1,340,1,0.04,10563713.91,1877.18,401.49,61.49,340.0,1475.7
pool1k7zrx5rw6cvef9m5qtp9sy4e53u93kwqx73ykz7md9gmwgf56yk,,1,False,0.0100,1,340,1,0.01,10555505.92,3131.52,367.92,27.92,340.0,2763.61
pool1qkd5y9azf2xx0gmrj68lrkcn59ldjmnpzd3y2rq3tvjp2vqljan,,1,False,0.0100,1,340,1,0.01,10516763.79,3446.67,371.07,31.07,340.0,3075.6
pool138s0uwydwtrhkaqj4uwkh37yqw098v9v6nf5q08k9nugumlf8mw,,1,False,0.0000,1,340,1,0.0,10373371.54,2818.37,340.0,0.0,340.0,2478.37
pool10eltx2wej46e62ulmwzm35xfu0azu47yvpjper7gwhncqe74vg6,,1,False,0.0290,1,340,1,0.029,10206821.55,2505.51,402.8,62.8,340.0,2102.71
pool125kh7e0y9lwya4sz5etmsk7hvga9jtfpuhw00vz9zvk6sh8xh5r,,1,False,0.0000,1,170,1,0.0,10006033.85,2818.48,170.0,0.0,170.0,2648.48
pool1ty7lh3nvtwxlcpqg2x30fkr3j9ys6nprztr9m4zp3aajxyjk2vz,,1,False,0.0100,1,340,1,0.01,9930816.42,3132.71,367.93,27.93,340.0,2764.78
pool1u0mc9ywfxl529atxyajuz3pgqnwgnk6w7lejjmjg22ucvn7z9vh,,1,False,0.0400,1,340,1,0.04,9896492.94,2818.65,439.15,99.15,340.0,2379.5
pool1qmsck80ldwm23t4t5elxc857r82ph3urkt7tpyq65ntn2dv2ust,,1,False,0.0000,1,340,1,0.0,9724194.6,2505.41,340.0,0.0,340.0,2165.41
pool1u4sxd6x0qsy7evljt24vtnyhpxd098n609sfcmly6c096mr3jgq,,1,False,0.0199,1,340,1,0.0199,9584003.59,3131.59,395.55,55.55,340.0,2736.03
pool1zj4h7kc6v53q9r8x3fwzfuayf2frwme8u5k86gu0uzeeuvqxgul,,1,False,0.0300,1,340,1,0.03,9565537.32,1546.73,376.2,36.2,340.0,1170.53
pool1heks0vmxkfka2amg9c8yn8qdsxvgmzelfx6jhpfkj8ht5mn0r2m,,1,False,0.0290,1,340,1,0.029,9297203.2,2505.46,402.8,62.8,340.0,2102.66
pool1mwp8ewtzmun0426v9z0h9um2amswgfzn78rckfl2fc3t5sy0m5g,,1,False,0.0100,1,340,1,0.01,9227557.49,2818.48,364.78,24.78,340.0,2453.7
pool1zytydvyy3qztrs8l2xyggvkfcjctp23m2hc3aj7sudnzgny79cg,,1,False,0.0100,1,340,1,0.01,9193441.9,1565.88,352.26,12.26,340.0,1213.63
pool1a6ysvnx24xsjh2f6ehgmx7yu9q45fd7lsk88v2swxkek7pkxtgp,,1,False,0.8500,1,340,1,0.85,9019187.51,2192.2,1914.37,1574.37,340.0,277.83
pool1lxqewhueg4hzyad766zhdwsjet5348ww8mzejf6fprxaw8wfq5s,,1,False,0.0200,1,340,1,0.02,8815030.61,1879.64,370.79,30.79,340.0,1508.85
pool1c3kxs76qj58284f923cx7ed8vw25en3nfghyurv0z9m2g3x9c4j,,1,False,0.0450,1,340,1,0.045,8636629.46,2192.08,423.34,83.34,340.0,1768.73
pool1qgmwcxs8d8qmr0vtvsqd9u8gugrventh5dcqukmu79e2sgfuu8t,,1,False,0.0500,1,170,1,0.05,8624050.56,3446.0,333.8,163.8,170.0,3112.2
pool10scv5quxduhrcc26wpurhk743dngspe8dc3zpkkam0svyx6ejx3,,1,False,0.2000,1,340,1,0.2,8616775.68,4070.98,1086.2,746.2,340.0,2984.79
pool1dpu6kslgxlg3ccrwxldl8e6r7ylnq0yalafmucp0yc7k6qegtt0,,1,False,0.0095,1,250,1,0.0095,8503363.76,4384.67,289.28,39.28,250.0,4095.39
pool1mkjtce8r8yeku0mmc9vpwl0scuwuwc8lz89ckpj3k0kwgvlunv5,,1,False,0.0500,1,340,1,0.05,8495354.22,2818.48,463.92,123.92,340.0,2354.56
pool1522rtve5zlgnlh3zm5a4mcy3u7gpndg3kkac3xyzxmp6x6weca3,,1,False,0.2500,1,340,1,0.25,8395702.12,1878.92,724.73,384.73,340.0,1154.19
pool1rcd7qslz3xnpnk9u6tcwegy5r2574uf8suqu24ptg637jha3sr5,,1,False,0.0200,1,340,1,0.02,8268783.6,2818.37,389.57,49.57,340.0,2428.81
pool16rahfu936wdfq34wf6t8rqxvdjxayra5f7y80xq0udnqglrqel9,,1,False,0.0000,1,170,1,0.0,8108661.73,1878.95,170.0,0.0,170.0,1708.95
pool1a3kdettzvvlqvkl9m9hwe63ggeq5fgvz0twqew5c62dzx99vsed,,1,False,0.0100,1,340,1,0.01,7894633.25,2505.46,361.65,21.65,340.0,2143.81
pool1ea34czsr90yc63fmv4gj4tetp7ds7c4jhpj6vqg4yw40wvygdl3,,1,False,0.0300,1,170,1,0.03,7832964.89,2818.48,249.45,79.45,170.0,2569.03
pool1cc76kmtcpf6vht32ya5ke9er74dnpy4jh5qpy4klqwp87ygdsu6,,1,False,0.0290,1,340,1,0.029,7758082.24,1882.37,384.73,44.73,340.0,1497.64
pool1svszcjg5xaxt5mq7ue2llm26ndt74dslvev04g6kwdmvyf0t657,,1,False,0.0100,1,340,1,0.01,7642583.01,3132.73,367.93,27.93,340.0,2764.8
pool12ktz62g9d32nq0cdk9jyyqg6kquj7lnmx776at5h598supql0t2,,1,False,0.5000,1,680,1,0.5,7636040.87,4697.47,2688.74,2008.74,680.0,2008.74
pool12qtv7kyrx8g0d5890alk6dkc6n6nyfx80synspvqafjrqd3ergz,,1,False,0.0000,1,340,1,0.0,7629367.05,2818.81,340.0,0.0,340.0,2478.81
pool1enul577he3e0s500lv8z98m6k936uecz2rpckxxmmk8c7k0n2rd,,1,False,0.0169,1,340,1,0.0169,7454212.88,939.82,350.14,10.14,340.0,589.68
pool16tcjctesjnks0p8sfrlf8f3d3vrp2fdn2msy80sgg3cdjtayu3z,,1,False,0.0100,1,340,1,0.01,7423733.7,1878.91,355.39,15.39,340.0,1523.53
pool1dhf4dt395f0c0ujnscazvzvw73ynzgwvtf5k4y9c907hwjdyaq4,,1,False,0.0000,1,340,1,0.0,7368977.65,2192.15,340.0,0.0,340.0,1852.15
pool1dmqzwuql5mylffvn7ln3pr9j7kh4gdsssrmma5wgx56f6rtyf42,,1,False,0.0300,1,170,1,0.03,7324465.1,2513.78,240.31,70.31,170.0,2273.47
pool1jvknf3dwtnqln5hcjrh5m7s979revuj5dlxr0337nwmm6p7250q,,1,False,1.0000,1,170,1,1.0,7211308.47,3131.53,3131.53,2961.53,170.0,0.0
pool1tp7fzx8w3lrwwuwff9x7nlqr4r5n0awpq0krwnahvj387n7y22h,,1,False,0.9990,1,345,1,0.999,7191572.95,2505.22,2503.06,2158.06,345.0,2.16
pool10jn0wjlh9y3w2ygq84u2llvlnxfz3lc4g0ssqlmpp3w3y2d2lw5,,1,False,0.0500,1,340,1,0.05,7179657.03,2506.18,448.31,108.31,340.0,2057.88
pool1q9kwa675j2z53jecrs6pn3fqsc9ypxrsypu5dgu6hammqkagy22,,1,False,0.0100,1,340,1,0.01,7156579.27,1878.99,355.39,15.39,340.0,1523.6
pool1a3ekt9me035qgju0en2w39vjns9ggtewnc9fugsmpgczvgtl6u9,,1,False,0.0100,1,340,1,0.01,7148611.19,2192.07,358.52,18.52,340.0,1833.55
pool1axngzl8clfn6pnjaf4w5r0q4tgcwktv0zcuxnn32hl995pthddr,,1,False,0.9999,1,7000,1,0.9999,7070382.63,939.46,939.46,0.0,939.46,0.0
pool16qr7dz5q4vwf3n87t4lmr0d2zlr5knexpdzkuk4trc8dwed7aw3,,1,False,0.0200,1,170,1,0.02,6952215.95,1252.61,191.65,21.65,170.0,1060.96
pool1cspe7naf0mtntwyysqxk6czah3jlh6v4cja8pdfju932yxsehnm,,1,False,0.0000,1,340,1,0.0,6897876.84,2192.49,340.0,0.0,340.0,1852.49
pool1qqqqzyqf8mlm70883zht60n4q6uqxg4a8x266sewv8ad2grkztl,,1,False,0.0400,1,340,1,0.04,6858581.82,2819.42,439.18,99.18,340.0,2380.24
pool1h59405hmvnxz2kyjpll3f65lnqhm7we3u96cws9vzzxzzws9gjc,,1,False,0.0500,1,340,1,0.05,6791911.16,1878.92,416.95,76.95,340.0,1461.98
pool1qvhss6kxmtl27nr4ugvypayhvt4a4vzll8p9csdg2v8q7d22llu,,1,False,0.0200,1,340,1,0.02,6789917.97,1879.28,370.79,30.79,340.0,1508.49
pool1lqpymyzg9glc88r7urptuv0d8t2tu9ty7xtshvxmgpu0j4lp8p3,,1,False,0.0100,1,170,1,0.01,6740401.47,1879.87,187.1,17.1,170.0,1692.77
pool1qqqqrwzy7njvjq9wph7usj5gghm3py9c97688ek8pgc7uem9cfz,,1,False,0.0400,1,340,1,0.04,6688585.23,1879.99,401.6,61.6,340.0,1478.39
pool1dmnyhw9uthknzcq4q6pwdc4vtfxz5zzrvd9eg432u60lzl959tw,,1,False,1.0000,1,340,1,1.0,6664162.8,626.34,626.34,286.34,340.0,0.0
pool18v9r8afalh50l4lstct2awdc3zspnvurcs7t45nv29uc2mnxc6c,,1,False,0.0000,1,340,1,0.0,6613693.76,1878.91,340.0,0.0,340.0,1538.91
pool1djg8jsygtculv3q2qdrxtnpxfq003pdxcvlw2pvfupq7jm5xpgp,,1,False,0.0200,1,340,1,0.02,6531370.93,1252.66,358.25,18.25,340.0,894.41
pool1zmhvvzlqp0xrhhqjhxyvfuct83wk4w85jckfkypz4fskcjzze2x,,1,False,1.0000,1,170,1,1.0,6513285.48,1565.77,1565.77,1395.77,170.0,0.0
pool106p2jjwuwagq2as7cdzx4y6cyc2pdj7a3h3vv5cvkvnskegff3w,,1,False,0.0000,1,340,1,0.0,6446000.2,3444.69,340.0,0.0,340.0,3104.69
pool1ev8fwfccn8gr0zcz3uyps0t0mcrefc6s95wjc6aed3ngc86y5rk,,1,False,0.0090,1,340,1,0.009,6404176.67,1565.95,351.03,11.03,340.0,1214.92
pool1q80jjs53w0fx836n8g38gtdwr8ck5zre3da90peuxn84sj3cu0r,,1,False,0.0000,1,340,1,0.0,6351777.68,1878.83,340.0,0.0,340.0,1538.83
pool1hwlghkwnjsjk8370qt3dvp23d7urwm36f95fmxcz3np2kghknj9,,1,False,0.0000,1,340,1,0.0,6351661.92,1252.61,340.0,0.0,340.0,912.61
pool140x77a7cz2j689lmxf836qpjtc3y83rka28v6gpswxdw2mag62e,,1,False,0.0299,1,340,1,0.0299,6333512.78,4074.81,451.67,111.67,340.0,3623.14
pool1k0xa8wlsntmjhtw2shj3tspqd4kjyquw9tuyx5s7zz5jsyw4y2p,,1,False,0.0000,1,170,1,0.0,6268605.96,1566.36,170.0,0.0,170.0,1396.36
pool1hkr5zcthjvcn3ffncc4jqk5ctxxfrk37h7uddqnvxd4cu872nrt,,1,False,0.9999,1,20000,1,0.9999,6178045.5,2818.37,2818.37,0.0,2818.37,0.0
pool10p3g22454ly7eaurlur5wc9d9ual2fnfwy7a6e7k09z3yf929k9,,1,False,0.0290,1,340,1,0.029,6128231.98,1565.78,375.55,35.55,340.0,1190.23
pool1ar6nsa2uzng70uf8fdrttu5jhgxzgu2f4za8h845zr435nfcruw,,1,False,0.0150,1,170,1,0.015,6063395.65,1879.1,195.64,25.64,170.0,1683.46
pool107rsdzswa5s3y8wk5z62tgh5lhm790dsyqjp4lq66fht7qnaq9d,,1,False,0.0050,1,340,1,0.005,6055113.49,1565.77,346.13,6.13,340.0,1219.64
pool1fxmancs3dmc9l0s7u7zrj8334m9nvzam5t5hnuuf4c7cjr6867m,,1,False,0.0100,1,340,1,0.01,5990667.51,2819.45,364.79,24.79,340.0,2454.66
pool1d9g45764jtjzagrmy5ndtrx4pua7l9sr4nh08l3mqs43xe6wnh9,,1,False,0.0150,1,340,1,0.015,5964079.93,1252.65,353.69,13.69,340.0,898.96
pool1gnnwyf9vwcgtm3us0w0duuy43r9k7yhnchvyx0xqv9766ysw2a9,,1,False,0.0000,1,170,1,0.0,5934399.71,2505.22,170.0,0.0,170.0,2335.22
pool1j6zqawj6f58lp4p00t26eqe58gxx4pa3cudlzpkv23y92nlxjzd,,1,False,0.0320,1,200,1,0.032,5887476.13,1879.1,253.73,53.73,200.0,1625.37
pool12eht6dqxpzqj87xuextrpufz2gxmt4reuesuw26r2utzw0kw906,,1,False,0.0000,1,200,1,0.0,5864731.44,939.6,200.0,0.0,200.0,739.6
pool16jefdagcsgzyek9jytzfezx5ajvfkytjgghaps64hzz6uzkpc0e,,1,False,0.0100,1,340,1,0.01,5857041.52,2192.17,358.52,18.52,340.0,1833.65
pool1qu48wpwwarmkewhlwge9xs87sgt8gdnqq26nnre2v6c8up4fxwr,,1,False,0.0200,1,340,1,0.02,5771858.12,1879.6,370.79,30.79,340.0,1508.81
pool15k0zeppza4qzgf6z7wmwsgvl5rz9f6489zxhrxqa8dj6jzju6ct,,1,False,0.0100,1,340,1,0.01,5761777.17,2192.24,358.52,18.52,340.0,1833.72
pool1q8a7ym63gurl72wr32je0tv0lp4p2uh8vzzc6rn6un7ryslvqmu,,1,False,0.0200,1,340,1,0.02,5736528.49,2504.4,383.29,43.29,340.0,2121.11
pool1wz27a9pvd2jat98s375lxaaj7qxy405km4vzp83wn5vtwp59kvh,,1,False,0.0000,1,500,1,0.0,5681022.29,1252.54,500.0,0.0,500.0,752.54
pool1pnzwgsgzd6t4788sfr7dxjyusepyq9xaxnpyfcngewqf29t9ayd,,1,False,0.0095,1,340,1,0.0095,5679409.01,2505.36,360.57,20.57,340.0,2144.79
pool1ztk6dcj2nc3plnujf3ek6jqngtx8hcryufz56lyumemlcy2xxn0,,1,False,0.9900,1,340,1,0.99,5654990.96,1565.76,1553.5,1213.5,340.0,12.26
pool10p6wd9k0fwk2zqkqnqr8efyr7gms627ujk9dxgk6majskhawr6r,,1,False,0.0100,1,340,1,0.01,5640424.69,3451.4,371.11,31.11,340.0,3080.28
pool1tj3u8pz6732uy2ut3s90e0j880jyu9j0ve9vtu9zj5xzglhdlqy,,1,False,0.0000,1,340,1,0.0,5590748.71,1878.91,340.0,0.0,340.0,1538.91
pool18xjkr4xpscwxsatewj9lqc6z74vw90qycjd0wrypeqej673j5u8,,1,False,0.0300,1,340,1,0.03,5553797.21,2192.08,395.56,55.56,340.0,1796.52
pool1fuzqy5r9x98826zv6wp40tr27uplemmstkd57cuw8jh5v5m90vn,,1,False,0.0050,1,340,1,0.005,5549321.9,2508.0,350.84,10.84,340.0,2157.16
pool1hjpax8lf2hmct63xxrspe9zzmmywcrzw89yg3nacu0axzy0latu,,1,False,0.0200,1,340,1,0.02,5428673.31,2192.14,377.04,37.04,340.0,1815.1
pool1py6q7y3f7jz60mt5jhsrdx6lqtuvc02chqgvwzjzayctqhgzzge,,1,False,0.9999,1,500,1,0.9999,5414432.85,2505.22,2505.02,2005.02,500.0,0.2
pool1hnnfvsq3xlln6vz7d2xmk6kqekd5z4ctmfpdad8g8kr0yk8kdfd,,1,False,0.0200,1,170,1,0.02,5387706.71,2119.26,208.99,38.99,170.0,1910.28
pool18gysxqfwz4j8rm3vlh6677vs9n23prvfr7gwe88mhn5uudgx9ng,,1,False,0.0195,1,170,1,0.01949,5355332.0,939.53,185.0,15.0,170.0,754.53
pool1qqqq4md2rfdt75qvh3x9cgmkrgkl74ctcj3fnxpu3ylcudl22ex,,1,False,0.0200,1,340,1,0.02,5225568.3,1878.99,370.78,30.78,340.0,1508.21
pool1pgmuramw9waw9ckxsvpxmcn9p6fd4xl5jmavu8jje0x5vuc00l0,,1,False,0.0300,1,340,1,0.03,5220231.99,2505.23,404.96,64.96,340.0,2100.27
pool1y49e700dnx8lpvznmysgzw203mjq6l7um85ka4ys6x0zcwgs77w,,1,False,0.0300,1,340,1,0.03,5200187.31,626.35,348.59,8.59,340.0,277.76
pool1uq8l234306m76unyz8kuwnkvmtvazaks6vuvyx3a3khngavvcw0,,1,False,0.0100,1,500,1,0.01,5104093.41,1572.41,510.72,10.72,500.0,1061.68
pool12wpfng6cu7dz38yduaul3ngfm44xhv5xmech68m5fwe4wu77udd,,1,False,0.0200,1,200,1,0.02,5099342.23,626.43,208.53,8.53,200.0,417.9
pool1pj5jnehwjtt4esfl0325hr338n98v3kcww3sggce59ugyf2f883,,1,False,1.0000,1,340,1,1.0,5086290.19,1878.92,1878.92,1538.92,340.0,0.0
pool1h6q8jj55dn6727yydlypu0rz4sflf2enxhs0thqydmddgu3shl5,,1,False,0.0300,1,170,1,0.03,5048768.1,1254.21,202.53,32.53,170.0,1051.68
pool1qqlf3epa7m8780p2jx5689u2ql06tw026l5377tptk2zswrc645,,1,False,0.0300,1,340,1,0.03,5047427.71,1565.76,376.77,36.77,340.0,1188.99
pool1wun8t7nt4daw2zgv0vj7cmwru97vsw0fccucjzuvs7y0qlc8xyv,,1,False,0.0500,1,340,1,0.05,5025101.02,1565.76,401.29,61.29,340.0,1164.47
pool1ytszp582dm9u5un6mevt9czgcnuqhflwfr9ly4ukpeqcughryqh,,1,False,0.0200,1,340,1,0.02,4991087.93,1255.93,358.32,18.32,340.0,897.61
pool1l3wdq3cec23jadkt2cx384vtgd75ncau33smrptwj87n2wedc0d,,1,False,1.0000,1,340,1,1.0,4984197.6,4697.31,4697.31,4357.31,340.0,0.0
pool16cerhwlk8nq7rpuerr4g08tpgeq7awnhgxzkyalc8n8xjwzxqm3,,1,False,1.0000,1,340,1,1.0,4846557.32,1252.61,1252.61,912.61,340.0,0.0
pool1mcwcfl96ew79rmj4zxehr33p55e4e62dt4whyr2vqesswp9mmvz,,1,False,0.0000,1,340,1,0.0,4808823.51,1565.77,340.0,0.0,340.0,1225.77
pool1r3ax7pd3cgad5kttench60ttr23kvfpx3vzvd6c3azppgw7q93t,,1,False,0.9900,1,170,1,0.99,4785153.38,1878.99,1861.9,1691.9,170.0,17.09
pool10fxpa6wkv0wc6wcmahcnz4wvvfx9m7547sevxrge3nfuv7yh8m0,,1,False,0.0000,1,340,1,0.0,4658255.06,2818.7,340.0,0.0,340.0,2478.7
pool1rpjjz68kmmetyxztmrstrwgz8lxf6v0d7vqgw98r5x8rc50jrdf,,1,False,0.0200,1,340,1,0.02,4618821.76,2506.22,383.32,43.32,340.0,2122.9
pool19ae6xhzsscypyha0sszv90xwjsh20hxecxjpcqynshfawvwxqnn,,1,False,0.0180,1,340,1,0.018,4566458.55,2198.86,373.46,33.46,340.0,1825.4
pool1fh4sh2telea0tfdy39h0drx6uq566yt9gf24edpz7335sclx39z,,1,False,0.0200,1,340,1,0.02,4432441.64,1253.09,358.26,18.26,340.0,894.83
pool1mg37s4w4uzsmw27nsnz2mwfll8sdawngvy3n657t7nd0yjcd77e,,1,False,0.0200,1,340,1,0.02,4418819.06,313.16,313.16,0.0,313.16,0.0
pool1etfxpqw7456eh337p7x5jsvxxa67fsduvnmucevrqweckex3nhl,,1,False,0.0000,1,170,1,0.0,4345472.44,1252.77,170.0,0.0,170.0,1082.77
pool1nffpy6r7l4ueeedzvvzsta2vty9g6mtet6huuhfzyvndkwd35dl,,1,False,0.0100,1,340,1,0.01,4321230.84,1565.77,352.26,12.26,340.0,1213.51
pool15f9qklmaajysmwx9n3rkgc5s2g3rfffz4x8spnedtzdgq43tpe2,,1,False,0.0200,1,170,1,0.02,4299754.88,1565.76,197.92,27.92,170.0,1367.85
pool165zu45p489lpuypt4fsuc5g8l9g9ha4dddlls84jlsp3k4vsw9p,,1,False,0.0500,1,340,1,0.05,4273701.76,1565.77,401.29,61.29,340.0,1164.49
pool1fyp482ntshhm9zfz4nv7pmsaeakscf5mnuzcxuvtqf6t56fc7l0,,1,False,0.0190,1,170,1,0.019,4254666.32,626.3,178.67,8.67,170.0,447.63
pool1vce30junxx06g2ha8ww02cqgy644yj69ehhg2x95qe7323zfznp,,1,False,0.0000,1,340,1,0.0,4240748.03,2192.07,340.0,0.0,340.0,1852.07
pool18j287g2sccele52hhxc0csk2ghfghwndqm9yahdqnhjks840wtq,,1,False,0.0250,1,340,1,0.025,4232770.59,313.18,313.18,0.0,313.18,0.0
pool1drv9qkh2tgqqucc0jp8cwswpmmkfzdd898ja7ac0uwm9j5d44tq,,1,False,0.0000,1,170,1,0.0,4165175.46,1570.48,170.0,0.0,170.0,1400.48
pool19m547w9wkcqm5hcstz67fly4ucz0zsp3dqv4n956xyusy4dlpue,,1,False,0.0100,1,340,1,0.01,4155915.0,939.46,345.99,5.99,340.0,593.46
pool1lnk67xp7jsc2e3yyun3fpaqvkx0f3c8q0ml29ge85udeghn2gvn,,1,False,0.0000,1,340,1,0.0,4142895.05,941.04,340.0,0.0,340.0,601.04
pool1les50pm26wpf8gym7cda470xgfswukzhyykvhyfsfl4dcu2ezj4,,1,False,0.0300,1,340,1,0.03,4031909.57,1878.92,386.17,46.17,340.0,1492.75
pool1t9m69j5thv2ke9jt9hhsgxlag44z7erp2s2ukcpruwhwqarc9np,,1,False,0.0300,1,170,1,0.03,4029249.49,939.82,193.09,23.09,170.0,746.72
pool1j6dh3ynys827j38976q0q3s3c9hpzgx40kjcq4472h6m7d3t0hm,,1,False,0.0300,1,340,1,0.03,4015591.47,2192.9,395.59,55.59,340.0,1797.31
pool1apupv5qtfp2aa2xlrzzjzx0uj686g3n695a329nq8j5jvvzumz0,,1,False,0.0100,1,170,1,0.01,3959495.72,939.49,177.69,7.69,170.0,761.8
pool1pqm2cev326p2mrruzw9xru65uvt3r7f0rdf5gtx54zdskxqhmur,,1,False,0.0500,1,340,1,0.05,3907992.14,939.49,369.97,29.97,340.0,569.52
pool19q034g07ka2ltwc3wwjeu79w29nlafc0w2ppne5ppu5wud60rgq,,1,False,0.0000,1,170,1,0.0,3889454.6,939.64,170.0,0.0,170.0,769.64
pool1gdgjzmp96kk0d0sj482655wqlq8jtc4t9xw8xzfwfx4tjyq73hw,,1,False,0.0200,1,340,1,0.02,3852805.69,2507.51,383.35,43.35,340.0,2124.16
pool1hezakp5r240dy4fcsm7mfd3qqahcvyrhj8hl770yxmxxzdwvcre,,1,False,0.9000,1,340,1,0.9,3843434.62,626.31,597.68,257.68,340.0,28.63
pool1y9rdlv5tksudwrx47afjx47grd4tyh24zccffjtp32u0cfpegvk,,1,False,0.5000,1,390,1,0.5,3831816.55,313.15,313.15,0.0,313.15,0.0
pool1jpz5m45ff4r6tnq7n5tw63fkhpmw3cyv8sn569w24x8lj3kl68c,,1,False,0.0100,1,170,1,0.01,3826704.48,939.49,177.69,7.69,170.0,761.8
pool1nhls8e9swnyshldgjknku4npreax075nw0ltrkmrarh4w3skxt9,,1,False,0.0250,1,340,1,0.025,3784685.67,939.81,355.0,15.0,340.0,584.82
pool1peayemzlkmcwn64c455mx8sxdaztq0xuv9hdxlp0kcsxz57up3z,,1,False,0.0100,1,340,1,0.01,3774090.66,939.64,346.0,6.0,340.0,593.64
pool1hqwxta8p0j8ffkyle5mf6yg80tucqzh8q9mszws60xe5ja06nwa,,1,False,0.0000,1,170,1,0.0,3733178.21,626.66,170.0,0.0,170.0,456.66
pool10pd44d65586rldtdzuu88e7mn4sxjctvdksmt05nnqfzqu7g7hd,,1,False,0.0100,1,340,1,0.01,3714380.1,939.46,345.99,5.99,340.0,593.47
pool1gntlh2yq89tpsd7kgaeuremj3s60rscqahyl52qzv0x87mt22rq,,1,False,0.0000,1,340,1,0.0,3697357.66,626.33,340.0,0.0,340.0,286.33
pool1h3aejp7fln74mwaraqjn65ve3j5zwqr7wk0pasct87wpkv0aspm,,1,False,0.0300,1,340,1,0.03,3680881.98,942.17,358.07,18.07,340.0,584.11
pool1e556526sqwugxwnmeumt9lhj5jukklg8vv3ynk75xt9vs7adr5y,,1,False,0.0090,1,500,1,0.009,3631573.94,1568.41,509.62,9.62,500.0,1058.8
pool1429egqgv60r3nxlp6cvs08qcffv7duddjvyjd0pt6wzhj7akda8,,1,False,0.0100,1,340,1,0.01,3587184.87,626.43,342.86,2.86,340.0,283.56
pool1mfgqn8n658vjdcvg3xgtr3qyet64fht0dzsukqeznxw36z8g2k6,,1,False,0.0189,1,340,1,0.0189,3531037.74,1565.82,363.17,23.17,340.0,1202.66
pool1kprt6l4quz03dhqx8jw22spdjvp5dkshdnn567vlexqkj35hd8a,,1,False,0.0000,1,170,1,0.0,3526405.87,1565.91,170.0,0.0,170.0,1395.91
pool15j6hdfel6c6zcr8gu39qgp5xkrs264yn9hm8ynhaydjtxvmznxq,,1,False,0.0000,1,260,1,0.0,3521393.89,626.35,260.0,0.0,260.0,366.35
pool136wr0g23dw9daekuyqtgk366vywms6meespgpm3hdguxqczaaug,,1,False,0.0500,1,340,1,0.05,3516919.86,939.46,369.97,29.97,340.0,569.48
pool1agwy5atgc4ptg3whplaxyz28g4dgvsna8auktszctkq8xmtl7dh,,1,False,0.0000,1,170,1,0.0,3511692.28,939.78,170.0,0.0,170.0,769.78
pool1t847w2hfv33qrra7q33nzq8epvcxv6ydshcq7w7j23c87xv2c2k,,1,False,0.0000,1,340,1,0.0,3505789.36,1252.61,340.0,0.0,340.0,912.61
pool165ljt7xrrpceutz5ppe96suuw0jcnrvhg0f5vu60df0r5mt0x0c,,1,False,0.9900,1,340,1,0.99,3476361.06,1565.77,1553.51,1213.51,340.0,12.26
pool1kks6sgxvx7p6fe3hhnne68xzwa9jg8qgy50yt3w3lrelvns7390,,1,False,0.0200,1,200,1,0.02,3457048.46,1565.82,227.32,27.32,200.0,1338.51
pool1g4th3pqfzh4zajzrhlh8y6wpuztrkzxwt5wd7q578894j06gwfc,,1,False,0.0000,1,340,1,0.0,3438542.71,1879.1,340.0,0.0,340.0,1539.1
pool137j9xuzycq4jxfpsmjnc75w2wnpz68khlwvsh69kt5negg6ldhg,,1,False,0.0100,1,170,1,0.01,3438214.56,939.46,177.69,7.69,170.0,761.76
pool1n2yp66zk6m33sg8k20hsvmk9tw7xeeswzdcfxhnx9hm9jkxv5k4,,1,False,0.0100,1,340,1,0.01,3411147.14,939.79,346.0,6.0,340.0,593.79
pool1j8grqucdwwcr0cwzxrtw30vqcptg0jdlrmauq5w7ytvqx6nf5np,,1,False,0.0100,1,170,1,0.01,3372957.19,940.31,177.7,7.7,170.0,762.61
pool154xmvhp4jnz7phwcla09uvzqnn3ch54lh2yzrt2znxdgc4trp8x,,1,False,0.0000,1,170,1,0.0,3347319.34,1565.76,170.0,0.0,170.0,1395.76
pool1druxd2syfrvqvepxh60fz0qhralcesruphh5atujuh0jktjy0ma,,1,False,0.0199,1,170,1,0.0199,3334276.38,313.16,172.85,2.85,170.0,140.32
pool14hhs6ruwnuaf4fzsmx89mvmjl2qhyy5jnzyk2le03886kj6z9yp,,1,False,0.0100,1,300,1,0.01,3315656.0,1878.92,315.79,15.79,300.0,1563.13
pool19ht066hngsjfnv3mfsc8u9fgzl4w5qcrmh8l6zppwph6s2t7jn4,,1,False,0.0200,1,170,1,0.02,3313586.89,1256.08,191.72,21.72,170.0,1064.36
pool1xtrwqwu6jn896szjwsyxxjczl6hc9sq4lh5ax68f7dt3gc0y9rx,,1,False,0.0400,1,340,1,0.04,3279087.69,626.31,351.45,11.45,340.0,274.86
pool1q0jmr57udknpq8k5qtgt5vgdjq9pzrzevf68966wxn8zgz7qy3w,,1,False,0.0150,1,340,1,0.015,3242679.07,1879.28,363.09,23.09,340.0,1516.19
pool15ftrqf7j80w57leflatx66x00qfhu483a290gmp7q85pjxrf480,,1,False,0.0000,1,340,1,0.0,3161759.96,626.31,340.0,0.0,340.0,286.31
pool1xzu4pva0k4y6geukd9uvvl3t3s8q8alzwahf575y5fj6cnkd5y2,,1,False,1.0000,1,170,1,1.0,3106476.79,1879.08,1879.08,1709.08,170.0,0.0
pool1r2g9wv7jyt7haygrmrc2tst2m8m9ssrr3c690ffp49uhywhvmdl,,1,False,0.0000,1,170,1,0.0,3084028.3,941.56,170.0,0.0,170.0,771.56
pool1m3h5p82m6v99nda37rmed8vrkqt43e2a8d89k76gw5ets0gdyag,,1,False,0.0450,1,340,1,0.045,3079175.13,939.49,366.98,26.98,340.0,572.52
pool16e2x06wk8ufyakgrzq0c9p5tmfhl6w0c80raxr0xtg5g7aakhgh,,1,False,0.0100,1,340,1,0.01,3046331.02,2192.9,358.53,18.53,340.0,1834.37
pool1a2gt2mvuf5zvtqlvw2xgks2efze3p4r985ft62q64lua7gx7lal,,1,False,0.0000,1,170,1,0.0,2998406.5,1253.08,170.0,0.0,170.0,1083.08
pool17rns3wjyql9jg9xkzw9h88f0kstd693pm6urwxmvejqgsyjw7ta,,1,False,0.0000,1,840,1,0.0,2994077.21,2192.07,840.0,0.0,840.0,1352.07
pool1hjjj584gq0ynqf06g036a4a0stpm90asrdfskpasqjxf5948ygv,,1,False,0.0200,1,340,1,0.01999,2988116.8,627.96,345.76,5.76,340.0,282.21
pool1uu65k00dp467qsszmqwl6udwnet3zszgx8n3kmn2aq84sae8ha9,,1,False,0.9999,1,170,1,0.9999,2960445.37,313.15,313.14,143.14,170.0,0.01
pool1xvaagsvl9prlr20hvg2qv434yss5c88r2ml6n43wcpepxmw85lj,,1,False,0.0000,1,340,1,0.0,2912438.61,626.31,340.0,0.0,340.0,286.31
pool1t8gjk7jzvujfv9s8q992e6s7tp8na0q3j62g7s4ppzfmccus4jk,,1,False,0.0300,1,340,1,0.03,2903143.89,627.04,348.61,8.61,340.0,278.43
pool10qmnswfc22zm0fscg80gkwqz65ujwjkqmctv8g9l9l58wqtelgg,,1,False,0.0080,1,170,1,0.008,2875797.75,625.45,173.64,3.64,170.0,451.8
pool1df9rj4n0t3zlpak7xnh4ue6t3yh9zlw7a02w4l8askp77up25rt,,1,False,0.0200,1,300,1,0.02,2864398.54,626.54,306.53,6.53,300.0,320.01
pool1g2y0j7rsv7dpu8p6jt2dva3rxfqjl2zu0ag9dd0cfm8guzg0lh0,,1,False,0.0300,1,340,1,0.03,2851484.71,313.15,313.15,0.0,313.15,0.0
pool1xwqye6mlftwjg706acz5fjqz7gmf4qdye99zsjl03a4ru68ghee,,1,False,0.0200,1,170,1,0.02,2849815.92,1253.08,191.66,21.66,170.0,1061.42
pool1s6x6kltycpxq82hyqhlqllqj3q5l2m8w499gvtu4xrfv29c0q2q,,1,False,0.0199,1,340,1,0.0199,2827102.96,939.49,351.93,11.93,340.0,587.56
pool1tcmk6at0dmkytxgq5j4u7fgsx9kytvfu7gz22lrs8hp9ztu7arw,,1,False,0.1000,1,340,1,0.1,2816473.86,627.91,368.79,28.79,340.0,259.12
pool1q0memmdw4ktr88fkma53tqgkaqeq3wfc476le59rped4cu8tn4h,,1,False,0.0000,1,340,1,0.0,2806942.62,626.37,340.0,0.0,340.0,286.37
pool1d76p7zfn2ydq577z4wsvmnl2lx4cxa3s5vplfuhvr8qfw8hd05j,,1,False,0.0190,1,170,1,0.019,2806194.74,1565.73,196.52,26.52,170.0,1369.21
pool1jyutduy73e5u9877uns3k9rm0tf4r24j8lrn4xtkjpl3q5sn5mw,,1,False,0.0300,1,170,1,0.03,2785386.31,939.46,193.08,23.08,170.0,746.38
pool1gppqnqfguctp6gu0q8l5wjhye0ny28yzfx93hkr384cfsezru0f,,1,False,0.0000,1,340,1,0.0,2781349.61,313.33,313.33,0.0,313.33,0.0
pool1nt65pu06tlggjeaer8862fdju98ddrrxa9wnw3k4lhfvgrrgt85,,1,False,0.0000,1,340,1,0.0,2777834.59,1252.73,340.0,0.0,340.0,912.73
pool1gqvrgg7zycvf65ydkjeph72t0yx0f5ykzd9f477zh4f3smwk997,,1,False,0.0100,1,170,1,0.01,2761900.8,1566.35,183.96,13.96,170.0,1382.39
pool1w728ekz4fs2f33qmqf7047hvwsmarjrv5l575ncnh7hkc0zdhgz,,1,False,0.0500,1,200,1,0.05,2736046.42,313.15,205.66,5.66,200.0,107.5
pool127xwsah7jllutuhen8vl7sve5278h7hhxtnys3cl438dyhuwgjg,,1,False,0.0200,1,340,1,0.02,2704877.08,314.0,314.0,0.0,314.0,0.0
pool10mf43thtl3keag50mrlvqa78xkwg7harmu4w5yzr3k7jvw0ap43,,1,False,0.0000,1,190,1,0.0,2696898.3,939.46,190.0,0.0,190.0,749.46
pool1m3gg43uhtetn4hmw79u8836dyq8qe4cex8qnn6mks5egza7n6tp,,1,False,1.0000,1,340,1,1.0,2694032.5,1252.61,1252.61,912.61,340.0,0.0
pool1dswpls43u0s6cpt0dh2d6npm0rnxh5qcjm9xax9y6fp3uq880xm,,1,False,0.0000,1,170,1,0.0,2618725.34,313.16,170.0,0.0,170.0,143.16
pool1w3xys99a8xmwcwse4tqpqmyqqzykryfc4w7cvvjusej0vnxdlrf,,1,False,0.9999,1,2000,1,0.9999,2608048.78,626.3,626.3,0.0,626.3,0.0
pool1egunxfppwtglyu3t864uq76y0zu05s7pjda3e9g95nwlwc5ye2h,,1,False,0.0090,1,170,1,0.009,2586210.77,313.75,171.29,1.29,170.0,142.46
pool1chfk2749hyrwqqpj9fapredjsgw3fdauyxw3hn82kavqva6nv3w,,1,False,0.0000,1,340,1,0.0,2575292.06,313.15,313.15,0.0,313.15,0.0
pool15m78a3nfcepn8ekyzx6sa8yexg7cqseer2ktu26f7l9jjq0e502,,1,False,0.0500,1,340,1,0.05,2565681.03,939.46,369.97,29.97,340.0,569.48
pool1r8938r4ts8f4t8nsp9xl9dktzapt7f67jgpsp4wrju39xrdnaye,,1,False,0.0085,1,340,1,0.0085,2554037.04,313.24,313.24,0.0,313.24,0.0
pool189lfh7azuvxu0hyskwahnp35rtez0mzhsmule3742p3jkza00cq,,1,False,0.0000,1,170,1,0.0,2537700.9,626.17,170.0,0.0,170.0,456.17
pool1py2uxkvuj926h42s40wxl26dh0ggaq882v4m0hkd99m86vzmwnz,,1,False,0.0500,1,340,1,0.05,2529293.43,939.81,369.99,29.99,340.0,569.82
pool1f6lnuxzw90mmd399nxqjvzyyxgmf4h3cp7j6pp5s7xmps86arct,,1,False,0.0100,1,170,1,0.01,2509673.45,939.55,177.7,7.7,170.0,761.85
pool1arsqn9w87wpqlm0sre66gs79dcs0jmwulytgke3vut7u62lttu7,,1,False,0.0180,1,170,1,0.018,2495296.36,1566.06,195.13,25.13,170.0,1370.93
pool1dxkf7k3qwnpgpxqfye8y9jvk7lver3fk8dq7c4dpzezyyx8cf5c,,1,False,0.0000,1,170,1,0.0,2495286.31,1252.61,170.0,0.0,170.0,1082.61
pool1ck8rqpxp7j8kyzutk856fnvgm8xsqmuh922wkeeg32ekjjrvtc0,,1,False,0.0000,1,340,1,0.0,2491420.6,313.15,313.15,0.0,313.15,0.0
pool1hw3cgyx7tvxh2fpd46k9sqgruu5pfnzt4nxuyv2w7nlmusutda2,,1,False,0.0333,1,333,1,0.03333,2485957.0,626.39,342.78,9.78,333.0,283.61
pool1c2utlagkpht4zj0jetsf245c258geuxnjqp9kf4f2z9rutx9dz4,,1,False,0.0500,1,170,1,0.05,2473015.74,313.18,177.16,7.16,170.0,136.02
pool1kvd03hq8kp0hnxq9lq598a5amrvauj9m386rwx7ydawvjdskwnh,,1,False,0.0000,1,170,1,0.0,2472261.84,625.67,170.0,0.0,170.0,455.67
pool1hfn7yuwfyhmmqe4qpaxfewuly7cnemc6kqkv5npytj9vcrskh6j,,1,False,0.0250,1,340,1,0.025,2472255.45,626.42,347.16,7.16,340.0,279.26
pool1cew2q6pge250exctkq26lyl0w95923xxa54thd79nv8xy9j3xe6,,1,False,0.0200,1,170,1,0.02,2457061.82,626.42,179.13,9.13,170.0,447.3
pool1aq2kqdp9xf9w47vttvmqnahwd4scz2qyddsr9l4mfru4qddg3kr,,1,False,0.9900,1,340,1,0.99,2456006.96,1254.26,1245.11,905.11,340.0,9.14
pool1jsxk3ymqv2gdc6mhqk52544g2aun4zhq5wgx6n32l5s3jlne70n,,1,False,0.0300,1,170,1,0.03,2455517.83,312.9,174.29,4.29,170.0,138.61
pool185ev4czpm5hc9xud25xlcz5lhpnl2jztqas6mgxujqke7j5mdzc,,1,False,0.0000,1,340,1,0.0,2342623.69,313.15,313.15,0.0,313.15,0.0
pool1fkg3cr9en57ccsmnde20eevkaeu3elp0h4yyqk3udkkxzhl70ju,,1,False,0.0300,1,340,1,0.03,2330608.55,939.46,357.98,17.98,340.0,581.48
pool10q2fhzwe4f5k2llny65z5z2fuhrpk3x56fdc0782djdq58p9uee,,1,False,0.0000,1,340,1,0.0,2309365.0,313.15,313.15,0.0,313.15,0.0
pool1dkww2vlysa8lsnuf5rca979zdsyr3zvt59hu7e420yxfunkka2z,,1,False,0.0180,1,340,1,0.018,2285414.81,313.2,313.2,0.0,313.2,0.0
pool1lmzhzkdvkh67a8hjcexlhajkk8f7kz2tf35frjut6creqs2kedg,,1,False,1.0000,1,340,1,1.0,2282915.98,626.31,626.31,286.31,340.0,0.0
pool1j3umdcuxcewcxz98wm3sx5xqwgxx0v7z376xyjfq4jgejpvv8fz,,1,False,0.0200,1,340,1,0.02,2275400.17,313.16,313.16,0.0,313.16,0.0
pool1cg559cdc25fkvs73umj6w5nxlwy3mpmj02xt7p4v69eqs5ncz9k,,1,False,0.0000,1,170,1,0.0,2258510.57,312.39,170.0,0.0,170.0,142.39
pool13r4e7tttcxp4qfs4gqtv0hz5k48qdhhxrskz8pjrj6fqy5qmee0,,1,False,0.0000,1,170,1,0.0,2256299.99,626.36,170.0,0.0,170.0,456.36
pool1gm4mcrf8mytfetsj6ykulrmv4j70y7fhceawgdg2h09t5rtt7cf,,1,False,0.0200,1,170,1,0.02,2203571.66,627.26,179.15,9.15,170.0,448.11
pool1qqq9tqyj69j9kygpxza3h82ynh8d0xlueucnu2yqum8nse8hj7y,,1,False,0.0250,1,170,1,0.025,2198303.36,1252.72,197.07,27.07,170.0,1055.65
pool1n4fq4gw6snzqjep3pylj8dc6aaa4xgn78gl58k360dqdw6a58g8,,1,False,0.0369,1,340,1,0.0369,2192246.5,313.2,313.2,0.0,313.2,0.0
pool1jmx55w5ydjkn4xd58gmr9xgt5t46ngs48aek779t92e7zcqfw97,,1,False,0.0100,1,340,1,0.01,2186987.94,939.53,346.0,6.0,340.0,593.53
pool1l5kwfudnqrhw3k4lwzcppu36nun9puvvr7xnanuz8a2zx4jaek5,,1,False,0.0420,1,340,1,0.042,2142536.34,313.15,313.15,0.0,313.15,0.0
pool1ncg357pkgx29g6jrwunk94pwxe409ktxyrw8s0k66vwkc4qdgnu,,1,False,0.0100,1,340,1,0.01,2094849.82,313.18,313.18,0.0,313.18,0.0
pool1h4gwh638485yd0xcw0pkrm935nvm4aecqsxjx2yzzz0u6dfj73q,,1,False,0.2500,1,340,1,0.25,2041482.78,313.15,313.15,0.0,313.15,0.0
pool1lrnyqdlrj97d0ju5j6d9xa8prw0xeyumfd53rz5wk3gf7czqzjz,,1,False,0.0100,1,340,1,0.01,2035173.71,626.54,342.87,2.87,340.0,283.67
pool190a9js7lk9lvmrngre7w268z9tz9xs9yz77audvw8ag4jerfdhx,,1,False,0.0300,1,340,1,0.03,2031898.33,1252.83,367.38,27.38,340.0,885.44
pool1ch3k0e07dhqwum847sa02cyecrp000a6egdx89fz5rza230jhlp,,1,False,0.0000,1,170,1,0.0,2024003.61,313.16,170.0,0.0,170.0,143.16
pool1utqhj9g53a5cwg7tyd8neky7jvjlgzuf470adc0e69cp5uuquzx,,1,False,0.0100,1,340,1,0.01,2018540.94,626.48,342.86,2.86,340.0,283.62
pool193rdch53x9c53rmftlqgzj22vmz6w8z8hhut2ckzd2zej45zpap,,1,False,0.0100,1,170,1,0.01,2009089.46,1252.66,180.83,10.83,170.0,1071.83
pool1n6z7rf722heq35v2dxvstfwezgdt8cv0mftpv4r9jay3wjk2kkt,,1,False,0.0100,1,340,1,0.01,2000171.99,313.16,313.16,0.0,313.16,0.0
pool1n7s5kpymwd0zsld8q23tpf7z5esjaqwmnnzzssee5630zpx5ww0,,1,False,0.0000,1,170,1,0.0,1992545.83,939.97,170.0,0.0,170.0,769.97
pool1tc6cy0cqknsm49cvsz0mksajfvlmh3vvcp8ngtmspycgx932w6g,,1,False,0.0000,1,170,1,0.0,1960479.4,626.31,170.0,0.0,170.0,456.31
pool1helzgcd9sjm9xtyh9mw2wy06gekh6r52s6mx987q0p8lvklwura,,1,False,0.0150,1,340,1,0.015,1949263.93,626.38,344.3,4.3,340.0,282.08
pool104v7kzpq86r0wnfsz8r7jeld2raap92qq84trjcqk62zyh9akqt,,1,False,0.0000,1,170,1,0.0,1916040.47,626.45,170.0,0.0,170.0,456.45
pool1zx909vz9qe73avvpd0y7qqcwz8fffvnup6yuq2e8hql4svk9xr7,,1,False,0.0000,1,340,1,0.0,1914142.24,933.75,340.0,0.0,340.0,593.75
pool1030vz0wxheg0dvarr8hmeavelpszmp52qucs68c7wc9uga6n6e4,,1,False,0.0100,1,340,1,0.01,1899854.09,313.21,313.21,0.0,313.21,0.0
pool1q2fh3cl6rx0wv5gry4qx5l4h65qpjf7x99xmq66nqj2fj5g6u9z,,1,False,0.0000,1,170,1,0.0,1856291.86,939.48,170.0,0.0,170.0,769.48
pool1j3kzujz0m07detlksr26sx7smft8xn280695zgu60zjhge9566f,,1,False,1.0000,1,290,1,1.0,1845950.77,313.15,313.15,23.15,290.0,0.0
pool1pf6yhzdr9vpct5rc3dtwersl4lyuglp80l4jc67kf2qj29xjg2u,,1,False,0.0100,1,340,1,0.01,1841455.45,625.61,342.86,2.86,340.0,282.76
pool18heqrjtge2emf2hes4mdxkr76y99zztkqk4qtjr9dul0vuur0yu,,1,False,0.0000,1,170,1,0.0,1841280.98,939.49,170.0,0.0,170.0,769.49
pool150hft90uw7tzr9uvj7tqkjp4u98a9hl20llj3n9ew76kkfm768r,,1,False,0.0033,1,170,1,0.00333,1830995.85,626.31,171.52,1.52,170.0,454.79
pool1nhd907krga9dh69kf0jg4tl0764rravepy337gptvsknxyyx94k,,1,False,0.0100,1,170,1,0.01,1827781.13,626.15,174.56,4.56,170.0,451.59
pool1mcvq2z34f9cfdmkd97famsh20ekqtndw246ny5e8ug3mxfdf4zq,,1,False,0.0100,1,170,1,0.01,1825180.94,939.49,177.69,7.69,170.0,761.8
pool1we0xjccr3vc4ypnmhzsgwp7sxpsytu8dtv0syeqmtrllvcex68q,,1,False,0.0000,1,170,1,0.0,1790739.77,626.31,170.0,0.0,170.0,456.31
pool1je2n5smmnyn3lh92xrp8nepjyfp596ypga6pmdecwtcrcj9uvec,,1,False,0.0150,1,170,1,0.015,1778552.18,626.64,176.85,6.85,170.0,449.79
pool1jayej3rwf5ynfmmu7583x3w2j73dcedtflgnazdezfn3kl6062x,,1,False,0.9999,1,340,1,0.9999,1770648.33,626.31,626.28,286.28,340.0,0.03
pool1k99yncea8tq9pfeks3yymyj6fwjf4apx0s490j09m4y66vtyufr,,1,False,0.0000,1,340,1,0.0,1757751.31,626.32,340.0,0.0,340.0,286.32
pool1gpz25s2aasmqnh9tg8a2rxmyxuvmj5s779htxk295e9ajnzjflc,,1,False,0.0000,1,340,1,0.0,1747952.43,313.16,313.16,0.0,313.16,0.0
pool1zkdaju2rjefa52uh6yh6etsxla0x6aqs6p6wm245y5szk7k3msd,,1,False,0.0250,1,340,1,0.025,1740861.24,313.17,313.17,0.0,313.17,0.0
pool1rj6apcqxcvavaxp22f75zs9upphena7ntsnut2efvq98g4404up,,1,False,0.0100,1,930,1,0.01,1693296.27,313.16,313.16,0.0,313.16,0.0
pool1m83drqwlugdt9jn7jkz8hx3pne53acfkd539d9cj8yr92dr4k9y,,1,False,0.0100,1,340,1,0.01,1683399.43,939.48,345.99,5.99,340.0,593.48
pool1js570lkcs6t3pwsj3eda0zz43mc5gm922ae5rdxcfn84gu5uyrg,,1,False,0.0200,1,340,1,0.02,1654936.5,313.32,313.32,0.0,313.32,0.0
pool1cpr59c88ps8499gtgegr3muhclr7dln35g9a3rqmv4dkxg9n3h8,,1,False,0.0100,1,170,1,0.01,1632212.53,313.24,171.43,1.43,170.0,141.81
pool19v4jgpxxl72eaq8pefctatvts3gkhtyzd8nwvzskkm3mkdv2tpy,,1,False,0.0200,1,340,1,0.02,1612714.3,313.15,313.15,0.0,313.15,0.0
pool1q8fqknvzyj9p4ezhxqdghlc7rnmwvwuku9eevgvl25cpjy385gg,,1,False,0.0000,1,170,1,0.0,1601330.36,939.48,170.0,0.0,170.0,769.48
pool1c30lqt59t8sjn5lg04r5wk5eucxa5h9cj05xs9gzc8lngl4cmta,,1,False,0.0190,1,170,1,0.019,1579296.27,626.37,178.67,8.67,170.0,447.69
pool1q7wrwstqkzhrffdzpw8ftfd4epmxywdjnp8384atjcnezchv242,,1,False,0.0100,1,170,1,0.01,1560339.23,939.47,177.69,7.69,170.0,761.78
pool1vflcm2fde9qyzcr0lkkv4httte3xep6sycasrtaxw6rt2me3vwp,,1,False,0.0000,1,170,1,0.0,1538518.98,626.33,170.0,0.0,170.0,456.33
pool1qeqylk3pnenvt3j4mah2dafcnd3h8uc3fqhvfzrxlxf3xuvdvvp,,1,False,0.9999,1,340,1,0.9999,1533918.68,626.31,626.28,286.28,340.0,0.03
pool1qqenhz258k5k9nyjull6gkzg7s4f3ae8v7qxwpegeef9v0nsy3e,,1,False,0.0100,1,200,1,0.01,1524715.4,626.45,204.26,4.26,200.0,422.18
pool1qqqqx69ztfvd83rtafs3mk4lwanehrglmp2vwkjpaguecs2t4c2,,1,False,0.0249,1,340,1,0.0249,1515917.91,626.32,347.13,7.13,340.0,279.19
pool1cmqpzlsrrjup8zg6qaperz868u64dlt7uvvdszsr658mvzz9qq0,,1,False,0.0000,1,170,1,0.0,1514235.87,313.15,170.0,0.0,170.0,143.15
pool12n6lycv28kjtkzecfz2a3uujyxy6ewuwjcmjq84my67psqmgagv,,1,False,0.0000,1,340,1,0.0,1511393.24,313.27,313.27,0.0,313.27,0.0
pool128r8qqgl9zgy3ff4759a2qslyauu5takaec3nxx4a6mvj3ys8da,,1,False,0.0000,1,700,1,0.0,1510672.06,1251.93,700.0,0.0,700.0,551.93
pool1zwqrrwpr5zx7c3f4ukpu4r4fz5c2hkwx9vwqka5068urgqvpjzr,,1,False,0.0300,1,170,1,0.03,1508690.13,313.2,174.3,4.3,170.0,138.9
pool19rjjay24ez2ezgqkyqvna6uwc5ur9lt489gwvrv7ve5exlcld3x,,1,False,0.0000,1,340,1,0.0,1486848.23,626.36,340.0,0.0,340.0,286.36
pool1vc8jhqtwjrjwsfk6a0enx47hd2ufg98c34ta6lvl0zv0uhpech9,,1,False,0.0000,1,300,1,0.0,1482454.64,626.42,300.0,0.0,300.0,326.42
pool1ktgug7wwf9k4hcsuk68ftkh8xs5n0333fzxyw9sagz8njhlskgm,,1,False,0.0000,1,340,1,0.0,1479252.92,939.87,340.0,0.0,340.0,599.87
pool1j742gcsul7u8c05rsqmkgpkvj5qadj0pew69nctu6crqy9wjjn4,,1,False,0.0100,1,340,1,0.01,1473366.34,313.23,313.23,0.0,313.23,0.0
pool1upa4pa4qmcgaps4uactx9eas44rfwk9h0rxgua3l4xnf6wevfkt,,1,False,0.0000,1,170,1,0.0,1466784.21,1252.73,170.0,0.0,170.0,1082.73
pool1gxvkc0576e75065p5k0csvwme9y2qrefd5ga66nx0z65xxjt8jk,,1,False,1.0000,1,340,1,1.0,1456868.34,939.46,939.46,599.46,340.0,0.0
pool1p627hhec2ha6wu6ql377c3hv4mjd26w7ll0xyw2ezgnu6nyl0a4,,1,False,0.0000,1,170,1,0.0,1456055.47,626.53,170.0,0.0,170.0,456.53
pool1ezh8sewqgzy7267yvy0jssz8q7amce37x3dhmfl22j8lwz6wjrd,,1,False,0.0200,1,340,1,0.02,1455424.34,626.53,345.73,5.73,340.0,280.8
pool14qpadfdjzw6jkwxy67uhey6tjpyppsmwgz5awfsxwrtpsecslpc,,1,False,0.0200,1,170,1,0.02,1455119.45,626.51,179.13,9.13,170.0,447.38
pool18mnua97ndq302yw2c6aaw6msx5rgf79mfnk4xe5y92tvjl45etl,,1,False,0.0000,1,170,1,0.0,1429166.98,313.15,170.0,0.0,170.0,143.15
pool1u2lghnv4ae3zy73ysjlgvxwj7tuqpmyfavk74j48g0gnqnyc692,,1,False,0.0000,1,340,1,0.0,1426970.69,626.31,340.0,0.0,340.0,286.31
pool19ut4284xy9p82dd0cglzxweddfqw73yennkjk6mmp650chnr6lz,,1,False,0.0190,1,170,1,0.019,1424460.51,313.27,172.72,2.72,170.0,140.54
pool17xh922cr9skc0fqk7sr8at6xx6eluh5qyv9p7ca2x0mtc3st0mz,,1,False,0.0200,1,170,1,0.02,1423412.81,626.4,179.13,9.13,170.0,447.27
pool17ynruzy9lvq0x55ks22vtf4lrrdrw2ucydh4tfzhg9kkyeaw8nf,,1,False,0.0000,1,340,1,0.0,1396667.61,626.31,340.0,0.0,340.0,286.31
pool1sf784g6eje8vzq9f5wu583eurhfq2ee9hzyhl46yezkuqqtmw07,,1,False,0.0100,1,340,1,0.01,1381601.47,313.15,313.15,0.0,313.15,0.0
pool1phc0dedrry2jp2s2tqngcw87vzx3mychvm7qqe3470etzsf3ph7,,1,False,0.0000,1,170,1,0.0,1379878.99,626.34,170.0,0.0,170.0,456.34
pool1yyv7vx5zhhsd60jp4tl72vpznwvpvjp35m4z7jr42ugkxmndyv5,,1,False,0.0200,1,340,1,0.02,1379860.27,939.48,351.99,11.99,340.0,587.49
pool1ntwurms3f0j4kqe5wfpg9chlasylp0lmuw72m4fn66vnuyrvs8v,,1,False,0.0000,1,170,1,0.0,1377487.44,626.69,170.0,0.0,170.0,456.69
pool180fejev4xgwe2y53ky0pxvgxr3wcvkweu6feq5mdljfzcsmtg6u,,1,False,0.0000,1,170,1,0.0,1372661.06,313.21,170.0,0.0,170.0,143.21
pool1n940lfxkd7z73qzj5y554yrletrmgg5x2eya9tpglh3uwcqfnud,,1,False,0.0000,1,270,1,0.0,1370948.53,1252.61,270.0,0.0,270.0,982.61
pool1jezf7dcx26edfpxmpuh05yen64a9cj44xm2ggsapcxrtqewfek2,,1,False,0.0299,1,170,1,0.0299,1344676.48,626.96,183.66,13.66,170.0,443.3
pool1e2tl2w0x4puw0f7c04mznq4qz6kxjkwhvuvusgf2fgu7q4d6ghv,,1,False,0.0000,1,170,1,0.0,1323569.74,313.16,170.0,0.0,170.0,143.16
pool1nwfzutmm6et5yt6mdk6d3ls57qfmwje0hwcepr3dn68mu9wl0pd,,1,False,0.0000,1,400,1,0.0,1314703.27,1253.06,400.0,0.0,400.0,853.06
pool1rqgf6qd0p3wyf9dxf2w7qcddvgg4vu56l35ez2xqemhqun2gn7y,,1,False,0.0100,1,170,1,0.01,1285980.23,1566.06,183.96,13.96,170.0,1382.1
pool167qekemyleju9g7eugaguqxh5telvmmmrs3a7sp897f6za308hg,,1,False,0.0000,1,170,1,0.0,1280150.85,313.15,170.0,0.0,170.0,143.15
pool1pzqdfptvl5f8vh28az37jag2wkfmqz9x8d6eufl8y0z9q34hlr7,,1,False,0.0400,1,340,1,0.04,1265652.39,313.48,313.48,0.0,313.48,0.0
pool1s2rj8t2a5tfv0rpsfak77g03h96uv3rqxp62t6jm3dh45g2e2pj,,1,False,0.0000,1,340,1,0.0,1258270.2,940.17,340.0,0.0,340.0,600.17
pool1e7mwu80pmsjqdf8lu7rsfdj5sldashslll0hpj7rhx3w6xpwkq7,,1,False,0.0000,1,250,1,0.0,1244095.34,313.15,250.0,0.0,250.0,63.15
pool1ddywudgudfaphp8txj9qf7alj3uk6wzyd22u7cd2myhyv3lyxxx,,1,False,0.0000,1,340,1,0.0,1239558.22,313.51,313.51,0.0,313.51,0.0
pool1mq2q0fjekk5lt8j2krryf5rvwx5z4l5l0r6afhhj0mtg23ylyuk,,1,False,0.0200,1,340,1,0.02,1220236.1,626.63,345.73,5.73,340.0,280.89
pool1980svf2cxnfy66s5jgjv7y22xud75z9kfe6n0c3y54s62w56435,,1,False,0.0000,1,340,1,0.0,1219966.22,622.85,340.0,0.0,340.0,282.85
pool127gdv243hfcrapslaqq0nnh64u2gts72gtrt4888g6g2z0zsu64,,1,False,0.0100,1,340,1,0.01,1192606.4,313.19,313.19,0.0,313.19,0.0
pool1l8myd66tqjk75kh7uk9k8nyl20sd4qs33s4tzzn927ujyl7ahyk,,1,False,0.0300,1,170,1,0.03,1191859.71,626.31,183.69,13.69,170.0,442.62
pool145ak0czqxe97ef38zjupk0pz5yk7pahcyrdfee2lrnsnwawj6dc,,1,False,0.0450,1,340,1,0.045,1183483.13,313.16,313.16,0.0,313.16,0.0
pool1vwquf4wt465lhketcy2j7jwpz5l6l0ce6a79ga3y4wg7gc8egp0,,1,False,0.0000,1,170,1,0.0,1182612.14,313.16,170.0,0.0,170.0,143.16
pool1a6wdglfp93m2z4nhptx9xhjazgyqusjpu387gdrp899cj98yuqq,,1,False,0.0500,1,340,1,0.05,1152485.05,313.16,313.16,0.0,313.16,0.0
pool1ygsyw93csvam58nf63gttknj9dvj3zxh54h4eh0kals7kdf0nx6,,1,False,0.0000,1,170,1,0.0,1146269.59,313.15,170.0,0.0,170.0,143.15
pool1r5srulgd6gpav0sympqrkt9f4ykl06lh9sgk0p20r54v7759kws,,1,False,0.0000,1,340,1,0.0,1102717.56,313.21,313.21,0.0,313.21,0.0
pool199a44nvtjr0c5xlanz4p5c0nywu8l6k5hz3t2he0hq7wvljnsrt,,1,False,0.0000,1,170,1,0.0,1062913.36,626.36,170.0,0.0,170.0,456.36
pool1xmtmp6cmmmaatkn3jd9dlht8xjyf7xnqmrurs59kj2ygxuz2jkd,,1,False,0.1500,1,345,1,0.15,1051470.68,626.31,387.2,42.2,345.0,239.11
pool1calq8kjzrvp83l80rtvgmulausl99q4tjfkz2lp227vkymd5wgg,,1,False,0.0200,1,170,1,0.02,1034877.83,626.67,179.13,9.13,170.0,447.54
pool12yscr8j3zs34ewxrwlk0p2w5uvgcnrzywpp78ddjsj8kxd530f9,,1,False,0.0100,1,340,1,0.01,1034443.22,939.63,346.0,6.0,340.0,593.64
pool1gslrt6mmljsqkzft6nd0q7w7g2fyhxpxx6sj4ff68x22kwx6unm,,1,False,0.0000,1,170,1,0.0,1030102.77,626.42,170.0,0.0,170.0,456.42
pool1vqjyjsp6dawkj8tzmfpu39hvgnkph99qzarw4dll6yq76gpaa4d,,1,False,0.0300,1,170,1,0.03,1015332.41,313.15,174.29,4.29,170.0,138.86
pool1zfhww5y28t303z6uyq3w47pkhfmxww9dsn89vrxteplg2zjkekl,,1,False,0.0500,1,170,1,0.05,1014781.58,626.62,192.83,22.83,170.0,433.79
pool15mfkj8sl7estcmmd5a07afrx5f4hlz3pcr6p6ay5pfmrjfl2hlf,,1,False,0.0100,1,340,1,0.01,1008946.3,313.42,313.42,0.0,313.42,0.0
pool16p8y0pzx8yx7vz6eqksw9xjhh3tzeymvxcstrgtk8ncw75356yw,,1,False,0.0000,1,170,1,0.0,1008939.11,313.15,170.0,0.0,170.0,143.15
