epoch_no,pools_with_min_cost,pools_with_zero_margin,pools_total,p10_margin,p25_margin,p50_margin,p75_margin,p90_margin,mean_margin,p50_fixed_cost,mean_fixed_cost,stake_weighted_margin,pct_min_cost,pct_zero_margin
211,237,20,254,0.005,0.01,0.02,0.04,0.05,0.031530157480314965,340.0,346.43307086614175,0.04234200726656248,93.30708661417323,7.874015748031496
212,332,32,350,0.001,0.01,0.02,0.03975,0.05,0.03041925714285714,340.0,346.49482857142857,0.04176918729386411,94.85714285714286,9.142857142857142
213,349,51,369,0.0,0.01,0.02,0.0325,0.05,0.028598455284552845,340.0,344.99728997289975,0.041646783347940246,94.579945799458,13.821138211382115
214,370,52,392,0.0,0.01,0.02,0.035,0.05,0.028257295918367346,340.0,346.3494897959184,0.041936905105150066,94.38775510204081,13.26530612244898
215,362,50,384,0.0,0.01,0.02,0.037875,0.05,0.029819140625,340.0,346.0234375,0.041471683964818595,94.27083333333334,13.020833333333334
216,371,61,389,0.0,0.01,0.02,0.035,0.05,0.028631053984575834,340.0,344.573264781491,0.04090649808908264,95.37275064267352,15.681233933161954
217,362,59,379,0.0,0.01,0.02,0.035,0.05,0.02840126649076517,340.0,344.4854881266491,0.040524034106425945,95.51451187335093,15.567282321899736
218,368,63,386,0.0,0.01,0.02,0.03,0.05,0.02829968911917099,340.0,342.5362694300518,0.04020001740146378,95.33678756476684,16.321243523316063
219,375,72,392,0.0,0.009,0.02,0.03,0.05,0.027208035714285712,340.0,342.67857142857144,0.0398530941819909,95.66326530612244,18.367346938775512
220,381,67,401,0.0,0.01,0.02,0.03,0.05,0.028024887780548628,340.0,342.70516209476307,0.039766418594182576,95.01246882793018,16.708229426433917
221,388,69,403,0.0,0.01,0.02,0.03,0.05,0.027597642679900745,340.0,342.106699751861,0.03948191878173995,96.27791563275434,17.121588089330025
222,384,59,397,0.0,0.01,0.02,0.03,0.05,0.03069108312342569,340.0,342.05037783375315,0.048743676087827405,96.72544080604534,14.86146095717884
223,396,69,414,0.0,0.01,0.02,0.0315,0.05,0.030325772946859907,340.0,342.64251207729467,0.04723840626521337,95.65217391304348,16.666666666666664
224,401,65,418,0.0,0.01,0.02,0.03,0.05,0.03187062200956938,340.0,342.4856459330144,0.0471684117064662,95.93301435406698,15.550239234449762
225,411,72,429,0.0,0.0099,0.02,0.03,0.05,0.031518158508158506,340.0,343.6060606060606,0.04677275730855996,95.8041958041958,16.783216783216783
226,412,68,434,0.0,0.01,0.02,0.03,0.05,0.03189841013824885,340.0,343.7327188940092,0.046087179599070764,94.93087557603687,15.668202764976957
227,416,69,437,0.0,0.01,0.02,0.03,0.05,0.03366796338672769,340.0,343.34553775743706,0.0648505060102084,95.19450800915332,15.789473684210526
228,406,70,423,0.0,0.01,0.02,0.03,0.05,0.03883346572104019,340.0,343.51536643026003,0.06439661868279999,95.98108747044918,16.548463356973993
229,401,66,430,0.0,0.01,0.02,0.035,0.05,0.039761479069767444,340.0,343.1209302325581,0.06381287387570492,93.25581395348837,15.348837209302326
230,437,71,468,0.0,0.01,0.02,0.03,0.05,0.03601276923076923,340.0,343.65811965811963,0.06408958787333144,93.37606837606837,15.17094017094017
231,447,61,479,0.0,0.01,0.02,0.034165,0.05,0.03876462630480167,340.0,342.1106471816284,0.0637628881615582,93.31941544885177,12.734864300626306
232,471,70,506,0.0,0.01,0.02,0.03,0.05,0.0369957628458498,340.0,342.27667984189725,0.06330519046194286,93.08300395256917,13.83399209486166
233,490,79,524,0.0,0.01,0.02,0.033125,0.05,0.045801230916030534,340.0,341.868320610687,0.06346930119864301,93.51145038167938,15.076335877862595
234,547,77,582,0.0,0.01,0.02,0.03,0.05,0.04358882302405498,340.0,344.9776632302405,0.061643627967876966,93.98625429553265,13.23024054982818
235,563,79,597,0.0,0.01,0.02,0.03,0.05,0.04620947236180904,340.0,343.99832495812393,0.06213081373481113,94.30485762144055,13.23283082077052
236,571,77,606,0.0,0.01,0.02,0.03075,0.05,0.056628671617161716,340.0,343.9059405940594,0.08079989213991608,94.22442244224423,12.706270627062707
237,590,75,623,0.0,0.01,0.02,0.03,0.05,0.055843216693418934,340.0,343.78491171749596,0.08107666139911637,94.70304975922953,12.038523274478331
238,576,82,610,0.0,0.01,0.02,0.03,0.05,0.056040992796444325,340.0,344.9393442622951,0.08120581548973017,94.42622950819673,13.442622950819672
239,586,79,641,0.0,0.01,0.02,0.04,0.06,0.05621916787181129,340.0,345.1988212870515,0.0800757547525234,91.41965678627145,12.324492979719189
240,618,86,677,0.0,0.01,0.02,0.035,0.06,0.05394770547390109,340.0,346.067126211226,0.08100832813578608,91.2850812407681,12.703101920236337
241,609,82,667,0.0,0.01,0.02,0.03845,0.06,0.05448198891428942,340.0,346.0906213568216,0.08069030895043298,91.30434782608695,12.293853073463268
242,613,73,672,0.0,0.01,0.02,0.035,0.06,0.05315901280629619,340.0,345.8125,0.08016160636676908,91.22023809523809,10.863095238095239
243,646,79,702,0.0,0.01,0.02,0.035,0.06,0.05322137550688182,340.0,345.3176638176638,0.08140248725282677,92.02279202279202,11.253561253561253
244,636,83,695,0.0,0.01,0.02,0.0325,0.06,0.05330362677097991,340.0,345.68776978417264,0.08126022680781135,91.51079136690647,11.942446043165468
245,669,87,730,0.0,0.01,0.02,0.03,0.06,0.0526813967203165,340.0,345.83972602739726,0.08176418214931859,91.64383561643835,11.917808219178081
246,663,82,727,0.0,0.01,0.02,0.03,0.06,0.051894236046535126,340.0,346.7235213204952,0.08095449183502765,91.19669876203577,11.279229711141678
247,693,91,763,0.0,0.01,0.02,0.03,0.06,0.05161267445063046,340.0,347.5897771952818,0.08021934534706936,90.82568807339449,11.926605504587156
248,721,86,783,0.0,0.01,0.02,0.03,0.06,0.050963372421240154,340.0,350.8952745849298,0.08009200114105125,92.08173690932313,10.983397190293742
249,717,85,785,0.0,0.01,0.02,0.03,0.06,0.050724561281313425,340.0,352.02292993630573,0.08406491763233154,91.3375796178344,10.828025477707007
250,743,86,816,0.0,0.01,0.02,0.035,0.06,0.0496076232914596,340.0,350.7242647058824,0.08470358581064494,91.05392156862744,10.53921568627451
251,755,78,823,0.004100000000000003,0.01,0.02,0.03225,0.06,0.049250983725189594,340.0,351.27703523693805,0.08206477619563832,91.73754556500607,9.477521263669502
252,792,100,866,0.0,0.01,0.02,0.03,0.06,0.04873743718918134,340.0,350.6916859122402,0.08696486970590471,91.45496535796767,11.547344110854503
253,795,99,876,0.0,0.01,0.02,0.03,0.06,0.04822362740391671,340.0,354.47945205479454,0.08762071862488328,90.75342465753424,11.301369863013697
254,798,99,878,0.0,0.01,0.02,0.03,0.06,0.04916048816153877,340.0,364.92938496583145,0.08641266375401928,90.8883826879271,11.275626423690206
255,811,108,896,0.0,0.01,0.02,0.03,0.06,0.049631649113650714,340.0,372.88169642857144,0.08742090911259036,90.51339285714286,12.053571428571429
256,826,107,915,0.0,0.01,0.02,0.03,0.06,0.05003673071675524,340.0,372.4448087431694,0.0861864828627581,90.27322404371586,11.693989071038251
257,838,104,927,0.0,0.01,0.02,0.03,0.06,0.0475473663493323,340.0,372.3128371089536,0.0841097968949392,90.39913700107874,11.21898597626753
258,864,114,953,0.0,0.01,0.02,0.03,0.06,0.04902658825375765,340.0,372.15529905561385,0.08717831423756031,90.6610703043022,11.962224554039874
259,862,114,953,0.0,0.01,0.02,0.03,0.06,0.048409419727177334,340.0,371.6778593913956,0.08778122221674901,90.45120671563484,11.962224554039874
260,887,120,968,0.0,0.01,0.02,0.03,0.06,0.048660007857263474,340.0,370.3915289256198,0.0910661708499918,91.63223140495867,12.396694214876034
261,864,121,952,0.0,0.01,0.02,0.03,0.06,0.049346994333856135,340.0,371.74789915966386,0.08811283816403133,90.75630252100841,12.710084033613445
262,895,129,988,0.0,0.01,0.02,0.03,0.06,0.04722397115974802,340.0,370.62145748987854,0.0891503975969469,90.58704453441295,13.056680161943321
263,885,129,975,0.0,0.01,0.02,0.03,0.06,0.04959027446751901,340.0,370.54769230769233,0.0905991295097318,90.76923076923077,13.230769230769232
264,889,138,975,0.0,0.01,0.02,0.03,0.06,0.04941878308290363,340.0,1404.8748717948718,0.08742188242589465,91.17948717948718,14.153846153846153
265,891,133,984,0.0,0.01,0.02,0.03,0.06,0.050532516875844556,340.0,1396.07418699187,0.0866180483891775,90.54878048780488,13.516260162601625
266,882,129,980,0.0,0.01,0.02,0.03,0.06,0.05266620765901127,340.0,1403.4204081632654,0.08686983515213004,90.0,13.16326530612245
267,866,131,960,0.0,0.01,0.02,0.03,0.06,0.052824335943574004,340.0,1425.6114583333333,0.08653542505250207,90.20833333333333,13.645833333333332
268,909,149,999,0.0,0.01,0.02,0.03,0.06,0.05152756106689794,340.0,1387.8648648648648,0.0858399832519293,90.990990990991,14.914914914914915
269,882,135,977,0.0,0.01,0.02,0.03,0.06,0.05299194228846576,340.0,1407.8474923234392,0.08681142617526179,90.2763561924258,13.817809621289662
270,890,142,981,0.0,0.01,0.02,0.03,0.06,0.05215026259513868,340.0,1403.0295616717635,0.0861355771233908,90.72375127420999,14.475025484199797
271,910,151,1004,0.0,0.01,0.02,0.03,0.06,0.050670481599433305,340.0,1379.2211155378486,0.08352113942944213,90.63745019920319,15.0398406374502
272,894,148,990,0.0,0.01,0.02,0.03,0.06,0.053556024773566704,340.0,1394.5757575757575,0.08381845762154806,90.30303030303031,14.949494949494948
273,904,145,996,0.0,0.01,0.02,0.03,0.06,0.052422784664489,340.0,1387.7660642570281,0.08508443946357738,90.76305220883533,14.558232931726907
274,938,154,1026,0.0,0.01,0.02,0.03,0.06,0.05048381630197957,340.0,1355.3723196881092,0.0849933445699706,91.42300194931774,15.009746588693956
275,939,162,1029,0.0,0.01,0.02,0.03,0.06,0.05226849710965116,340.0,1352.3197278911564,0.0825680617854403,91.25364431486881,15.743440233236154
276,907,160,999,0.0,0.01,0.02,0.03,0.06,0.053052246772603645,340.0,1382.884884884885,0.08272782961748538,90.7907907907908,16.016016016016017
277,942,167,1033,0.0,0.01,0.02,0.03,0.06,0.05337623090593518,340.0,1347.8238141335914,0.08979024052058143,91.19070667957405,16.16650532429816
278,918,158,1010,0.0,0.01,0.02,0.03,0.06,0.05591202626319905,340.0,1370.7247524752474,0.09288838098811446,90.89108910891089,15.643564356435643
279,954,167,1045,0.0,0.01,0.02,0.03,0.06,0.05663405313476655,340.0,2292.8,0.09455175907365285,91.29186602870814,15.98086124401914
280,942,166,1031,0.0,0.01,0.02,0.03,0.06,0.0565786096273822,340.0,2319.3123181377305,0.09449544085166499,91.36760426770127,16.100872938894277
281,956,170,1043,0.0,0.01,0.02,0.03,0.06,0.05754988458852449,340.0,2296.6788111217643,0.09487283050978294,91.65867689357621,16.29913710450623
282,971,184,1055,0.0,0.01,0.02,0.03,0.06,0.055359573105053114,340.0,2274.2616113744075,0.09491931476772991,92.03791469194313,17.44075829383886
283,947,169,1036,0.0,0.01,0.02,0.03,0.06,0.05726058543999135,340.0,2309.7596525096524,0.0955783150332609,91.40926640926641,16.312741312741313
284,968,180,1062,0.0,0.01,0.02,0.03,0.06,0.05860490256669589,340.0,2261.879472693032,0.09525692595857073,91.1487758945386,16.94915254237288
285,953,173,1046,0.0,0.01,0.02,0.03,0.06,0.05858818882966639,340.0,2291.423518164436,0.09550292584130683,91.10898661567877,16.539196940726576
286,951,174,1037,0.0,0.01,0.02,0.03,0.06,0.058969755560107084,340.0,2308.120540019286,0.09582456435754019,91.70684667309547,16.77917068466731
287,980,198,1067,0.0,0.01,0.02,0.03,0.06,0.06120590113948551,340.0,2252.784442361762,0.09571993682035287,91.84629803186503,18.556701030927837
288,975,196,1063,0.0,0.01,0.0199,0.03,0.06,0.05837420087096053,340.0,2259.793979303857,0.09612138098820176,91.72154280338664,18.438381937911572
289,967,195,1056,0.0,0.01,0.02,0.03,0.06,0.05946611318734,340.0,2273.471590909091,0.09572474175445457,91.5719696969697,18.46590909090909
290,985,208,1073,0.0,0.009,0.01999,0.03,0.06,0.05873377961400842,340.0,2243.4026095060576,0.10008836311659597,91.7986952469711,19.384902143522833
291,943,200,1035,0.0,0.0097,0.02,0.03,0.06,0.0618852816674696,340.0,2313.1024154589372,0.1016450521067426,91.11111111111111,19.32367149758454
292,972,208,1063,0.0,0.009,0.0199,0.03,0.06,0.06273580396597464,340.0,2261.247412982126,0.10252132138310012,91.43932267168391,19.567262464722486
293,954,210,1043,0.0,0.009,0.0199,0.03,0.06,0.06607408401326083,340.0,2297.6040268456377,0.10464552328125849,91.46692233940557,20.13422818791946
294,998,205,1089,0.0,0.0097,0.0199,0.03,0.06,0.06494900507422502,340.0,2214.8494031221303,0.10582440311176171,91.643709825528,18.824609733700644
295,991,213,1077,0.0,0.009,0.0189,0.03,0.06,0.06765247495434637,340.0,2235.5208913649026,0.1110698683696163,92.01485608170844,19.77715877437326
296,990,199,1079,0.0,0.00995,0.0199,0.03,0.06,0.06816252690067752,340.0,2232.1696014828544,0.11427022550267338,91.7516218721038,18.443002780352177
297,1001,208,1095,0.0,0.01,0.0199,0.03,0.06,0.0689619319779279,340.0,2204.6648401826483,0.11610993144656326,91.41552511415524,18.995433789954337
298,979,213,1071,0.0,0.009,0.0195,0.03,0.06,0.07015420776454813,340.0,2246.482726423903,0.11857209495012191,91.40989729225024,19.88795518207283
299,980,206,1069,0.0,0.01,0.0199,0.03,0.06,0.07022560852743784,340.0,2250.0383536014965,0.11900391856735358,91.67446211412536,19.270346117867167
300,968,205,1063,0.0,0.00995,0.0199,0.03,0.06,0.07121345768187304,340.0,2260.908748824083,0.12144048248603895,91.06302916274694,19.285042333019756
301,1002,222,1101,0.0,0.009,0.019,0.03,0.06,0.07111519212155408,340.0,2194.6784741144415,0.11986634747832953,91.00817438692098,20.16348773841962
302,971,208,1067,0.0,0.0099,0.0199,0.03,0.06,0.0722506340448276,340.0,2254.3261480787255,0.11994853995251695,91.00281162136832,19.49390815370197
303,980,207,1072,0.0,0.009975000000000001,0.0199695,0.03,0.06,0.07105429619946925,340.0,2244.814365671642,0.12032040462949894,91.4179104477612,19.30970149253731
304,970,215,1065,0.0,0.009,0.0199,0.03,0.06,0.07305883240923103,340.0,2257.005633802817,0.12080581711235595,91.07981220657277,20.187793427230048
305,977,215,1073,0.0,0.0095,0.0199,0.03,0.06,0.07178104055529454,340.0,2243.542404473439,0.11564272399319175,91.05312208760485,20.03727865796831
306,957,209,1049,0.0,0.0099,0.02,0.03,0.06,0.0739167078320601,340.0,2286.5948522402286,0.11818158885623495,91.22974261201145,19.92373689227836
307,964,214,1054,0.0,0.009,0.02,0.03,0.06,0.07391461565464895,340.0,2277.2609108159395,0.11709050994739405,91.46110056925995,20.30360531309298
308,959,208,1049,0.0,0.0097,0.0199,0.03,0.06,0.07566487751747478,340.0,2286.2926596758816,0.11612025614015951,91.42040038131553,19.82840800762631
309,969,208,1062,0.0,0.01,0.02,0.03,0.06,0.07579760499607442,340.0,2262.6186440677966,0.10563006268452528,91.24293785310734,19.58568738229755
310,973,217,1067,0.0,0.009,0.0199,0.03,0.06,0.07880480460715186,340.0,2253.5688847235238,0.10628413928735188,91.19025304592316,20.33739456419869
311,967,211,1063,0.0,0.0098,0.02,0.03,0.06,0.07092893369316185,340.0,2261.3932267168393,0.10507443150074472,90.96895578551269,19.84948259642521
312,941,200,1036,0.0,0.01,0.019945,0.03,0.06,0.07111694644385236,340.0,2310.734555984556,0.1059169765124699,90.83011583011583,19.305019305019304
313,957,210,1050,0.0,0.00975,0.0199,0.03,0.06,0.06885662525317242,340.0,2275.1638095238095,0.10044437867677689,91.14285714285715,20.0
314,961,212,1058,0.0,0.0099,0.0199,0.03,0.06,0.06942784169738282,340.0,2260.6739130434785,0.10066666374669048,90.83175803402646,20.03780718336484
315,949,218,1044,0.0,0.009,0.0199,0.03,0.06,0.0662266824864282,340.0,2286.189655172414,0.10007199960566225,90.90038314176245,20.88122605363985
316,946,214,1038,0.0,0.009125,0.0199,0.03,0.06,0.06935410067999137,340.0,2297.6098265895953,0.09960980945364696,91.13680154142581,20.616570327552985
317,917,207,1012,0.0,0.009,0.02,0.03,0.06,0.06773760524291604,340.0,2347.943675889328,0.09069523453559084,90.61264822134387,20.454545454545457
318,901,197,995,0.0,0.0099,0.02,0.03,0.06,0.06870689097068447,340.0,2382.097487437186,0.0900876121864451,90.55276381909547,19.798994974874372
319,907,205,1002,0.0,0.0095,0.02,0.03,0.06,0.06829106278443113,340.0,2367.836327345309,0.09108582198206663,90.51896207584831,20.459081836327346
320,880,188,974,0.0,0.01,0.02,0.03,0.06,0.07151155699777315,340.0,2426.2854209445586,0.09315051188733839,90.34907597535934,19.301848049281315
321,893,195,984,0.0,0.01,0.02,0.03,0.06,0.07251641921324292,340.0,2404.25,0.09707269532031636,90.7520325203252,19.817073170731707
322,917,202,1009,0.0,0.0097,0.02,0.03,0.06,0.07279817295919826,340.0,2352.955401387512,0.09953704699387578,90.8820614469772,20.01982160555005
323,970,226,1070,0.0,0.009,0.0199,0.03,0.06,0.07206089394002901,340.0,2238.3803738317756,0.1037682990012035,90.65420560747664,21.121495327102803
324,979,241,1075,0.0,0.0075,0.019,0.03,0.06,0.07185716885193585,340.0,2221.30511627907,0.10576925495404034,91.06976744186046,22.41860465116279
325,995,241,1085,0.0,0.008,0.0199,0.03,0.06,0.06942011512442396,340.0,2203.1917050691245,0.10923981200637004,91.70506912442397,22.211981566820278
326,955,210,1047,0.0,0.0099,0.02,0.03,0.06,0.08127617623288542,340.0,2279.9493791786053,0.11897391531760279,91.21298949379178,20.057306590257877
327,953,211,1041,0.0,0.0095,0.02,0.03,0.06,0.08046979492394912,340.0,2282.409221902017,0.11670504586887044,91.5465898174832,20.26897214217099
328,972,229,1066,0.0,0.0081,0.0199,0.03,0.065,0.08164384673154883,340.0,2245.4146341463415,0.11398543046729519,91.18198874296435,21.482176360225143
329,976,219,1062,0.0,0.009,0.02,0.039,0.06,0.07831067853656407,340.0,2252.421845574388,0.10633327536863811,91.90207156308851,20.62146892655367
330,955,207,1041,0.0,0.0099,0.02,0.0398,0.06,0.07907315707572626,340.0,2291.1738712776178,0.1086784238873201,91.73871277617675,19.88472622478386
331,1003,224,1092,0.0,0.009375,0.02,0.039,0.06,0.08035005174526652,340.0,2199.992673992674,0.10889606938228374,91.84981684981685,20.51282051282051
332,1012,219,1096,0.0,0.0095,0.02,0.039,0.06,0.07978927063488234,340.0,2193.1605839416056,0.1088558256061848,92.33576642335767,19.98175182481752
333,988,221,1077,0.0,0.009,0.02,0.0399,0.06,0.08121927252166299,340.0,2225.9600742804087,0.10841004228665899,91.73630454967501,20.51996285979573
334,976,213,1065,0.0,0.0095,0.02,0.0398,0.06,0.079940413723785,340.0,2247.3230046948356,0.10830474024246253,91.64319248826291,20.0
335,990,220,1077,0.0,0.0097,0.02,0.039,0.06399999999999978,0.08195715553930459,340.0,2225.983286908078,0.10763088750485868,91.92200557103064,20.42711234911792
336,973,209,1058,0.0,0.00975,0.02,0.0399,0.06270000000000062,0.08230203828528454,340.0,2260.3156899810965,0.10729308958669782,91.96597353497165,19.754253308128543
337,985,208,1071,0.0,0.01,0.02,0.0399,0.069,0.08249417975334364,340.0,2236.595704948646,0.10746010145908012,91.97012138188609,19.421101774042953
338,977,209,1064,0.0,0.00965,0.02,0.0392,0.06,0.0801974215374352,340.0,2249.0780075187968,0.10661708270927095,91.82330827067669,19.642857142857142
339,992,214,1077,0.0,0.0099,0.02,0.0399,0.069,0.08111432359872892,340.0,2225.97400185701,0.10655449442774159,92.10770659238626,19.87000928505107
340,961,206,1050,0.0,0.00955,0.02,0.04,0.075,0.08392145382460099,340.0,2274.541904761905,0.10490928810280299,91.52380952380952,19.61904761904762
341,976,196,1065,0.0,0.01,0.02,0.04,0.075,0.08561082301955966,340.0,2247.243192488263,0.10414560212238942,91.64319248826291,18.403755868544604
342,997,208,1081,0.0,0.01,0.02,0.0399,0.06,0.08058355829401576,340.0,2218.990749306198,0.10262983316023473,92.22941720629048,19.241443108233117
343,1005,212,1094,0.0,0.01,0.02,0.0399,0.075,0.0846776293563355,340.0,2197.0191956124313,0.10260408061244913,91.86471663619744,19.378427787934186
344,985,199,1071,0.0,0.01,0.02,0.04,0.075,0.08528051028555653,340.0,2236.5443510737628,0.10232243987227764,91.97012138188609,18.58076563958917
345,990,203,1076,0.0,0.01,0.02,0.04,0.0645,0.08205281273776119,340.0,2227.782527881041,0.10221290744237327,92.00743494423791,18.866171003717472
346,991,205,1079,0.0,0.01,0.02,0.0399,0.06180000000000041,0.0819866788839954,340.0,2222.543095458758,0.10191163916217114,91.84430027803522,18.999073215940683
347,944,192,1032,0.0,0.01,0.02,0.035,0.075,0.08478733189518511,340.0,2308.279069767442,0.10636424777990548,91.47286821705426,18.6046511627907
348,1009,207,1102,0.0,0.01,0.02,0.0396,0.06,0.08293868104884848,340.0,2184.00998185118,0.10064961693357305,91.56079854809437,18.784029038112525
349,975,191,1062,0.0,0.01,0.02,0.04,0.0680999999999998,0.0839706464273362,340.0,2252.6214689265535,0.1004135881719732,91.80790960451978,17.984934086629
350,1008,200,1092,0.0,0.01,0.02,0.0399,0.06,0.08032429168116395,340.0,2199.614468864469,0.09992955658794785,92.3076923076923,18.315018315018314
351,974,190,1063,0.0,0.01,0.02,0.04,0.075,0.08663643134132741,340.0,2251.0479774223895,0.10113093494521339,91.6274694261524,17.873941674506113
352,981,193,1068,0.0,0.01,0.02,0.04,0.075,0.0846280210822388,340.0,2242.1666666666665,0.09710257703407689,91.85393258426966,18.071161048689138
353,990,194,1075,0.0,0.01,0.02,0.0399,0.06,0.07944988513100562,340.0,2229.4083720930234,0.0966287704603923,92.09302325581396,18.046511627906977
354,993,186,1077,0.0,0.01,0.02,0.04,0.0635999999999998,0.08319863185313932,340.0,2226.020427112349,0.10033863436581882,92.20055710306406,17.270194986072422
355,989,197,1079,0.0,0.01,0.02,0.04,0.075,0.08743329611291106,340.0,2222.835032437442,0.10071691576658594,91.65894346617239,18.257645968489342
356,984,185,1071,0.0,0.01,0.02,0.04,0.075,0.08723270449657428,340.0,2237.253968253968,0.10065850017421153,91.87675070028011,17.273576097105508
357,987,178,1075,0.0,0.01,0.02,0.04,0.075,0.08813965257286609,340.0,2229.8827906976744,0.10048718803325249,91.81395348837209,16.558139534883722
358,993,179,1079,0.0,0.01,0.02,0.04,0.075,0.08768148889326324,340.0,2222.5708989805375,0.10070063577753341,92.02965708989805,16.589434661723818
359,987,192,1075,0.0,0.01,0.02,0.04,0.075,0.0868830944333312,340.0,2229.780465116279,0.10024156794459588,91.81395348837209,17.86046511627907
360,1012,193,1099,0.0,0.01,0.02,0.04,0.075,0.0880700969115842,340.0,2188.4567788899,0.09981176121082062,92.08371246587808,17.561419472247497
361,1017,187,1105,0.0,0.01,0.02,0.04,0.075,0.08739260318174755,340.0,2178.5692307692307,0.100037535069799,92.03619909502262,16.923076923076923
362,992,194,1079,0.0,0.01,0.02,0.04,0.075,0.08632736470419929,340.0,2222.77015755329,0.09997706065565798,91.93697868396663,17.979610750695088
363,992,191,1079,0.0,0.01,0.02,0.04,0.075,0.08640753152532997,340.0,2223.006487488415,0.09952335479304192,91.93697868396663,17.701575532900833
364,1008,195,1096,0.0,0.01,0.02,0.04,0.075,0.08768734170240058,340.0,2193.8038321167883,0.09701393626548896,91.97080291970804,17.791970802919707
365,997,195,1085,0.0,0.01,0.02,0.04,0.07300000000000012,0.08465412582104243,340.0,2212.312442396313,0.0973156202082304,91.88940092165898,17.972350230414747
366,992,182,1080,0.0,0.01,0.02,0.04,0.075,0.0885914134405843,340.0,2221.462037037037,0.09723696747251293,91.85185185185185,16.85185185185185
367,999,193,1084,0.0,0.01,0.02,0.04,0.075,0.08687594696109874,340.0,2214.311808118081,0.09657114839960589,92.15867158671587,17.804428044280442
368,988,192,1073,0.0,0.01,0.02,0.04,0.075,0.08801642732137097,340.0,2233.330848089469,0.0961767824615274,92.07828518173345,17.893755824790308
369,1001,199,1086,0.0,0.01,0.02,0.04,0.075,0.08779505203115197,340.0,2210.767955801105,0.09461518957091088,92.1731123388582,18.32412523020258
370,994,188,1078,0.0,0.01,0.02,0.04,0.06300000000000068,0.08467989471783956,340.0,2224.5445269016695,0.09450723499643343,92.20779220779221,17.439703153988866
371,989,199,1075,0.0,0.01,0.02,0.04,0.075,0.08878542931705213,340.0,2230.0083720930234,0.09507725471319385,92.0,18.511627906976745
372,1000,189,1087,0.0,0.01,0.02,0.04,0.075,0.08771869964657869,340.0,2209.148114075437,0.0948592047514226,91.99632014719411,17.387304507819685
373,1006,188,1092,0.0,0.01,0.02,0.04,0.07449999999999989,0.08651769827457055,340.0,2200.585164835165,0.09495439662707852,92.12454212454212,17.216117216117215
374,1011,199,1105,0.0,0.01,0.02,0.04,0.075,0.08788735431296926,340.0,2178.564705882353,0.09518361247172466,91.49321266968326,18.009049773755656
375,989,189,1081,0.0,0.01,0.02,0.04,0.075,0.08664674053268366,340.0,2219.54579093432,0.09569095789998137,91.48936170212765,17.483811285846436
376,985,192,1071,0.0,0.01,0.02,0.04,0.075,0.08999825071506165,340.0,2237.1185807656398,0.09426713137619105,91.97012138188609,17.92717086834734
377,989,184,1080,0.0,0.01,0.02,0.04,0.075,0.08732382084799171,340.0,2221.3324074074076,0.09193403183915495,91.57407407407408,17.037037037037038
378,1005,193,1091,0.0,0.01,0.02,0.04,0.075,0.08667573466162332,340.0,2202.2905591200733,0.09193156156169088,92.1173235563703,17.69019248395967
379,1004,190,1092,0.0,0.01,0.02,0.04,0.075,0.08793263417200645,340.0,2200.736263736264,0.09260858820866542,91.94139194139194,17.399267399267398
380,1007,191,1097,0.0,0.01,0.02,0.04,0.075,0.08753603146383869,340.0,2192.264357338195,0.09263065453603392,91.79580674567,17.41112123974476
381,1003,193,1096,0.0,0.01,0.02,0.04,0.075,0.08562237820787504,340.0,2194.4288321167883,0.09272195548716887,91.51459854014598,17.60948905109489
382,998,201,1094,0.0,0.01,0.02,0.04,0.075,0.08559719059033916,340.0,2197.9744058500914,0.09310567945303148,91.22486288848263,18.37294332723949
383,985,189,1075,0.0,0.01,0.02,0.04,0.075,0.08782086187519166,340.0,2230.4967441860467,0.0924437908993407,91.62790697674419,17.58139534883721
384,1007,190,1099,0.0,0.01,0.02,0.04,0.075,0.08736553822186627,340.0,2189.2711555959963,0.09254731658156168,91.62875341219289,17.288444040036396
385,1007,198,1097,0.0,0.01,0.02,0.04,0.075,0.0862276449551787,340.0,2192.391978122151,0.09242103163914395,91.79580674567,18.04922515952598
386,987,188,1077,0.0,0.01,0.02,0.04,0.075,0.08867476928118016,340.0,2227.078922934076,0.0942280593499596,91.64345403899722,17.45589600742804
387,1005,201,1097,0.0,0.01,0.02,0.04,0.07199999999999988,0.08517222107186057,340.0,2192.733819507748,0.09088897924996302,91.61349134001823,18.322698268003645
388,992,191,1084,0.0,0.01,0.02,0.04,0.07350000000000023,0.08491764438729801,340.0,2214.9529520295205,0.09037615639312783,91.5129151291513,17.619926199261993
389,985,188,1077,0.0,0.01,0.02,0.04,0.075,0.08967569778628695,340.0,3155.1792014856082,0.09060135800105155,91.4577530176416,17.45589600742804
390,1003,200,1094,0.0,0.01,0.02,0.04,0.06,0.08319837889929711,340.0,2197.4762340036564,0.08666023482981379,91.6819012797075,18.281535648994517
391,1014,207,1108,0.0,0.01,0.02,0.04,0.06,0.08181139577241069,340.0,2174.0694945848377,0.08582703747489999,91.51624548736463,18.68231046931408
392,996,208,1083,0.0,0.01,0.02,0.0399,0.06,0.08012338551784953,340.0,2216.374884579871,0.08524613331668866,91.96675900277008,19.205909510618653
393,1014,209,1103,0.0,0.01,0.02,0.04,0.06,0.08229231778407166,340.0,2182.4106980961014,0.08572393118554743,91.93109700815957,18.948322756119673
394,983,198,1071,0.0,0.01,0.02,0.04,0.06,0.08478153735371712,340.0,2237.641456582633,0.08599825451660781,91.78338001867414,18.487394957983195
395,1015,200,1104,0.0,0.01,0.02,0.04,0.06,0.08036741532231072,340.0,2181.1403985507245,0.08662443178818457,91.93840579710145,18.115942028985508
396,1015,211,1103,0.0,0.01,0.02,0.04,0.06,0.0828839573073436,340.0,2182.4469628286492,0.08684466084950503,92.02175883952856,19.12964641885766
397,1003,199,1089,0.0,0.01,0.02,0.04,0.06,0.08358932498622589,340.0,2206.3186409550044,0.08671076806679813,92.1028466483012,18.27364554637282
398,1029,212,1119,0.0,0.01,0.02,0.04,0.06,0.08558239938337801,340.0,2156.348525469169,0.08673453689644857,91.95710455764075,18.945487042001787
399,1013,210,1104,0.0,0.01,0.02,0.04,0.06,0.0853869609692029,340.0,2181.4347826086955,0.08745648211562938,91.7572463768116,19.021739130434785
400,996,199,1082,0.0,0.01,0.02,0.04,0.06,0.08174803596118299,340.0,2218.7116451016636,0.08485650888229357,92.05175600739372,18.391866913123845
401,1026,215,1111,0.0,0.01,0.02,0.04,0.06,0.07347489190819081,340.0,2169.7065706570656,0.07727784639234754,92.34923492349235,19.351935193519353
402,1008,216,1092,0.0,0.01,0.02,0.04,0.06,0.07710714735347984,340.0,2201.313186813187,0.07842607151720794,92.3076923076923,19.78021978021978
403,1004,210,1093,0.0,0.01,0.02,0.04,0.06,0.07707411245196708,340.0,2199.7657822506862,0.07981923855156045,91.8572735590119,19.213174748398902
404,988,201,1075,0.0,0.01,0.02,0.04,0.06,0.08108391154418605,340.0,2231.0409302325584,0.08018805242844541,91.90697674418604,18.697674418604652
405,977,200,1062,0.0,0.01,0.02,0.04,0.06,0.08143588032956685,340.0,2254.1704331450096,0.08095562242376446,91.99623352165726,18.832391713747647
406,990,212,1070,0.0,0.01,0.02,0.04,0.06100000000000023,0.08326692047663552,340.0,2240.0317757009348,0.08283811495846206,92.5233644859813,19.813084112149532
407,978,198,1055,0.0,0.01,0.02,0.04,0.06,0.08141789944075829,340.0,3290.6341232227487,0.08294787588408326,92.70142180094787,18.767772511848342
408,1007,213,1090,0.0,0.009925,0.02,0.04,0.06,0.0830570494587156,340.0,3200.2376146788993,0.08388707665721182,92.38532110091742,19.541284403669724
409,1010,209,1084,0.0,0.01,0.02,0.04,0.06,0.08078965305350554,340.0,3216.170664206642,0.08393793695768136,93.17343173431735,19.280442804428045
410,983,197,1057,0.0,0.01,0.02,0.04,0.06,0.08170055242194892,340.0,3290.0700094607378,0.08363232897452684,92.99905392620624,18.637653736991485
411,990,205,1061,0.0,0.01,0.02,0.04,0.069,0.08513438634307258,340.0,3275.8105560791705,0.08440034336991449,93.30819981149858,19.321394910461827
412,989,201,1057,0.0,0.01,0.02,0.04,0.069,0.08383924684011353,340.0,3287.2261116367076,0.08439829608496881,93.5666982024598,19.01608325449385
413,980,207,1048,0.0,0.009975000000000001,0.02,0.04,0.06930000000000007,0.08338452100190841,340.0,3311.1049618320612,0.08462597644359614,93.51145038167938,19.751908396946565
414,958,198,1024,0.0,0.01,0.02,0.0399,0.075,0.08641486709960937,340.0,3382.638671875,0.08572725238159602,93.5546875,19.3359375
415,964,197,1031,0.0,0.01,0.02,0.039400000000000004,0.075,0.08652881475266733,340.0,3361.9854510184286,0.08397487776093285,93.50145489815714,19.107662463627545
416,973,206,1067,0.0,0.01,0.02,0.04,0.06939999999999999,0.08423188744142455,340.0,3259.687910028116,0.08513050140987785,91.19025304592316,19.306466729147143
417,987,215,1084,0.0,0.01,0.02,0.04,0.06,0.07943350914206643,340.0,3214.512915129151,0.08163250625405558,91.05166051660517,19.833948339483396
418,982,220,1075,0.0,0.0095,0.02,0.04,0.06,0.08083565014883722,340.0,3237.806511627907,0.07868056280341491,91.34883720930233,20.46511627906977
419,982,213,1074,0.0,0.01,0.02,0.04,0.06630000000000041,0.08355290866852885,340.0,3241.1098696461827,0.0787113537187406,91.43389199255121,19.832402234636874
420,969,203,1063,0.0,0.01,0.02,0.04,0.06720000000000062,0.08447790029162747,340.0,3271.140169332079,0.07782905967569319,91.15710253998118,19.09689557855127
421,976,208,1068,0.0,0.01,0.02,0.04,0.06270000000000062,0.08449740066479401,340.0,3257.3567415730336,0.07803847957084771,91.38576779026218,19.475655430711612
422,988,209,1082,0.0,0.01,0.02,0.04,0.06,0.08157802034195934,340.0,3219.6146025878,0.0775924403596322,91.31238447319778,19.316081330868762
423,990,221,1084,0.0,0.009975000000000001,0.02,0.04,0.06,0.08327785416051661,340.0,3213.9271217712176,0.07826858842037952,91.32841328413284,20.387453874538743
424,986,206,1075,0.0,0.01,0.02,0.04,0.06,0.08212093768372093,340.0,3237.820465116279,0.07976046812652228,91.72093023255815,19.162790697674417
425,977,206,1061,0.0,0.01,0.02,0.04,0.06,0.08107503111215834,340.0,3275.3647502356266,0.0785869147606588,92.08294062205466,19.415645617342133
426,983,211,1069,0.0,0.01,0.02,0.04,0.06,0.08131779598690365,340.0,3253.551917680075,0.07910811741892085,91.95509822263797,19.738072965388213
427,992,207,1077,0.0,0.01,0.02,0.04,0.06,0.08534802591457753,340.0,3231.6824512534818,0.07950858800519195,92.10770659238626,19.220055710306408
428,1003,209,1088,0.0,0.01,0.02,0.0405,0.06,0.08345350000919118,340.0,3202.157169117647,0.08158567730770223,92.1875,19.209558823529413
429,998,204,1085,0.0,0.01,0.02,0.04,0.06,0.0851449989953917,340.0,3210.0294930875575,0.08207466824430332,91.9815668202765,18.80184331797235
430,1011,213,1096,0.0,0.01,0.02,0.04,0.06,0.08306817875,340.0,3181.215328467153,0.082107758646774,92.24452554744525,19.434306569343065
431,982,211,1072,0.0,0.01,0.02,0.04,0.06,0.08298629477611941,340.0,3245.043843283582,0.08911522490308978,91.6044776119403,19.682835820895523
432,1008,213,1094,0.0,0.01,0.02,0.04,0.06,0.08622093968007312,340.0,3188.333638025594,0.09005364448563488,92.13893967093236,19.46983546617916
433,1020,203,1108,0.0,0.01,0.02,0.042,0.069,0.08608946201263538,340.0,3150.457581227437,0.09008355015245077,92.05776173285199,18.32129963898917
434,1003,206,1091,0.0,0.01,0.02,0.04,0.06,0.08287425115490377,340.0,3195.822181484876,0.09230162525246684,91.9340054995417,18.881759853345553
435,979,201,1065,0.0,0.01,0.02,0.045,0.06,0.08636592301408451,340.0,3263.870422535211,0.09068688639214122,91.92488262910798,18.87323943661972
436,991,207,1075,0.0,0.01,0.02,0.04,0.06,0.0860193562883721,340.0,3236.662325581395,0.08801946115202311,92.18604651162791,19.25581395348837
437,996,210,1084,0.0,0.01,0.02,0.04,0.06,0.08675747971402215,340.0,3213.0415129151293,0.0880896689092843,91.88191881918819,19.37269372693727
438,1012,205,1100,0.0,0.01,0.02,0.04,0.060900000000000204,0.08901591637272728,340.0,3171.160909090909,0.0884589935104885,92.0,18.636363636363637
439,989,198,1077,0.0,0.01,0.02,0.04,0.06,0.08558050883008356,340.0,3233.664809656453,0.09114002823854428,91.82915506035283,18.384401114206128
440,970,206,1057,0.0,0.01,0.02,0.04,0.075,0.08885998865657521,340.0,3286.3973509933776,0.09383665435012048,91.76915799432356,19.489120151371807
441,974,207,1061,0.0,0.01,0.02,0.04,0.06,0.08473054477851084,340.0,3274.9029217719135,0.09074269119566608,91.80018850141376,19.50989632422243
442,963,195,1046,0.0,0.01,0.02,0.04,0.06,0.08698432888145316,340.0,3317.2198852772467,0.09188237250806643,92.06500956022946,18.64244741873805
443,988,210,1072,0.0,0.01,0.02,0.04,0.06,0.08724870150186567,340.0,3244.955223880597,0.09339290345720812,92.16417910447761,19.58955223880597
444,965,208,1053,0.0,0.01,0.02,0.04,0.06,0.08596373030389365,340.0,3297.831908831909,0.09399895046870743,91.64292497625831,19.753086419753085
445,953,196,1039,0.0,0.01,0.02,0.04,0.075,0.09258566698748796,340.0,3337.6775745909526,0.0947754337220831,91.72281039461019,18.86429258902791
446,979,213,1066,0.0,0.00955,0.02,0.04,0.069,0.08821708068480301,340.0,3261.756097560976,0.09240739573756816,91.83864915572232,19.9812382739212
447,959,203,1049,0.0,0.01,0.02,0.04,0.06,0.08970926969494757,340.0,3308.69590085796,0.09239986469990001,91.42040038131553,19.351763584366065
448,967,208,1052,0.0,0.0099,0.02,0.04,0.06,0.08681047899239544,340.0,3278.7519011406844,0.0913788677931333,91.92015209125475,19.771863117870723
449,961,213,1044,0.0,0.009375,0.02,0.04,0.06,0.08828910335249042,340.0,3298.1340996168583,0.09323707030145259,92.04980842911877,20.402298850574713
450,969,207,1053,0.0,0.01,0.02,0.04,0.06,0.08537931994301994,340.0,3270.1718898385566,0.0897880386239617,92.02279202279202,19.65811965811966
451,966,212,1053,0.0,0.0099,0.02,0.04,0.06,0.08529563523266856,340.0,3268.443494776828,0.08994356592378744,91.73789173789174,20.1329534662868
452,955,200,1042,0.0,0.01,0.02,0.04,0.06,0.086806836756238,340.0,3298.1880998080615,0.08992754727829454,91.65067178502879,19.193857965451055
453,953,193,1036,0.0,0.01,0.02,0.04,0.0695,0.09078571805019305,340.0,3316.6949806949806,0.09050587623017904,91.98841698841699,18.629343629343627
454,961,201,1045,0.0,0.01,0.02,0.04,0.06,0.08722996545454545,340.0,3288.800956937799,0.0911635572856588,91.96172248803828,19.23444976076555
455,970,203,1053,0.0,0.01,0.02,0.04,0.06720000000000062,0.09025669886039886,340.0,3266.4729344729344,0.09174723703290762,92.11775878442545,19.278252611585945
456,965,215,1048,0.0,0.009375,0.02,0.04,0.06930000000000007,0.09081059532442748,340.0,3271.4045801526718,0.08517619665680798,92.08015267175573,20.515267175572518
457,963,204,1047,0.0,0.01,0.02,0.04,0.07199999999999988,0.09073077736389684,340.0,3272.9388729703915,0.08500569355212706,91.97707736389685,19.484240687679083
458,966,199,1050,0.0,0.01,0.02,0.04,0.06,0.08892209895238096,340.0,3264.6761904761906,0.08438279598072965,92.0,18.952380952380953
459,982,209,1065,0.0,0.01,0.02,0.04,0.06,0.08995840741784038,340.0,3222.760563380282,0.08458929160927503,92.20657276995306,19.624413145539908
460,957,190,1041,0.0,0.01,0.02,0.04,0.06,0.08802048405379444,340.0,3290.232468780019,0.08426467508016192,91.93083573487031,18.251681075888566
461,960,198,1046,0.0,0.01,0.02,0.04,0.06,0.08879302476099425,340.0,3276.1711281070748,0.08492620902484939,91.77820267686424,18.929254302103253
462,969,197,1055,0.0,0.01,0.02,0.04,0.06,0.0897801174407583,340.0,3250.801895734597,0.08504013900984299,91.8483412322275,18.672985781990523
463,953,209,1041,0.0,0.0099,0.02,0.04,0.06,0.08738002295869357,340.0,3287.9577329490876,0.08217578695933504,91.5465898174832,20.076849183477425
464,956,198,1040,0.0,0.01,0.02,0.04,0.06,0.08780625375,340.0,3500.548076923077,0.08201439042766437,91.92307692307692,19.038461538461537
465,946,197,1029,0.0,0.01,0.02,0.04,0.06,0.08728134489795918,340.0,3339.9378036929056,0.08184418754780656,91.93391642371235,19.14480077745384
466,943,199,1026,0.0,0.01,0.02,0.04,0.06,0.08809854181286549,340.0,3347.2719298245615,0.08106352532988663,91.91033138401559,19.39571150097466
467,944,195,1025,0.0,0.01,0.02,0.04,0.06,0.08668975990243902,340.0,3350.9258536585367,0.08125872271092457,92.09756097560977,19.024390243902438
468,948,196,1032,0.0,0.01,0.02,0.04,0.0680999999999998,0.08703120532945736,340.0,3524.9098837209303,0.08150177292472145,91.86046511627907,18.992248062015506
469,954,206,1041,0.0,0.01,0.02,0.04,0.06,0.08598367329490873,340.0,3497.1248799231507,0.08173912007016182,91.64265129682997,19.788664745437078
470,965,209,1054,0.0,0.01,0.02,0.04,0.06,0.0853195482922201,340.0,3458.277988614801,0.0815745436897619,91.55597722960151,19.829222011385202
471,965,211,1049,0.0,0.0097,0.02,0.04,0.06,0.08200629542421353,340.0,3473.1258341277407,0.08291468518195964,91.99237368922783,20.11439466158246
472,926,193,1012,0.0,0.01,0.02,0.04,0.06,0.08902818567193675,340.0,3588.48023715415,0.08631405646792394,91.50197628458498,19.07114624505929
473,945,202,1034,0.0,0.01,0.02,0.04,0.06970000000000005,0.08956694767891683,340.0,3518.446808510638,0.08697166307549198,91.3926499032882,19.535783365570598
474,938,198,1027,0.0,0.01,0.02,0.04,0.0635999999999998,0.0874300135345667,340.0,3540.1110029211295,0.08774836934006425,91.33398247322297,19.279454722492698
475,927,209,1015,0.0,0.009600000000000001,0.02,0.04,0.07300000000000012,0.09000023142857143,340.0,2548.791133004926,0.08743255863558265,91.33004926108374,20.591133004926107
476,943,204,1026,0.0,0.01,0.02,0.04,0.06,0.08631826988304094,340.0,2524.559454191033,0.0877554144936459,91.91033138401559,19.883040935672515
477,940,188,1025,0.0,0.01,0.02,0.04,0.06960000000000002,0.08917572185365853,340.0,2526.7531707317075,0.08347838730739421,91.70731707317074,18.341463414634145
478,955,201,1041,0.0,0.01,0.02,0.04,0.075,0.08730721892411143,340.0,2492.6580211335254,0.08591586411770502,91.73871277617675,19.30835734870317
479,974,202,1061,0.0,0.01,0.02,0.04,0.075,0.08968852488218661,340.0,2460.4165881244107,0.0878960236785284,91.80018850141376,19.038642789820923
480,940,191,1026,0.0,0.01,0.02,0.04,0.069,0.08784565779727095,340.0,2524.6647173489278,0.0874504275316938,91.61793372319687,18.61598440545809
481,960,201,1046,0.0,0.01,0.02,0.04,0.06,0.08475146739961759,340.0,2480.953154875717,0.08754521521568684,91.77820267686424,19.21606118546845
482,960,200,1045,0.0,0.01,0.02,0.04,0.06960000000000002,0.08960194727272727,340.0,2484.3186602870815,0.08842255214220902,91.86602870813397,19.138755980861244
483,954,202,1039,0.0,0.01,0.02,0.04,0.07100000000000023,0.08890320972088547,340.0,2496.210779595765,0.09046714793329007,91.81905678537055,19.441770933589993
484,945,188,1027,0.0,0.01,0.02,0.04,0.06,0.08656359776046738,340.0,2520.73417721519,0.08939074336776329,92.01557935735151,18.30574488802337
485,952,193,1033,0.0,0.01,0.02,0.04,0.06,0.08733643262342691,340.0,2507.4966118102616,0.08916023926034584,92.15876089060987,18.68344627299129
486,955,196,1041,0.0,0.01,0.02,0.04,0.06,0.08753596051873198,340.0,2490.8184438040344,0.08972505071308882,91.73871277617675,18.828049951969263
487,957,203,1043,0.0,0.01,0.02,0.04,0.07400000000000034,0.08891353298178331,340.0,2486.9626078619367,0.0895582498597781,91.75455417066155,19.463087248322147
488,967,199,1051,0.0,0.01,0.02,0.04,0.06,0.0905247715509039,340.0,2468.776403425309,0.08954759759810724,92.00761179828734,18.934348239771644
489,957,204,1041,0.0,0.01,0.02,0.04,0.069,0.08908725734870318,340.0,2490.8530259365994,0.089433506197435,91.93083573487031,19.596541786743515
490,962,198,1047,0.0,0.01,0.02,0.04,0.075,0.09108981365807067,340.0,2477.4126074498568,0.08917570500843566,91.88156638013372,18.911174785100286
491,974,213,1059,0.0,0.01,0.02,0.04,0.06180000000000041,0.08873193097261567,340.0,2453.0897072710104,0.08846301717137535,91.9735599622285,20.113314447592067
492,937,197,1022,0.0,0.01,0.02,0.04,0.08,0.09362909481409003,340.0,2531.0939334637965,0.08852267800069025,91.6829745596869,19.275929549902152
493,953,198,1036,0.0,0.01,0.02,0.04,0.0775,0.09319395260617762,340.0,2499.6901544401544,0.08865967447475422,91.98841698841699,19.111969111969113
494,957,204,1043,0.0,0.01,0.02,0.04,0.06720000000000062,0.08974279472674976,340.0,2485.4736337488016,0.08878691595976097,91.75455417066155,19.55896452540748
495,957,206,1042,0.0,0.01,0.02,0.04,0.075,0.09225320047984645,340.0,2488.5163147792705,0.09067664375029384,91.8426103646833,19.769673704414586
496,985,215,1065,0.0,0.0097,0.02,0.04,0.075,0.09091167596244132,340.0,2440.2384976525823,0.09063770789705258,92.48826291079813,20.187793427230048
497,946,201,1025,0.0,0.01,0.02,0.04,0.08,0.09385827795121952,340.0,2522.8643902439026,0.09075575217374915,92.29268292682927,19.609756097560975
498,956,198,1039,0.0,0.01,0.02,0.04,0.07600000000000022,0.0923300624639076,340.0,2494.4533205004814,0.09118930572314746,92.01154956689123,19.056785370548603
499,951,193,1032,0.0,0.01,0.02,0.04,0.08,0.09484827994186046,340.0,2510.2926356589146,0.09027476434976868,92.15116279069767,18.7015503875969
500,952,203,1033,0.0,0.01,0.02,0.04,0.075,0.09260379951597289,340.0,2506.002904162633,0.08915569752804657,92.15876089060987,19.651500484027107
501,964,208,1048,0.0,0.01,0.02,0.04,0.075,0.09143190353053435,340.0,2475.4036259541986,0.08749674351657001,91.98473282442748,19.84732824427481
502,952,202,1036,0.0,0.01,0.02,0.04,0.08,0.09247763986486486,340.0,2502.1998069498068,0.08742201819461394,91.8918918918919,19.498069498069498
503,948,196,1031,0.0,0.01,0.02,0.04,0.075,0.09212166333656645,340.0,2512.304558680892,0.08994953276386843,91.94956353055287,19.01066925315228
504,959,197,1041,0.0,0.01,0.02,0.04,0.08,0.09338965888568684,340.0,2490.2958693563883,0.09036855173371323,92.12295869356389,18.924111431316042
505,951,200,1025,0.0,0.01,0.02,0.04,0.08,0.09257203404878048,340.0,2523.298536585366,0.09031228387967963,92.78048780487805,19.51219512195122
506,955,206,1031,0.0,0.01,0.02,0.04,0.075,0.09113834616876819,340.0,2510.083414161009,0.0890192765869935,92.62851600387972,19.98060135790495
507,920,189,995,0.0,0.01,0.02,0.04,0.075,0.08952102,340.0,2591.7879396984927,0.08635811803544544,92.46231155778895,18.99497487437186
508,905,182,983,0.0,0.01,0.02,0.04,0.07900000000000035,0.0912330975584944,340.0,2618.4567650050863,0.08608252360035332,92.0651068158698,18.514750762970497
509,938,196,1015,0.0,0.01,0.02,0.04,0.06600000000000023,0.08793284226600986,340.0,2544.133990147783,0.0858136703157453,92.41379310344827,19.310344827586206
510,940,201,1017,0.0,0.01,0.02,0.04,0.08,0.09322294483775811,340.0,2541.1838741396264,0.08583465962254844,92.42871189773845,19.76401179941003
511,952,202,1031,0.0,0.01,0.02,0.04,0.06,0.08815667788554801,340.0,2511.5586808923376,0.08266656512924453,92.33753637245393,19.59262851600388
512,941,196,1016,0.0,0.01,0.02,0.04,0.06,0.08762719970472442,340.0,2543.5944881889764,0.08050532755619737,92.61811023622047,19.291338582677163
513,919,198,998,0.0,0.01,0.02,0.04,0.06,0.08599201893787575,340.0,2584.361723446894,0.08319765565887259,92.08416833667334,19.839679358717436
514,910,193,988,0.0,0.01,0.02,0.04,0.06300000000000068,0.0893953794534413,340.0,2609.6295546558704,0.08255822248619357,92.10526315789474,19.534412955465587
515,941,201,1017,0.0,0.01,0.02,0.04,0.06,0.08769619950835791,340.0,2539.6971484759097,0.08252305848352494,92.52704031465093,19.76401179941003
516,942,204,1019,0.0,0.01,0.02,0.04,0.075,0.08995763974484788,340.0,2537.368007850834,0.08240626049178593,92.44357212953877,20.019627085377824
517,942,195,1019,0.0,0.01,0.02,0.04,0.06,0.0872917908734053,340.0,2536.963689892051,0.08188480805991243,92.44357212953877,19.136408243375858
518,930,195,1009,0.0,0.01,0.02,0.04,0.06,0.08706531704658077,340.0,2559.777006937562,0.08150555359180464,92.17046580773042,19.326065411298316
519,922,190,997,0.0,0.01,0.02,0.04,0.06,0.08494617342026078,340.0,2585.119358074223,0.08345084028050619,92.47743229689067,19.05717151454363
520,935,202,1011,0.0,0.01,0.02,0.04,0.06,0.0840341397032641,340.0,2553.844708209693,0.08325642168321837,92.48269040553907,19.980217606330367
521,926,191,1001,0.0,0.01,0.02,0.04,0.06,0.08686546943056943,340.0,2576.147852147852,0.08375493774878254,92.5074925074925,19.08091908091908
522,928,196,1003,0.0,0.01,0.02,0.04,0.06,0.08461444191425724,340.0,2570.557328015952,0.08322264862470906,92.52243270189432,19.54137587238285
523,923,195,998,0.0,0.01,0.02,0.04,0.06,0.08423560611222444,340.0,2583.4849699398796,0.08262904078502417,92.48496993987976,19.539078156312627
524,916,195,991,0.0,0.01,0.02,0.04,0.06,0.086060075580222,340.0,2599.0302724520684,0.08252044141917168,92.43188698284561,19.677093844601412
525,922,198,996,0.0,0.009975000000000001,0.02,0.04,0.06,0.0864764406626506,340.0,2588.39156626506,0.08132654902167613,92.570281124498,19.879518072289155
526,916,207,989,0.0,0.009,0.02,0.04,0.06,0.0861163143579373,340.0,2602.4256825075836,0.08156794395406457,92.61880687563195,20.930232558139537
527,916,202,990,0.0,0.0095,0.02,0.04,0.06,0.08265114636363637,340.0,2598.7454545454543,0.0808310343190187,92.52525252525253,20.404040404040405
528,931,206,1008,0.0,0.009,0.02,0.04,0.06,0.08431322906746032,340.0,2558.4940476190477,0.08099012312390284,92.36111111111111,20.436507936507937
529,930,198,1008,0.0,0.01,0.02,0.04,0.06,0.08431997509920636,340.0,2561.1031746031745,0.08053416158434482,92.26190476190477,19.642857142857142
530,918,197,992,0.0,0.01,0.02,0.04,0.06,0.084871809375,340.0,2596.03125,0.0801985548769999,92.54032258064517,19.858870967741936
531,918,200,995,0.0,0.0095,0.02,0.04,0.06,0.08250435668341707,340.0,2587.3497487437185,0.07981985228030397,92.26130653266331,20.100502512562816
532,910,200,986,0.0,0.0095,0.02,0.04,0.06,0.08495155669371196,340.0,2609.887423935091,0.07981677065308133,92.2920892494929,20.28397565922921
533,922,194,998,0.0,0.01,0.02,0.04,0.06,0.08520594679358717,340.0,2580.0140280561122,0.08027989454403306,92.38476953907816,19.438877755511022
534,921,203,995,0.0,0.0095,0.02,0.04,0.06,0.0853789295477387,340.0,2588.1829145728643,0.08018391851294737,92.56281407035176,20.402010050251256
535,902,195,978,0.0,0.00975,0.02,0.04,0.06,0.08484717269938649,340.0,2635.221881390593,0.08037151652129217,92.22903885480572,19.938650306748464
536,923,196,998,0.0,0.01,0.02,0.04,0.06,0.08620564619238477,340.0,2587.1022044088177,0.08056103547222229,92.48496993987976,19.639278557114228
537,912,206,992,0.0,0.009,0.02,0.04,0.06,0.08673743437499999,340.0,2639.9627016129034,0.07996833488906704,91.93548387096774,20.766129032258064
538,913,208,989,0.0,0.009,0.02,0.04,0.06,0.0850219766430738,340.0,2644.596562184024,0.08044270725833925,92.3154701718908,21.03134479271992
539,895,196,973,0.0,0.0097,0.02,0.04,0.06800000000000068,0.08828431130524152,340.0,2705.5827338129498,0.08044073100142539,91.983556012333,20.14388489208633
540,917,198,995,0.0,0.00995,0.02,0.04,0.06,0.08558420627124322,340.0,2652.4311557788947,0.08046509882599935,92.1608040201005,19.899497487437188
541,909,200,987,0.0,0.0098,0.02,0.04,0.06,0.08715362739603547,340.0,2673.74062816616,0.08131096974943099,92.09726443768997,20.263424518743665
542,927,197,1004,0.0,0.01,0.02,0.04,0.06,0.08296427778884462,340.0,2629.496015936255,0.08082055490422317,92.33067729083665,19.621513944223107
543,901,199,978,0.0,0.0095,0.02,0.04,0.06,0.08671036288343559,340.0,2693.0766871165642,0.08104847901019278,92.12678936605317,20.347648261758692
544,911,195,989,0.0,0.01,0.02,0.04,0.06,0.08746850343781598,340.0,2665.366026289181,0.08161532673493899,92.11324570273003,19.716885743174924
545,899,186,976,0.0,0.01,0.02,0.04,0.065,0.0888910193647541,340.0,2697.3862704918033,0.08165735204648113,92.11065573770492,19.057377049180328
546,925,193,1002,0.0,0.01,0.02,0.04,0.06,0.08525034421157686,340.0,2636.3313373253495,0.08155809476190676,92.31536926147704,19.261477045908183
547,932,207,1010,0.0,0.0095,0.02,0.04,0.06,0.08341676722772277,340.0,2615.4247524752477,0.07979546843681688,92.27722772277228,20.495049504950494
548,934,198,1012,0.0,0.01,0.02,0.04,0.06,0.08821793468379448,340.0,2611.2272727272725,0.08079956118576938,92.29249011857708,19.565217391304348
549,924,202,1002,0.0,0.009925,0.02,0.04,0.06,0.0860503492015968,340.0,2635.1616766467064,0.08046004896923264,92.21556886227546,20.159680638722556
550,928,202,1006,0.0,0.0099,0.02,0.04,0.06,0.0863258796222664,340.0,2623.5109343936383,0.08066161636287669,92.2465208747515,20.07952286282306
551,915,192,994,0.0,0.01,0.02,0.04,0.06,0.08612023665984608,340.0,2654.4557344064388,0.08065631047663789,92.0523138832998,19.3158953722334
552,896,200,972,0.0,0.0095,0.02,0.04,0.06,0.08493215010288066,340.0,2704.3816872427983,0.08086488222200991,92.18106995884774,20.5761316872428
553,914,208,991,0.0,0.009,0.02,0.04,0.06,0.08121729051463168,340.0,2660.1029263370333,0.08061459128185403,92.23007063572149,20.98890010090817
554,908,207,986,0.0,0.009,0.02,0.04,0.06,0.08548470105465213,340.0,2693.3813387423934,0.08166626152597063,92.0892494929006,20.99391480730223
555,892,193,973,0.0,0.0099,0.02,0.04,0.06800000000000068,0.08893966073997944,340.0,2724.269270298047,0.08395767862902768,91.67523124357658,19.835560123329905
556,907,202,988,0.0,0.00965,0.02,0.04,0.07150000000000034,0.09062930151821862,340.0,2689.093117408907,0.08342998983976242,91.80161943319838,20.445344129554655
557,889,186,969,0.0,0.01,0.02,0.04,0.06,0.08833706423104953,340.0,2735.8194014447886,0.08323049770710321,91.74406604747162,19.195046439628484
558,901,199,983,0.0,0.0098,0.02,0.04,0.06,0.08714233493376095,340.0,2701.6826042726348,0.08331591739879693,91.65818921668361,20.2441505595117
559,925,203,1007,0.0,0.009600000000000001,0.02,0.04,0.06,0.08808515382323734,340.0,2642.4200595829197,0.0854285449185287,91.85700099304866,20.158887785501488
560,926,211,1003,0.0,0.009,0.02,0.04,0.06,0.08743951635094716,340.0,2652.7587238285146,0.08472529581549439,92.32303090727817,21.036889332003987
561,902,196,981,0.0,0.01,0.02,0.04,0.06,0.08708637604485218,340.0,2705.282364933741,0.08586194089198997,91.94699286442406,19.9796126401631
562,910,200,987,0.0,0.0098,0.02,0.04,0.06,0.08551057234042553,340.0,2688.852077001013,0.08215746611691645,92.19858156028369,20.263424518743665
563,914,199,996,0.0,0.00965,0.02,0.04,0.06,0.08278424186746988,340.0,2666.9748995983937,0.08201361325901366,91.76706827309236,19.979919678714857
564,889,191,966,0.0,0.01,0.02,0.04,0.06,0.0879687887163561,340.0,2741.4016563146997,0.07956926556320766,92.02898550724638,19.772256728778466
565,921,198,998,0.0,0.01,0.02,0.04,0.06,0.08691396282565131,340.0,2663.2605210420843,0.078551053071424,92.28456913827655,19.839679358717436
566,902,191,981,0.0,0.0099,0.02,0.04,0.06,0.08518221192660551,340.0,2703.585117227319,0.07829944090982531,91.94699286442406,19.469928644240568
567,914,197,991,0.0,0.009600000000000001,0.02,0.04,0.06,0.08465785560040363,340.0,2678.871846619576,0.07850156190993195,92.23007063572149,19.87891019172553
568,896,194,973,0.0,0.0099,0.02,0.04,0.06,0.08471670082219938,340.0,2723.201438848921,0.08135464857097986,92.08633093525181,19.938335046248714
569,908,189,984,0.0,0.01,0.02,0.04,0.06,0.08612962388211381,340.0,2695.2662601626016,0.08142560064493796,92.27642276422763,19.20731707317073
570,899,198,973,0.0,0.0095,0.02,0.04,0.06,0.08926992384378211,340.0,1687.8499486125386,0.08104252474453492,92.39465570400822,20.349434737923946
571,917,205,993,0.0,0.0095,0.02,0.04,0.06,0.08516277532729104,340.0,1657.0825780463242,0.08087319087593675,92.34642497482378,20.644511581067473
572,901,204,976,0.0,0.009,0.02,0.04,0.06,0.08617361772540982,340.0,1682.2756147540983,0.07974389361550399,92.3155737704918,20.901639344262296
573,887,199,959,0.0,0.009,0.02,0.04,0.06,0.08436814483837331,340.0,1704.215849843587,0.07873399384236203,92.49217935349321,20.75078206465068
574,886,200,964,0.0,0.009,0.02,0.04,0.06,0.08640823226141078,340.0,1701.73755186722,0.0791285560789572,91.90871369294605,20.74688796680498
575,898,206,975,0.0,0.009,0.02,0.04,0.06,0.08249849835897437,340.0,1683.4523076923076,0.07873315042864823,92.1025641025641,21.128205128205128
576,882,203,960,0.0,0.009,0.02,0.04,0.06,0.08334941239583334,340.0,1705.33125,0.0788519155189359,91.875,21.145833333333332
577,901,204,977,0.0,0.009,0.02,0.04,0.06,0.08357178700102355,340.0,1678.1862845445241,0.07891569051459628,92.22108495394063,20.880245649948822
578,900,205,976,0.0,0.009,0.02,0.04,0.06,0.08144296711065574,340.0,1660.3565573770493,0.07881474590421393,92.21311475409836,21.00409836065574
579,890,193,963,0.0,0.0098,0.02,0.04,0.06,0.08631178182762202,340.0,1698.8006230529595,0.07849334209329208,92.41952232606438,20.041536863966773
580,886,201,968,0.0,0.009850000000000001,0.02,0.04,0.06,0.08479011973140496,340.0,1694.029958677686,0.07881190027361856,91.52892561983471,20.764462809917354
581,872,203,955,0.0,0.009,0.02,0.04,0.06,0.0846148962303665,340.0,1714.3434554973821,0.07806230145468546,91.30890052356021,21.256544502617803
582,887,204,971,0.0,0.009,0.02,0.04,0.06,0.08305843553038104,340.0,1691.5066941297632,0.07912414341230758,91.3491246138002,21.00926879505664
583,888,205,971,0.0,0.009,0.02,0.04,0.06,0.08440744170957776,340.0,1692.3254376931,0.08030408130191315,91.45211122554068,21.112255406797118
584,888,203,971,0.0,0.01,0.02,0.04,0.06,0.08241446024716786,340.0,1690.4716786817714,0.07652444478299672,91.45211122554068,20.90628218331617
585,895,207,979,0.0,0.0098,0.02,0.04,0.06,0.08496039417773238,340.0,1679.3391215526046,0.07959474168065225,91.41981613891727,21.144024514811033
586,885,198,961,0.0,0.0097,0.02,0.04,0.06,0.08057370020811655,340.0,1683.4526534859522,0.07850089077257046,92.09157127991675,20.60353798126951
587,884,200,960,0.0,0.00965,0.02,0.04,0.06,0.0788030478125,340.0,1709.425,0.0785740050875814,92.08333333333333,20.833333333333336
588,900,199,982,0.0,0.01,0.02,0.04,0.06,0.08278476670061101,340.0,1678.6283095723015,0.0796549951286027,91.64969450101833,20.264765784114054
589,876,187,956,0.0,0.01,0.02,0.04,0.06,0.08564700930962343,340.0,1715.5230125523012,0.07980660166540535,91.63179916317992,19.560669456066947
590,877,190,954,0.0,0.01,0.02,0.04,0.06,0.08748828710691824,340.0,1713.7945492662475,0.07933088444140075,91.9287211740042,19.91614255765199
591,886,196,965,0.0,0.01,0.02,0.04,0.06,0.08412553461139896,340.0,1699.3782383419689,0.07918662036130769,91.81347150259067,20.31088082901554
592,883,203,960,0.0,0.009,0.02,0.04,0.06,0.08605325614583334,340.0,1703.6614583333333,0.07914139166488414,91.97916666666667,21.145833333333332
593,882,202,957,0.0,0.0097,0.02,0.04,0.06,0.0822133394984326,340.0,1691.19644723093,0.07786078398839938,92.16300940438872,21.10762800417973
594,858,191,935,0.0,0.00995,0.02,0.04,0.06,0.08396326299465241,340.0,1721.7272727272727,0.07739694937165169,91.76470588235294,20.427807486631018
595,864,191,940,0.0,0.01,0.02,0.04,0.06,0.07931358074468085,340.0,1735.3882978723404,0.07755766950834223,91.91489361702128,20.319148936170212
596,846,185,922,0.0,0.01,0.02,0.04,0.06,0.08670351507592192,340.0,1761.9490238611713,0.07788417357122555,91.75704989154013,20.065075921908893
597,881,195,954,0.0,0.01,0.02,0.04,0.06,0.0808706036687631,340.0,1713.8050314465409,0.07773362359388988,92.34800838574424,20.440251572327046
598,888,186,958,0.0,0.01,0.02,0.04,0.06,0.08231777233820459,340.0,1706.9770354906054,0.07938367269070502,92.69311064718163,19.41544885177453
599,888,198,963,0.0,0.01,0.02,0.04,0.06,0.08170037995846313,340.0,1680.3831775700935,0.079048217948274,92.21183800623052,20.5607476635514
600,867,202,942,0.0,0.009,0.02,0.04,0.06,0.0826368949044586,340.0,1732.5307855626327,0.08226074520315937,92.03821656050955,21.443736730360936
601,862,190,937,0.0,0.01,0.02,0.04,0.06,0.08638234354322305,340.0,1741.3276414087513,0.08625874029552152,91.9957310565635,20.277481323372466
602,872,196,946,0.0,0.00975,0.02,0.04,0.06,0.08797701469344608,340.0,1726.943974630021,0.08793849762557276,92.17758985200845,20.718816067653275
603,859,187,931,0.0,0.01,0.02,0.04,0.06,0.09065770773361975,340.0,1750.1331901181525,0.08728494693241781,92.26638023630504,20.0859291084855
604,850,183,924,0.0,0.01,0.02,0.04,0.06,0.08799648906926406,340.0,1759.7175324675325,0.08232716564306407,91.991341991342,19.805194805194805
605,876,191,951,0.0,0.01,0.02,0.04,0.06,0.08462729327024185,340.0,1718.93690851735,0.08187089916401508,92.11356466876973,20.084121976866456
606,857,185,931,0.0,0.01,0.02,0.04,0.06,0.08653452298603652,340.0,1750.1063372717508,0.08177982869660722,92.0515574650913,19.87110633727175
607,869,196,941,0.0,0.0095,0.02,0.04,0.06,0.08560587141339002,340.0,1733.2082890541976,0.08477334724482426,92.34856535600426,20.828905419766205
608,851,198,908,0.0,0.009,0.02,0.04,0.06,0.08838453292951541,340.0,1784.965859030837,0.0873810067511237,93.72246696035242,21.80616740088106
609,872,198,932,0.0,0.009,0.02,0.04,0.06,0.08894403530042919,340.0,1746.983905579399,0.09073307155814095,93.56223175965665,21.244635193133046
610,859,198,917,0.0,0.009,0.02,0.04,0.06,0.08979797262813523,340.0,1769.330425299891,0.09043787393331591,93.67502726281353,21.59214830970556
611,859,189,917,0.0,0.0097,0.02,0.04,0.08,0.09261052889858233,340.0,1769.5845147219193,0.08946670518043905,93.67502726281353,20.610687022900763
612,850,185,919,0.0,0.01,0.02,0.04,0.08,0.09325470174102285,340.0,1767.158868335147,0.08804695729844618,92.49183895538629,20.130576713819366
613,855,190,926,0.0,0.01,0.02,0.04,0.07500000000000001,0.09344184665226782,340.0,1757.7041036717062,0.08902698308406795,92.33261339092873,20.518358531317496
614,870,190,942,0.0,0.01,0.02,0.04,0.08,0.09160623237791933,340.0,1730.911889596603,0.08855378159738266,92.35668789808918,20.169851380042463
615,848,186,921,0.0,0.01,0.02,0.04,0.1,0.09148605418023888,340.0,1763.4299674267102,0.08832283179597643,92.07383279044517,20.195439739413683
